<mujoco><mesh file="models/cube/cube_fillet_45.STL" name="cube_fillet_45_normal_3" refquat="1 0 0 0" scale="1.2857142857142856 1.2857142857142856 1.2857142857142856"/>
  <mesh file="models/cylinder_12/cylinder_12_fillet_25.STL" name="cylinder_12_fillet_25_sideways_3" refquat="0.683 -0.683 -0.183 -0.183" scale="1.1142857142857143 1.1142857142857143 1.1142857142857143"/>
  <mesh file="models/cuboid_311/cuboid_311_fillet_15.STL" name="cuboid_311_fillet_15_thinner_1" refquat="1 0 0 0" scale="1.2 0.8 0.8"/>
  <mesh file="models/cylinder_21/cylinder_21_fillet_35.STL" name="cylinder_21_fillet_35_normal_7" refquat="1 0 0 0" scale="0.6857142857142857 0.6857142857142857 0.6857142857142857"/>
  <mesh file="models/cube/cube_fillet_35.STL" name="cube_fillet_35_normal_15" refquat="1 0 0 0" scale="0.6 0.6 0.6"/>
  <mesh file="models/sphere/sphere.STL" name="sphere_normal_53" refquat="1 0 0 0" scale="1.0941176470588234 1.0941176470588234 1.0941176470588234"/>
  <mesh file="models/cylinder_12/cylinder_12_fillet_15.STL" name="cylinder_12_fillet_15_sideways_5" refquat="0.683 -0.683 -0.183 -0.183" scale="1.0285714285714285 1.0285714285714285 1.0285714285714285"/>
  <mesh file="models/cylinder_13/cylinder_13_fillet_5.STL" name="cylinder_13_fillet_5_sideways_15" refquat="0.683 -0.683 -0.183 -0.183" scale="0.6 0.6 0.6"/>
  <mesh file="models/sphere/sphere.STL" name="sphere_normal_81" refquat="1 0 0 0" scale="0.9294117647058823 0.9294117647058823 0.9294117647058823"/>
  <mesh file="models/cuboid_311/cuboid_311_fillet_25.STL" name="cuboid_311_fillet_25_thinner_4" refquat="1 0 0 0" scale="1.2 0.725 0.725"/>
  <mesh file="models/cuboid_311/cuboid_311_fillet_5.STL" name="cuboid_311_fillet_5_normal_4" refquat="1 0 0 0" scale="0.725 0.725 0.725"/>
  <mesh file="models/cylinder_13/cylinder_13_fillet_25.STL" name="cylinder_13_fillet_25_sideways_8" refquat="0.683 -0.683 -0.183 -0.183" scale="0.75 0.75 0.75"/>
  <mesh file="models/cylinder_13/cylinder_13_fillet_15.STL" name="cylinder_13_fillet_15_sideways_14" refquat="0.683 -0.683 -0.183 -0.183" scale="0.6214285714285714 0.6214285714285714 0.6214285714285714"/>
  <mesh file="models/sphere/sphere.STL" name="sphere_normal_41" refquat="1 0 0 0" scale="1.164705882352941 1.164705882352941 1.164705882352941"/>
  <mesh file="models/sphere/sphere.STL" name="sphere_normal_33" refquat="1 0 0 0" scale="1.2117647058823529 1.2117647058823529 1.2117647058823529"/>
  <mesh file="models/sphere/sphere.STL" name="sphere_normal_6" refquat="1 0 0 0" scale="1.3705882352941177 1.3705882352941177 1.3705882352941177"/>
  <mesh file="models/cuboid_321/cuboid_321_fillet_25.STL" name="cuboid_321_fillet_25_normal_4" refquat="0.7071 -0.7071 0 0" scale="0.4625 0.4625 0.4625"/>
  <mesh file="models/cuboid_221/cuboid_221_fillet_45.STL" name="cuboid_221_fillet_45_normal_9" refquat="0.7071 -0.7071 0 0" scale="0.4 0.4 0.4"/>
  <mesh file="models/sphere/sphere.STL" name="sphere_normal_55" refquat="1 0 0 0" scale="1.0823529411764705 1.0823529411764705 1.0823529411764705"/>
  <mesh file="models/sphere/sphere.STL" name="sphere_normal_90" refquat="1 0 0 0" scale="0.876470588235294 0.876470588235294 0.876470588235294"/>
  </mujoco>