<mujoco><mesh file="models/cylinder_12/cylinder_12_fillet_5.STL" name="cylinder_12_fillet_5_sideways_14" refquat="0.683 -0.683 -0.183 -0.183" scale="0.6428571428571428 0.6428571428571428 0.6428571428571428"/>
  <mesh file="models/cylinder_13/cylinder_13_fillet_15.STL" name="cylinder_13_fillet_15_sideways_6" refquat="0.683 -0.683 -0.183 -0.183" scale="0.7928571428571428 0.7928571428571428 0.7928571428571428"/>
  <mesh file="models/cuboid_221/cuboid_221_fillet_25.STL" name="cuboid_221_fillet_25_normal_7" refquat="0.7071 -0.7071 0 0" scale="0.475 0.475 0.475"/>
  <mesh file="models/cylinder_11/cylinder_11_fillet_45.STL" name="cylinder_11_fillet_45_normal_3" refquat="1 0 0 0" scale="1.2999999999999998 1.2999999999999998 1.2999999999999998"/>
  <mesh file="models/cuboid_211/cuboid_211_fillet_15.STL" name="cuboid_211_fillet_15_upright_1" refquat="0.707 0 -0.707 0" scale="0.7 0.7 0.7"/>
  <mesh file="models/cube/cube_fillet_25.STL" name="cube_fillet_25_normal_3" refquat="1 0 0 0" scale="1.2857142857142856 1.2857142857142856 1.2857142857142856"/>
  <mesh file="models/cuboid_221/cuboid_221_fillet_5.STL" name="cuboid_221_fillet_5_normal_5" refquat="0.7071 -0.7071 0 0" scale="0.55 0.55 0.55"/>
  <mesh file="models/cylinder_21/cylinder_21_fillet_25.STL" name="cylinder_21_fillet_25_normal_1" refquat="1 0 0 0" scale="0.9 0.9 0.9"/>
  <mesh file="models/cuboid_211/cuboid_211_fillet_35.STL" name="cuboid_211_fillet_35_normal_3" refquat="1 0 0 0" scale="0.825 0.825 0.825"/>
  <mesh file="models/sphere/sphere.STL" name="sphere_normal_13" refquat="1 0 0 0" scale="1.3294117647058823 1.3294117647058823 1.3294117647058823"/>
  <mesh file="models/cube/cube_fillet_45.STL" name="cube_fillet_45_normal_1" refquat="1 0 0 0" scale="1.4 1.4 1.4"/>
  <mesh file="models/cylinder_21/cylinder_21_fillet_35.STL" name="cylinder_21_fillet_35_normal_6" refquat="1 0 0 0" scale="0.7214285714285715 0.7214285714285715 0.7214285714285715"/>
  <mesh file="models/sphere/sphere.STL" name="sphere_normal_44" refquat="1 0 0 0" scale="1.1470588235294117 1.1470588235294117 1.1470588235294117"/>
  <mesh file="models/cuboid_311/cuboid_311_fillet_5.STL" name="cuboid_311_fillet_5_thinner_5" refquat="1 0 0 0" scale="1.2 0.7 0.7"/>
  <mesh file="models/cylinder_11/cylinder_11_fillet_35.STL" name="cylinder_11_fillet_35_normal_1" refquat="1 0 0 0" scale="1.4 1.4 1.4"/>
  <mesh file="models/cuboid_221/cuboid_221_fillet_45.STL" name="cuboid_221_fillet_45_normal_7" refquat="0.7071 -0.7071 0 0" scale="0.475 0.475 0.475"/>
  <mesh file="models/cube/cube_fillet_45.STL" name="cube_fillet_45_normal_8" refquat="1 0 0 0" scale="1.0 1.0 1.0"/>
  <mesh file="models/sphere/sphere.STL" name="sphere_normal_114" refquat="1 0 0 0" scale="0.7352941176470588 0.7352941176470588 0.7352941176470588"/>
  <mesh file="models/cylinder_21/cylinder_21_fillet_5.STL" name="cylinder_21_fillet_5_normal_1" refquat="1 0 0 0" scale="0.9 0.9 0.9"/>
  <mesh file="models/cylinder_14/cylinder_14_fillet_5.STL" name="cylinder_14_fillet_5_normal_6" refquat="0.683 -0.683 -0.183 -0.183" scale="0.7928571428571428 0.7928571428571428 0.7928571428571428"/>
  </mujoco>