<mujoco><mesh file="models/sphere/sphere.STL" name="sphere_normal_39" refquat="1 0 0 0" scale="1.176470588235294 1.176470588235294 1.176470588235294"/>
  <mesh file="models/cube/cube_fillet_15.STL" name="cube_fillet_15_normal_4" refquat="1 0 0 0" scale="1.2285714285714284 1.2285714285714284 1.2285714285714284"/>
  <mesh file="models/cube/cube_fillet_5.STL" name="cube_fillet_5_normal_7" refquat="1 0 0 0" scale="1.057142857142857 1.057142857142857 1.057142857142857"/>
  <mesh file="models/cuboid_211/cuboid_211_fillet_45.STL" name="cuboid_211_fillet_45_upright_7" refquat="0.707 0 -0.707 0" scale="0.55 0.55 0.55"/>
  <mesh file="models/cuboid_311/cuboid_311_fillet_45.STL" name="cuboid_311_fillet_45_normal_3" refquat="1 0 0 0" scale="0.75 0.75 0.75"/>
  <mesh file="models/cylinder_11/cylinder_11_fillet_35.STL" name="cylinder_11_fillet_35_normal_5" refquat="1 0 0 0" scale="1.2 1.2 1.2"/>
  <mesh file="models/cylinder_21/cylinder_21_fillet_35.STL" name="cylinder_21_fillet_35_normal_1" refquat="1 0 0 0" scale="0.9 0.9 0.9"/>
  <mesh file="models/cube/cube_fillet_5.STL" name="cube_fillet_5_normal_6" refquat="1 0 0 0" scale="1.1142857142857143 1.1142857142857143 1.1142857142857143"/>
  <mesh file="models/cuboid_311/cuboid_311_fillet_35.STL" name="cuboid_311_fillet_35_thinner_2" refquat="1 0 0 0" scale="1.2 0.775 0.775"/>
  <mesh file="models/sphere/sphere.STL" name="sphere_normal_70" refquat="1 0 0 0" scale="0.9941176470588234 0.9941176470588234 0.9941176470588234"/>
  <mesh file="models/cuboid_221/cuboid_221_fillet_25.STL" name="cuboid_221_fillet_25_normal_1" refquat="0.7071 -0.7071 0 0" scale="0.7 0.7 0.7"/>
  <mesh file="models/sphere/sphere.STL" name="sphere_normal_9" refquat="1 0 0 0" scale="1.352941176470588 1.352941176470588 1.352941176470588"/>
  <mesh file="models/cuboid_211/cuboid_211_fillet_15.STL" name="cuboid_211_fillet_15_normal_5" refquat="1 0 0 0" scale="0.75 0.75 0.75"/>
  <mesh file="models/cylinder_11/cylinder_11_fillet_25.STL" name="cylinder_11_fillet_25_normal_14" refquat="1 0 0 0" scale="0.75 0.75 0.75"/>
  <mesh file="models/cylinder_14/cylinder_14_fillet_5.STL" name="cylinder_14_fillet_5_normal_5" refquat="0.683 -0.683 -0.183 -0.183" scale="0.8142857142857143 0.8142857142857143 0.8142857142857143"/>
  <mesh file="models/cylinder_12/cylinder_12_fillet_15.STL" name="cylinder_12_fillet_15_upright_2" refquat="0 -0.01 0 0" scale="0.6928571428571428 0.6928571428571428 0.6928571428571428"/>
  <mesh file="models/cylinder_11/cylinder_11_fillet_15.STL" name="cylinder_11_fillet_15_normal_11" refquat="1 0 0 0" scale="0.8999999999999999 0.8999999999999999 0.8999999999999999"/>
  <mesh file="models/cuboid_211/cuboid_211_fillet_45.STL" name="cuboid_211_fillet_45_normal_1" refquat="1 0 0 0" scale="0.9 0.9 0.9"/>
  <mesh file="models/cylinder_11/cylinder_11_fillet_15.STL" name="cylinder_11_fillet_15_normal_1" refquat="1 0 0 0" scale="1.4 1.4 1.4"/>
  <mesh file="models/cuboid_321/cuboid_321_fillet_15.STL" name="cuboid_321_fillet_15_normal_1" refquat="0.7071 -0.7071 0 0" scale="0.5 0.5 0.5"/>
  </mujoco>