<mujoco><mesh file="models/cuboid_321/cuboid_321_fillet_5.STL" name="cuboid_321_fillet_5_normal_6" refquat="0.7071 -0.7071 0 0" scale="0.4375 0.4375 0.4375"/>
  <mesh file="models/cylinder_12/cylinder_12_fillet_25.STL" name="cylinder_12_fillet_25_upright_10" refquat="0 -0.01 0 0" scale="0.6357142857142857 0.6357142857142857 0.6357142857142857"/>
  <mesh file="models/cylinder_11/cylinder_11_fillet_45.STL" name="cylinder_11_fillet_45_normal_10" refquat="1 0 0 0" scale="0.95 0.95 0.95"/>
  <mesh file="models/sphere/sphere.STL" name="sphere_normal_57" refquat="1 0 0 0" scale="1.0705882352941176 1.0705882352941176 1.0705882352941176"/>
  <mesh file="models/cuboid_221/cuboid_221_fillet_35.STL" name="cuboid_221_fillet_35_normal_3" refquat="0.7071 -0.7071 0 0" scale="0.625 0.625 0.625"/>
  <mesh file="models/cylinder_11/cylinder_11_fillet_25.STL" name="cylinder_11_fillet_25_normal_4" refquat="1 0 0 0" scale="1.25 1.25 1.25"/>
  <mesh file="models/cylinder_11/cylinder_11_fillet_25.STL" name="cylinder_11_fillet_25_normal_13" refquat="1 0 0 0" scale="0.7999999999999999 0.7999999999999999 0.7999999999999999"/>
  <mesh file="models/cylinder_11/cylinder_11_fillet_15.STL" name="cylinder_11_fillet_15_normal_10" refquat="1 0 0 0" scale="0.95 0.95 0.95"/>
  <mesh file="models/cylinder_12/cylinder_12_fillet_25.STL" name="cylinder_12_fillet_25_upright_14" refquat="0 -0.01 0 0" scale="0.6071428571428571 0.6071428571428571 0.6071428571428571"/>
  <mesh file="models/cuboid_211/cuboid_211_fillet_5.STL" name="cuboid_211_fillet_5_normal_8" refquat="1 0 0 0" scale="0.6375 0.6375 0.6375"/>
  <mesh file="models/cuboid_221/cuboid_221_fillet_15.STL" name="cuboid_221_fillet_15_normal_5" refquat="0.7071 -0.7071 0 0" scale="0.55 0.55 0.55"/>
  <mesh file="models/cuboid_311/cuboid_311_fillet_45.STL" name="cuboid_311_fillet_45_normal_8" refquat="1 0 0 0" scale="0.625 0.625 0.625"/>
  <mesh file="models/cylinder_21/cylinder_21_fillet_25.STL" name="cylinder_21_fillet_25_normal_6" refquat="1 0 0 0" scale="0.7214285714285715 0.7214285714285715 0.7214285714285715"/>
  <mesh file="models/cuboid_321/cuboid_321_fillet_35.STL" name="cuboid_321_fillet_35_normal_7" refquat="0.7071 -0.7071 0 0" scale="0.42500000000000004 0.42500000000000004 0.42500000000000004"/>
  <mesh file="models/cuboid_311/cuboid_311_fillet_15.STL" name="cuboid_311_fillet_15_normal_4" refquat="1 0 0 0" scale="0.725 0.725 0.725"/>
  <mesh file="models/cylinder_21/cylinder_21_fillet_5.STL" name="cylinder_21_fillet_5_normal_15" refquat="1 0 0 0" scale="0.4 0.4 0.4"/>
  <mesh file="models/cylinder_13/cylinder_13_fillet_15.STL" name="cylinder_13_fillet_15_sideways_4" refquat="0.683 -0.683 -0.183 -0.183" scale="0.8357142857142857 0.8357142857142857 0.8357142857142857"/>
  <mesh file="models/cuboid_211/cuboid_211_fillet_15.STL" name="cuboid_211_fillet_15_upright_6" refquat="0.707 0 -0.707 0" scale="0.575 0.575 0.575"/>
  <mesh file="models/cube/cube_fillet_5.STL" name="cube_fillet_5_normal_3" refquat="1 0 0 0" scale="1.2857142857142856 1.2857142857142856 1.2857142857142856"/>
  <mesh file="models/cuboid_321/cuboid_321_fillet_5.STL" name="cuboid_321_fillet_5_normal_4" refquat="0.7071 -0.7071 0 0" scale="0.4625 0.4625 0.4625"/>
  </mujoco>