<mujoco><mesh file="models/cylinder_12/cylinder_12_fillet_15.STL" name="cylinder_12_fillet_15_upright_3" refquat="0 -0.01 0 0" scale="0.6857142857142857 0.6857142857142857 0.6857142857142857"/>
  <mesh file="models/cylinder_11/cylinder_11_fillet_45.STL" name="cylinder_11_fillet_45_normal_11" refquat="1 0 0 0" scale="0.8999999999999999 0.8999999999999999 0.8999999999999999"/>
  <mesh file="models/cylinder_14/cylinder_14_fillet_25.STL" name="cylinder_14_fillet_25_normal_3" refquat="0.683 -0.683 -0.183 -0.183" scale="0.8571428571428572 0.8571428571428572 0.8571428571428572"/>
  <mesh file="models/cylinder_21/cylinder_21_fillet_25.STL" name="cylinder_21_fillet_25_normal_5" refquat="1 0 0 0" scale="0.7571428571428571 0.7571428571428571 0.7571428571428571"/>
  <mesh file="models/cylinder_11/cylinder_11_fillet_45.STL" name="cylinder_11_fillet_45_normal_6" refquat="1 0 0 0" scale="1.15 1.15 1.15"/>
  <mesh file="models/sphere/sphere.STL" name="sphere_normal_105" refquat="1 0 0 0" scale="0.7882352941176469 0.7882352941176469 0.7882352941176469"/>
  <mesh file="models/sphere/sphere.STL" name="sphere_normal_109" refquat="1 0 0 0" scale="0.7647058823529411 0.7647058823529411 0.7647058823529411"/>
  <mesh file="models/cylinder_12/cylinder_12_fillet_5.STL" name="cylinder_12_fillet_5_upright_10" refquat="0 -0.01 0 0" scale="0.6357142857142857 0.6357142857142857 0.6357142857142857"/>
  <mesh file="models/sphere/sphere.STL" name="sphere_normal_37" refquat="1 0 0 0" scale="1.188235294117647 1.188235294117647 1.188235294117647"/>
  <mesh file="models/cube/cube_fillet_35.STL" name="cube_fillet_35_normal_13" refquat="1 0 0 0" scale="0.7142857142857142 0.7142857142857142 0.7142857142857142"/>
  <mesh file="models/cylinder_12/cylinder_12_fillet_15.STL" name="cylinder_12_fillet_15_upright_4" refquat="0 -0.01 0 0" scale="0.6785714285714285 0.6785714285714285 0.6785714285714285"/>
  <mesh file="models/cuboid_211/cuboid_211_fillet_25.STL" name="cuboid_211_fillet_25_upright_4" refquat="0.707 0 -0.707 0" scale="0.625 0.625 0.625"/>
  <mesh file="models/cuboid_311/cuboid_311_fillet_15.STL" name="cuboid_311_fillet_15_thinner_8" refquat="1 0 0 0" scale="1.2 0.625 0.625"/>
  <mesh file="models/cuboid_321/cuboid_321_fillet_5.STL" name="cuboid_321_fillet_5_normal_5" refquat="0.7071 -0.7071 0 0" scale="0.45 0.45 0.45"/>
  <mesh file="models/cylinder_14/cylinder_14_fillet_25.STL" name="cylinder_14_fillet_25_normal_11" refquat="0.683 -0.683 -0.183 -0.183" scale="0.6857142857142857 0.6857142857142857 0.6857142857142857"/>
  <mesh file="models/cylinder_21/cylinder_21_fillet_15.STL" name="cylinder_21_fillet_15_normal_6" refquat="1 0 0 0" scale="0.7214285714285715 0.7214285714285715 0.7214285714285715"/>
  <mesh file="models/cylinder_12/cylinder_12_fillet_15.STL" name="cylinder_12_fillet_15_upright_15" refquat="0 -0.01 0 0" scale="0.6 0.6 0.6"/>
  <mesh file="models/cylinder_13/cylinder_13_fillet_5.STL" name="cylinder_13_fillet_5_sideways_3" refquat="0.683 -0.683 -0.183 -0.183" scale="0.8571428571428572 0.8571428571428572 0.8571428571428572"/>
  <mesh file="models/cylinder_14/cylinder_14_fillet_25.STL" name="cylinder_14_fillet_25_normal_12" refquat="0.683 -0.683 -0.183 -0.183" scale="0.6642857142857143 0.6642857142857143 0.6642857142857143"/>
  <mesh file="models/cylinder_21/cylinder_21_fillet_15.STL" name="cylinder_21_fillet_15_normal_3" refquat="1 0 0 0" scale="0.8285714285714286 0.8285714285714286 0.8285714285714286"/>
  </mujoco>