<mujoco><mesh file="models/sphere/sphere.STL" name="sphere_normal_69" refquat="1 0 0 0" scale="0.9999999999999999 0.9999999999999999 0.9999999999999999"/>
  <mesh file="models/cube/cube_fillet_45.STL" name="cube_fillet_45_normal_5" refquat="1 0 0 0" scale="1.1714285714285713 1.1714285714285713 1.1714285714285713"/>
  <mesh file="models/cylinder_11/cylinder_11_fillet_35.STL" name="cylinder_11_fillet_35_normal_6" refquat="1 0 0 0" scale="1.15 1.15 1.15"/>
  <mesh file="models/cylinder_12/cylinder_12_fillet_5.STL" name="cylinder_12_fillet_5_upright_7" refquat="0 -0.01 0 0" scale="0.6571428571428571 0.6571428571428571 0.6571428571428571"/>
  <mesh file="models/cylinder_12/cylinder_12_fillet_15.STL" name="cylinder_12_fillet_15_upright_6" refquat="0 -0.01 0 0" scale="0.6642857142857143 0.6642857142857143 0.6642857142857143"/>
  <mesh file="models/cuboid_211/cuboid_211_fillet_45.STL" name="cuboid_211_fillet_45_normal_3" refquat="1 0 0 0" scale="0.825 0.825 0.825"/>
  <mesh file="models/cube/cube_fillet_45.STL" name="cube_fillet_45_normal_2" refquat="1 0 0 0" scale="1.3428571428571427 1.3428571428571427 1.3428571428571427"/>
  <mesh file="models/cuboid_211/cuboid_211_fillet_35.STL" name="cuboid_211_fillet_35_upright_6" refquat="0.707 0 -0.707 0" scale="0.575 0.575 0.575"/>
  <mesh file="models/sphere/sphere.STL" name="sphere_normal_113" refquat="1 0 0 0" scale="0.7411764705882352 0.7411764705882352 0.7411764705882352"/>
  <mesh file="models/cube/cube_fillet_5.STL" name="cube_fillet_5_normal_15" refquat="1 0 0 0" scale="0.6 0.6 0.6"/>
  <mesh file="models/cube/cube_fillet_25.STL" name="cube_fillet_25_normal_11" refquat="1 0 0 0" scale="0.8285714285714285 0.8285714285714285 0.8285714285714285"/>
  <mesh file="models/cuboid_311/cuboid_311_fillet_15.STL" name="cuboid_311_fillet_15_normal_9" refquat="1 0 0 0" scale="0.6 0.6 0.6"/>
  <mesh file="models/cylinder_12/cylinder_12_fillet_15.STL" name="cylinder_12_fillet_15_sideways_6" refquat="0.683 -0.683 -0.183 -0.183" scale="0.9857142857142857 0.9857142857142857 0.9857142857142857"/>
  <mesh file="models/cuboid_311/cuboid_311_fillet_45.STL" name="cuboid_311_fillet_45_thinner_8" refquat="1 0 0 0" scale="1.2 0.625 0.625"/>
  <mesh file="models/sphere/sphere.STL" name="sphere_normal_111" refquat="1 0 0 0" scale="0.7529411764705881 0.7529411764705881 0.7529411764705881"/>
  <mesh file="models/cylinder_12/cylinder_12_fillet_25.STL" name="cylinder_12_fillet_25_upright_8" refquat="0 -0.01 0 0" scale="0.6499999999999999 0.6499999999999999 0.6499999999999999"/>
  <mesh file="models/sphere/sphere.STL" name="sphere_normal_98" refquat="1 0 0 0" scale="0.8294117647058823 0.8294117647058823 0.8294117647058823"/>
  <mesh file="models/sphere/sphere.STL" name="sphere_normal_77" refquat="1 0 0 0" scale="0.9529411764705882 0.9529411764705882 0.9529411764705882"/>
  <mesh file="models/cuboid_311/cuboid_311_fillet_15.STL" name="cuboid_311_fillet_15_normal_3" refquat="1 0 0 0" scale="0.75 0.75 0.75"/>
  <mesh file="models/cuboid_311/cuboid_311_fillet_35.STL" name="cuboid_311_fillet_35_thinner_4" refquat="1 0 0 0" scale="1.2 0.725 0.725"/>
  </mujoco>