<mujoco><mesh file="models/cube/cube_fillet_5.STL" name="cube_fillet_5_normal_10" refquat="1 0 0 0" scale="0.8857142857142857 0.8857142857142857 0.8857142857142857"/>
  <mesh file="models/cuboid_311/cuboid_311_fillet_35.STL" name="cuboid_311_fillet_35_normal_6" refquat="1 0 0 0" scale="0.675 0.675 0.675"/>
  <mesh file="models/cylinder_12/cylinder_12_fillet_25.STL" name="cylinder_12_fillet_25_upright_4" refquat="0 -0.01 0 0" scale="0.6785714285714285 0.6785714285714285 0.6785714285714285"/>
  <mesh file="models/cylinder_13/cylinder_13_fillet_25.STL" name="cylinder_13_fillet_25_sideways_2" refquat="0.683 -0.683 -0.183 -0.183" scale="0.8785714285714286 0.8785714285714286 0.8785714285714286"/>
  <mesh file="models/sphere/sphere.STL" name="sphere_normal_1" refquat="1 0 0 0" scale="1.4 1.4 1.4"/>
  <mesh file="models/cuboid_321/cuboid_321_fillet_15.STL" name="cuboid_321_fillet_15_normal_3" refquat="0.7071 -0.7071 0 0" scale="0.475 0.475 0.475"/>
  <mesh file="models/cylinder_21/cylinder_21_fillet_35.STL" name="cylinder_21_fillet_35_normal_8" refquat="1 0 0 0" scale="0.65 0.65 0.65"/>
  <mesh file="models/cube/cube_fillet_25.STL" name="cube_fillet_25_normal_2" refquat="1 0 0 0" scale="1.3428571428571427 1.3428571428571427 1.3428571428571427"/>
  <mesh file="models/cylinder_12/cylinder_12_fillet_5.STL" name="cylinder_12_fillet_5_sideways_4" refquat="0.683 -0.683 -0.183 -0.183" scale="1.0714285714285714 1.0714285714285714 1.0714285714285714"/>
  <mesh file="models/cuboid_311/cuboid_311_fillet_25.STL" name="cuboid_311_fillet_25_thinner_6" refquat="1 0 0 0" scale="1.2 0.675 0.675"/>
  <mesh file="models/cuboid_211/cuboid_211_fillet_5.STL" name="cuboid_211_fillet_5_normal_4" refquat="1 0 0 0" scale="0.7875 0.7875 0.7875"/>
  <mesh file="models/cylinder_14/cylinder_14_fillet_25.STL" name="cylinder_14_fillet_25_normal_7" refquat="0.683 -0.683 -0.183 -0.183" scale="0.7714285714285715 0.7714285714285715 0.7714285714285715"/>
  <mesh file="models/cylinder_12/cylinder_12_fillet_15.STL" name="cylinder_12_fillet_15_upright_1" refquat="0 -0.01 0 0" scale="0.7 0.7 0.7"/>
  <mesh file="models/cylinder_14/cylinder_14_fillet_15.STL" name="cylinder_14_fillet_15_normal_6" refquat="0.683 -0.683 -0.183 -0.183" scale="0.7928571428571428 0.7928571428571428 0.7928571428571428"/>
  <mesh file="models/cuboid_311/cuboid_311_fillet_35.STL" name="cuboid_311_fillet_35_thinner_6" refquat="1 0 0 0" scale="1.2 0.675 0.675"/>
  <mesh file="models/cuboid_211/cuboid_211_fillet_15.STL" name="cuboid_211_fillet_15_upright_2" refquat="0.707 0 -0.707 0" scale="0.6749999999999999 0.6749999999999999 0.6749999999999999"/>
  <mesh file="models/cuboid_311/cuboid_311_fillet_45.STL" name="cuboid_311_fillet_45_normal_2" refquat="1 0 0 0" scale="0.775 0.775 0.775"/>
  <mesh file="models/cylinder_12/cylinder_12_fillet_25.STL" name="cylinder_12_fillet_25_upright_2" refquat="0 -0.01 0 0" scale="0.6928571428571428 0.6928571428571428 0.6928571428571428"/>
  <mesh file="models/cylinder_12/cylinder_12_fillet_15.STL" name="cylinder_12_fillet_15_sideways_11" refquat="0.683 -0.683 -0.183 -0.183" scale="0.7714285714285714 0.7714285714285714 0.7714285714285714"/>
  <mesh file="models/sphere/sphere.STL" name="sphere_normal_25" refquat="1 0 0 0" scale="1.2588235294117647 1.2588235294117647 1.2588235294117647"/>
  </mujoco>