<mujoco><mesh file="models/cuboid_211/cuboid_211_fillet_45.STL" name="cuboid_211_fillet_45_normal_8" refquat="1 0 0 0" scale="0.6375 0.6375 0.6375"/>
  <mesh file="models/cylinder_14/cylinder_14_fillet_5.STL" name="cylinder_14_fillet_5_normal_3" refquat="0.683 -0.683 -0.183 -0.183" scale="0.8571428571428572 0.8571428571428572 0.8571428571428572"/>
  <mesh file="models/cylinder_13/cylinder_13_fillet_25.STL" name="cylinder_13_fillet_25_sideways_15" refquat="0.683 -0.683 -0.183 -0.183" scale="0.6 0.6 0.6"/>
  <mesh file="models/cuboid_211/cuboid_211_fillet_45.STL" name="cuboid_211_fillet_45_upright_6" refquat="0.707 0 -0.707 0" scale="0.575 0.575 0.575"/>
  <mesh file="models/cylinder_11/cylinder_11_fillet_15.STL" name="cylinder_11_fillet_15_normal_2" refquat="1 0 0 0" scale="1.3499999999999999 1.3499999999999999 1.3499999999999999"/>
  <mesh file="models/cube/cube_fillet_25.STL" name="cube_fillet_25_normal_4" refquat="1 0 0 0" scale="1.2285714285714284 1.2285714285714284 1.2285714285714284"/>
  <mesh file="models/cylinder_21/cylinder_21_fillet_25.STL" name="cylinder_21_fillet_25_normal_4" refquat="1 0 0 0" scale="0.7928571428571429 0.7928571428571429 0.7928571428571429"/>
  <mesh file="models/cylinder_12/cylinder_12_fillet_5.STL" name="cylinder_12_fillet_5_sideways_6" refquat="0.683 -0.683 -0.183 -0.183" scale="0.9857142857142857 0.9857142857142857 0.9857142857142857"/>
  <mesh file="models/cylinder_11/cylinder_11_fillet_5.STL" name="cylinder_11_fillet_5_normal_4" refquat="1 0 0 0" scale="1.25 1.25 1.25"/>
  <mesh file="models/cylinder_11/cylinder_11_fillet_5.STL" name="cylinder_11_fillet_5_normal_10" refquat="1 0 0 0" scale="0.95 0.95 0.95"/>
  <mesh file="models/cylinder_11/cylinder_11_fillet_5.STL" name="cylinder_11_fillet_5_normal_8" refquat="1 0 0 0" scale="1.0499999999999998 1.0499999999999998 1.0499999999999998"/>
  <mesh file="models/cylinder_21/cylinder_21_fillet_15.STL" name="cylinder_21_fillet_15_normal_12" refquat="1 0 0 0" scale="0.5071428571428571 0.5071428571428571 0.5071428571428571"/>
  <mesh file="models/cuboid_321/cuboid_321_fillet_45.STL" name="cuboid_321_fillet_45_normal_3" refquat="0.7071 -0.7071 0 0" scale="0.475 0.475 0.475"/>
  <mesh file="models/sphere/sphere.STL" name="sphere_normal_62" refquat="1 0 0 0" scale="1.0411764705882351 1.0411764705882351 1.0411764705882351"/>
  <mesh file="models/cuboid_221/cuboid_221_fillet_25.STL" name="cuboid_221_fillet_25_normal_6" refquat="0.7071 -0.7071 0 0" scale="0.5125 0.5125 0.5125"/>
  <mesh file="models/cuboid_221/cuboid_221_fillet_35.STL" name="cuboid_221_fillet_35_normal_5" refquat="0.7071 -0.7071 0 0" scale="0.55 0.55 0.55"/>
  <mesh file="models/cube/cube_fillet_45.STL" name="cube_fillet_45_normal_10" refquat="1 0 0 0" scale="0.8857142857142857 0.8857142857142857 0.8857142857142857"/>
  <mesh file="models/cuboid_211/cuboid_211_fillet_25.STL" name="cuboid_211_fillet_25_upright_7" refquat="0.707 0 -0.707 0" scale="0.55 0.55 0.55"/>
  <mesh file="models/cube/cube_fillet_35.STL" name="cube_fillet_35_normal_14" refquat="1 0 0 0" scale="0.657142857142857 0.657142857142857 0.657142857142857"/>
  <mesh file="models/cylinder_12/cylinder_12_fillet_15.STL" name="cylinder_12_fillet_15_sideways_9" refquat="0.683 -0.683 -0.183 -0.183" scale="0.8571428571428571 0.8571428571428571 0.8571428571428571"/>
  </mujoco>