<mujoco><mesh file="models/cylinder_13/cylinder_13_fillet_15.STL" name="cylinder_13_fillet_15_sideways_5" refquat="0.683 -0.683 -0.183 -0.183" scale="0.8142857142857143 0.8142857142857143 0.8142857142857143"/>
  <mesh file="models/cylinder_21/cylinder_21_fillet_15.STL" name="cylinder_21_fillet_15_normal_9" refquat="1 0 0 0" scale="0.6142857142857143 0.6142857142857143 0.6142857142857143"/>
  <mesh file="models/sphere/sphere.STL" name="sphere_normal_72" refquat="1 0 0 0" scale="0.9823529411764704 0.9823529411764704 0.9823529411764704"/>
  <mesh file="models/cylinder_11/cylinder_11_fillet_25.STL" name="cylinder_11_fillet_25_normal_5" refquat="1 0 0 0" scale="1.2 1.2 1.2"/>
  <mesh file="models/cylinder_13/cylinder_13_fillet_25.STL" name="cylinder_13_fillet_25_sideways_12" refquat="0.683 -0.683 -0.183 -0.183" scale="0.6642857142857143 0.6642857142857143 0.6642857142857143"/>
  <mesh file="models/cuboid_311/cuboid_311_fillet_25.STL" name="cuboid_311_fillet_25_normal_1" refquat="1 0 0 0" scale="0.8 0.8 0.8"/>
  <mesh file="models/sphere/sphere.STL" name="sphere_normal_89" refquat="1 0 0 0" scale="0.8823529411764706 0.8823529411764706 0.8823529411764706"/>
  <mesh file="models/cube/cube_fillet_15.STL" name="cube_fillet_15_normal_15" refquat="1 0 0 0" scale="0.6 0.6 0.6"/>
  <mesh file="models/cylinder_21/cylinder_21_fillet_15.STL" name="cylinder_21_fillet_15_normal_8" refquat="1 0 0 0" scale="0.65 0.65 0.65"/>
  <mesh file="models/cuboid_211/cuboid_211_fillet_35.STL" name="cuboid_211_fillet_35_normal_4" refquat="1 0 0 0" scale="0.7875 0.7875 0.7875"/>
  <mesh file="models/cuboid_311/cuboid_311_fillet_45.STL" name="cuboid_311_fillet_45_normal_4" refquat="1 0 0 0" scale="0.725 0.725 0.725"/>
  <mesh file="models/sphere/sphere.STL" name="sphere_normal_73" refquat="1 0 0 0" scale="0.976470588235294 0.976470588235294 0.976470588235294"/>
  <mesh file="models/cuboid_221/cuboid_221_fillet_15.STL" name="cuboid_221_fillet_15_normal_8" refquat="0.7071 -0.7071 0 0" scale="0.4375 0.4375 0.4375"/>
  <mesh file="models/sphere/sphere.STL" name="sphere_normal_61" refquat="1 0 0 0" scale="1.0470588235294116 1.0470588235294116 1.0470588235294116"/>
  <mesh file="models/sphere/sphere.STL" name="sphere_normal_59" refquat="1 0 0 0" scale="1.0588235294117645 1.0588235294117645 1.0588235294117645"/>
  <mesh file="models/cylinder_12/cylinder_12_fillet_5.STL" name="cylinder_12_fillet_5_upright_13" refquat="0 -0.01 0 0" scale="0.6142857142857143 0.6142857142857143 0.6142857142857143"/>
  <mesh file="models/cuboid_221/cuboid_221_fillet_25.STL" name="cuboid_221_fillet_25_normal_4" refquat="0.7071 -0.7071 0 0" scale="0.5875 0.5875 0.5875"/>
  <mesh file="models/cylinder_12/cylinder_12_fillet_25.STL" name="cylinder_12_fillet_25_upright_7" refquat="0 -0.01 0 0" scale="0.6571428571428571 0.6571428571428571 0.6571428571428571"/>
  <mesh file="models/sphere/sphere.STL" name="sphere_normal_75" refquat="1 0 0 0" scale="0.9647058823529411 0.9647058823529411 0.9647058823529411"/>
  <mesh file="models/cuboid_311/cuboid_311_fillet_5.STL" name="cuboid_311_fillet_5_normal_2" refquat="1 0 0 0" scale="0.775 0.775 0.775"/>
  </mujoco>