<mujoco><mesh file="models/cube/cube_fillet_35.STL" name="cube_fillet_35_normal_6" refquat="1 0 0 0" scale="1.1142857142857143 1.1142857142857143 1.1142857142857143"/>
  <mesh file="models/cuboid_211/cuboid_211_fillet_35.STL" name="cuboid_211_fillet_35_normal_6" refquat="1 0 0 0" scale="0.7125 0.7125 0.7125"/>
  <mesh file="models/cylinder_21/cylinder_21_fillet_5.STL" name="cylinder_21_fillet_5_normal_3" refquat="1 0 0 0" scale="0.8285714285714286 0.8285714285714286 0.8285714285714286"/>
  <mesh file="models/cylinder_12/cylinder_12_fillet_5.STL" name="cylinder_12_fillet_5_upright_12" refquat="0 -0.01 0 0" scale="0.6214285714285714 0.6214285714285714 0.6214285714285714"/>
  <mesh file="models/cuboid_211/cuboid_211_fillet_45.STL" name="cuboid_211_fillet_45_normal_6" refquat="1 0 0 0" scale="0.7125 0.7125 0.7125"/>
  <mesh file="models/cylinder_11/cylinder_11_fillet_45.STL" name="cylinder_11_fillet_45_normal_1" refquat="1 0 0 0" scale="1.4 1.4 1.4"/>
  <mesh file="models/cylinder_14/cylinder_14_fillet_25.STL" name="cylinder_14_fillet_25_normal_4" refquat="0.683 -0.683 -0.183 -0.183" scale="0.8357142857142857 0.8357142857142857 0.8357142857142857"/>
  <mesh file="models/cuboid_211/cuboid_211_fillet_25.STL" name="cuboid_211_fillet_25_upright_9" refquat="0.707 0 -0.707 0" scale="0.5 0.5 0.5"/>
  <mesh file="models/cuboid_311/cuboid_311_fillet_25.STL" name="cuboid_311_fillet_25_normal_9" refquat="1 0 0 0" scale="0.6 0.6 0.6"/>
  <mesh file="models/cube/cube_fillet_45.STL" name="cube_fillet_45_normal_6" refquat="1 0 0 0" scale="1.1142857142857143 1.1142857142857143 1.1142857142857143"/>
  <mesh file="models/cuboid_211/cuboid_211_fillet_15.STL" name="cuboid_211_fillet_15_normal_8" refquat="1 0 0 0" scale="0.6375 0.6375 0.6375"/>
  <mesh file="models/cuboid_211/cuboid_211_fillet_25.STL" name="cuboid_211_fillet_25_upright_1" refquat="0.707 0 -0.707 0" scale="0.7 0.7 0.7"/>
  <mesh file="models/cylinder_21/cylinder_21_fillet_35.STL" name="cylinder_21_fillet_35_normal_12" refquat="1 0 0 0" scale="0.5071428571428571 0.5071428571428571 0.5071428571428571"/>
  <mesh file="models/cuboid_211/cuboid_211_fillet_45.STL" name="cuboid_211_fillet_45_upright_3" refquat="0.707 0 -0.707 0" scale="0.6499999999999999 0.6499999999999999 0.6499999999999999"/>
  <mesh file="models/cylinder_12/cylinder_12_fillet_25.STL" name="cylinder_12_fillet_25_upright_15" refquat="0 -0.01 0 0" scale="0.6 0.6 0.6"/>
  <mesh file="models/cylinder_21/cylinder_21_fillet_5.STL" name="cylinder_21_fillet_5_normal_4" refquat="1 0 0 0" scale="0.7928571428571429 0.7928571428571429 0.7928571428571429"/>
  <mesh file="models/cylinder_11/cylinder_11_fillet_45.STL" name="cylinder_11_fillet_45_normal_12" refquat="1 0 0 0" scale="0.85 0.85 0.85"/>
  <mesh file="models/cylinder_21/cylinder_21_fillet_45.STL" name="cylinder_21_fillet_45_normal_8" refquat="1 0 0 0" scale="0.65 0.65 0.65"/>
  <mesh file="models/cuboid_211/cuboid_211_fillet_15.STL" name="cuboid_211_fillet_15_upright_8" refquat="0.707 0 -0.707 0" scale="0.525 0.525 0.525"/>
  <mesh file="models/cylinder_13/cylinder_13_fillet_25.STL" name="cylinder_13_fillet_25_sideways_13" refquat="0.683 -0.683 -0.183 -0.183" scale="0.6428571428571428 0.6428571428571428 0.6428571428571428"/>
  </mujoco>