<mujoco><mesh file="models/cylinder_12/cylinder_12_fillet_5.STL" name="cylinder_12_fillet_5_upright_14" refquat="0 -0.01 0 0" scale="0.6071428571428571 0.6071428571428571 0.6071428571428571"/>
  <mesh file="models/cube/cube_fillet_15.STL" name="cube_fillet_15_normal_6" refquat="1 0 0 0" scale="1.1142857142857143 1.1142857142857143 1.1142857142857143"/>
  <mesh file="models/sphere/sphere.STL" name="sphere_normal_94" refquat="1 0 0 0" scale="0.8529411764705882 0.8529411764705882 0.8529411764705882"/>
  <mesh file="models/cuboid_211/cuboid_211_fillet_25.STL" name="cuboid_211_fillet_25_normal_5" refquat="1 0 0 0" scale="0.75 0.75 0.75"/>
  <mesh file="models/cylinder_11/cylinder_11_fillet_15.STL" name="cylinder_11_fillet_15_normal_14" refquat="1 0 0 0" scale="0.75 0.75 0.75"/>
  <mesh file="models/cuboid_311/cuboid_311_fillet_35.STL" name="cuboid_311_fillet_35_normal_4" refquat="1 0 0 0" scale="0.725 0.725 0.725"/>
  <mesh file="models/cylinder_12/cylinder_12_fillet_25.STL" name="cylinder_12_fillet_25_sideways_1" refquat="0.683 -0.683 -0.183 -0.183" scale="1.2 1.2 1.2"/>
  <mesh file="models/cylinder_11/cylinder_11_fillet_15.STL" name="cylinder_11_fillet_15_normal_13" refquat="1 0 0 0" scale="0.7999999999999999 0.7999999999999999 0.7999999999999999"/>
  <mesh file="models/cube/cube_fillet_15.STL" name="cube_fillet_15_normal_14" refquat="1 0 0 0" scale="0.657142857142857 0.657142857142857 0.657142857142857"/>
  <mesh file="models/cuboid_311/cuboid_311_fillet_15.STL" name="cuboid_311_fillet_15_thinner_3" refquat="1 0 0 0" scale="1.2 0.75 0.75"/>
  <mesh file="models/cylinder_13/cylinder_13_fillet_5.STL" name="cylinder_13_fillet_5_sideways_7" refquat="0.683 -0.683 -0.183 -0.183" scale="0.7714285714285715 0.7714285714285715 0.7714285714285715"/>
  <mesh file="models/cuboid_321/cuboid_321_fillet_15.STL" name="cuboid_321_fillet_15_normal_5" refquat="0.7071 -0.7071 0 0" scale="0.45 0.45 0.45"/>
  <mesh file="models/cylinder_11/cylinder_11_fillet_35.STL" name="cylinder_11_fillet_35_normal_13" refquat="1 0 0 0" scale="0.7999999999999999 0.7999999999999999 0.7999999999999999"/>
  <mesh file="models/cuboid_311/cuboid_311_fillet_25.STL" name="cuboid_311_fillet_25_thinner_7" refquat="1 0 0 0" scale="1.2 0.65 0.65"/>
  <mesh file="models/cuboid_211/cuboid_211_fillet_25.STL" name="cuboid_211_fillet_25_upright_6" refquat="0.707 0 -0.707 0" scale="0.575 0.575 0.575"/>
  <mesh file="models/cylinder_11/cylinder_11_fillet_5.STL" name="cylinder_11_fillet_5_normal_5" refquat="1 0 0 0" scale="1.2 1.2 1.2"/>
  <mesh file="models/cylinder_21/cylinder_21_fillet_15.STL" name="cylinder_21_fillet_15_normal_2" refquat="1 0 0 0" scale="0.8642857142857143 0.8642857142857143 0.8642857142857143"/>
  <mesh file="models/cuboid_211/cuboid_211_fillet_15.STL" name="cuboid_211_fillet_15_upright_7" refquat="0.707 0 -0.707 0" scale="0.55 0.55 0.55"/>
  <mesh file="models/cuboid_311/cuboid_311_fillet_15.STL" name="cuboid_311_fillet_15_normal_1" refquat="1 0 0 0" scale="0.8 0.8 0.8"/>
  <mesh file="models/sphere/sphere.STL" name="sphere_normal_3" refquat="1 0 0 0" scale="1.388235294117647 1.388235294117647 1.388235294117647"/>
  </mujoco>