<mujoco><mesh file="models/cylinder_11/cylinder_11_fillet_15.STL" name="cylinder_11_fillet_15_normal_12" refquat="1 0 0 0" scale="0.85 0.85 0.85"/>
  <mesh file="models/sphere/sphere.STL" name="sphere_normal_36" refquat="1 0 0 0" scale="1.1941176470588235 1.1941176470588235 1.1941176470588235"/>
  <mesh file="models/cylinder_14/cylinder_14_fillet_5.STL" name="cylinder_14_fillet_5_normal_4" refquat="0.683 -0.683 -0.183 -0.183" scale="0.8357142857142857 0.8357142857142857 0.8357142857142857"/>
  <mesh file="models/sphere/sphere.STL" name="sphere_normal_112" refquat="1 0 0 0" scale="0.7470588235294117 0.7470588235294117 0.7470588235294117"/>
  <mesh file="models/sphere/sphere.STL" name="sphere_normal_64" refquat="1 0 0 0" scale="1.0294117647058822 1.0294117647058822 1.0294117647058822"/>
  <mesh file="models/cuboid_211/cuboid_211_fillet_25.STL" name="cuboid_211_fillet_25_normal_6" refquat="1 0 0 0" scale="0.7125 0.7125 0.7125"/>
  <mesh file="models/cylinder_14/cylinder_14_fillet_5.STL" name="cylinder_14_fillet_5_normal_10" refquat="0.683 -0.683 -0.183 -0.183" scale="0.7071428571428571 0.7071428571428571 0.7071428571428571"/>
  <mesh file="models/cylinder_14/cylinder_14_fillet_5.STL" name="cylinder_14_fillet_5_normal_1" refquat="0.683 -0.683 -0.183 -0.183" scale="0.9 0.9 0.9"/>
  <mesh file="models/cube/cube_fillet_35.STL" name="cube_fillet_35_normal_8" refquat="1 0 0 0" scale="1.0 1.0 1.0"/>
  <mesh file="models/cylinder_13/cylinder_13_fillet_15.STL" name="cylinder_13_fillet_15_sideways_11" refquat="0.683 -0.683 -0.183 -0.183" scale="0.6857142857142857 0.6857142857142857 0.6857142857142857"/>
  <mesh file="models/cuboid_221/cuboid_221_fillet_15.STL" name="cuboid_221_fillet_15_normal_3" refquat="0.7071 -0.7071 0 0" scale="0.625 0.625 0.625"/>
  <mesh file="models/sphere/sphere.STL" name="sphere_normal_49" refquat="1 0 0 0" scale="1.1176470588235294 1.1176470588235294 1.1176470588235294"/>
  <mesh file="models/cube/cube_fillet_15.STL" name="cube_fillet_15_normal_2" refquat="1 0 0 0" scale="1.3428571428571427 1.3428571428571427 1.3428571428571427"/>
  <mesh file="models/cylinder_12/cylinder_12_fillet_5.STL" name="cylinder_12_fillet_5_sideways_2" refquat="0.683 -0.683 -0.183 -0.183" scale="1.157142857142857 1.157142857142857 1.157142857142857"/>
  <mesh file="models/cylinder_13/cylinder_13_fillet_25.STL" name="cylinder_13_fillet_25_sideways_11" refquat="0.683 -0.683 -0.183 -0.183" scale="0.6857142857142857 0.6857142857142857 0.6857142857142857"/>
  <mesh file="models/cuboid_211/cuboid_211_fillet_5.STL" name="cuboid_211_fillet_5_upright_8" refquat="0.707 0 -0.707 0" scale="0.525 0.525 0.525"/>
  <mesh file="models/cuboid_221/cuboid_221_fillet_5.STL" name="cuboid_221_fillet_5_normal_3" refquat="0.7071 -0.7071 0 0" scale="0.625 0.625 0.625"/>
  <mesh file="models/cylinder_12/cylinder_12_fillet_25.STL" name="cylinder_12_fillet_25_sideways_4" refquat="0.683 -0.683 -0.183 -0.183" scale="1.0714285714285714 1.0714285714285714 1.0714285714285714"/>
  <mesh file="models/cylinder_14/cylinder_14_fillet_25.STL" name="cylinder_14_fillet_25_normal_1" refquat="0.683 -0.683 -0.183 -0.183" scale="0.9 0.9 0.9"/>
  <mesh file="models/cylinder_13/cylinder_13_fillet_15.STL" name="cylinder_13_fillet_15_sideways_3" refquat="0.683 -0.683 -0.183 -0.183" scale="0.8571428571428572 0.8571428571428572 0.8571428571428572"/>
  </mujoco>