<mujoco><mesh file="models/cube/cube_fillet_15.STL" name="cube_fillet_15_normal_3" refquat="1 0 0 0" scale="1.2857142857142856 1.2857142857142856 1.2857142857142856"/>
  <mesh file="models/cylinder_21/cylinder_21_fillet_45.STL" name="cylinder_21_fillet_45_normal_2" refquat="1 0 0 0" scale="0.8642857142857143 0.8642857142857143 0.8642857142857143"/>
  <mesh file="models/cuboid_311/cuboid_311_fillet_45.STL" name="cuboid_311_fillet_45_normal_6" refquat="1 0 0 0" scale="0.675 0.675 0.675"/>
  <mesh file="models/cylinder_11/cylinder_11_fillet_5.STL" name="cylinder_11_fillet_5_normal_14" refquat="1 0 0 0" scale="0.75 0.75 0.75"/>
  <mesh file="models/cuboid_311/cuboid_311_fillet_45.STL" name="cuboid_311_fillet_45_normal_5" refquat="1 0 0 0" scale="0.7 0.7 0.7"/>
  <mesh file="models/cylinder_21/cylinder_21_fillet_45.STL" name="cylinder_21_fillet_45_normal_7" refquat="1 0 0 0" scale="0.6857142857142857 0.6857142857142857 0.6857142857142857"/>
  <mesh file="models/cube/cube_fillet_25.STL" name="cube_fillet_25_normal_9" refquat="1 0 0 0" scale="0.9428571428571428 0.9428571428571428 0.9428571428571428"/>
  <mesh file="models/cuboid_221/cuboid_221_fillet_5.STL" name="cuboid_221_fillet_5_normal_2" refquat="0.7071 -0.7071 0 0" scale="0.6625 0.6625 0.6625"/>
  <mesh file="models/cylinder_11/cylinder_11_fillet_25.STL" name="cylinder_11_fillet_25_normal_1" refquat="1 0 0 0" scale="1.4 1.4 1.4"/>
  <mesh file="models/cylinder_14/cylinder_14_fillet_15.STL" name="cylinder_14_fillet_15_normal_12" refquat="0.683 -0.683 -0.183 -0.183" scale="0.6642857142857143 0.6642857142857143 0.6642857142857143"/>
  <mesh file="models/cuboid_311/cuboid_311_fillet_15.STL" name="cuboid_311_fillet_15_thinner_7" refquat="1 0 0 0" scale="1.2 0.65 0.65"/>
  <mesh file="models/sphere/sphere.STL" name="sphere_normal_100" refquat="1 0 0 0" scale="0.8176470588235293 0.8176470588235293 0.8176470588235293"/>
  <mesh file="models/cuboid_211/cuboid_211_fillet_35.STL" name="cuboid_211_fillet_35_normal_5" refquat="1 0 0 0" scale="0.75 0.75 0.75"/>
  <mesh file="models/cuboid_211/cuboid_211_fillet_5.STL" name="cuboid_211_fillet_5_upright_9" refquat="0.707 0 -0.707 0" scale="0.5 0.5 0.5"/>
  <mesh file="models/cylinder_21/cylinder_21_fillet_25.STL" name="cylinder_21_fillet_25_normal_7" refquat="1 0 0 0" scale="0.6857142857142857 0.6857142857142857 0.6857142857142857"/>
  <mesh file="models/cube/cube_fillet_35.STL" name="cube_fillet_35_normal_9" refquat="1 0 0 0" scale="0.9428571428571428 0.9428571428571428 0.9428571428571428"/>
  <mesh file="models/cylinder_12/cylinder_12_fillet_15.STL" name="cylinder_12_fillet_15_sideways_12" refquat="0.683 -0.683 -0.183 -0.183" scale="0.7285714285714285 0.7285714285714285 0.7285714285714285"/>
  <mesh file="models/cuboid_321/cuboid_321_fillet_15.STL" name="cuboid_321_fillet_15_normal_4" refquat="0.7071 -0.7071 0 0" scale="0.4625 0.4625 0.4625"/>
  <mesh file="models/sphere/sphere.STL" name="sphere_normal_87" refquat="1 0 0 0" scale="0.8941176470588235 0.8941176470588235 0.8941176470588235"/>
  <mesh file="models/cylinder_21/cylinder_21_fillet_45.STL" name="cylinder_21_fillet_45_normal_9" refquat="1 0 0 0" scale="0.6142857142857143 0.6142857142857143 0.6142857142857143"/>
  </mujoco>