<mujoco><mesh file="models/cuboid_321/cuboid_321_fillet_35.STL" name="cuboid_321_fillet_35_normal_9" refquat="0.7071 -0.7071 0 0" scale="0.4 0.4 0.4"/>
  <mesh file="models/cuboid_211/cuboid_211_fillet_5.STL" name="cuboid_211_fillet_5_normal_6" refquat="1 0 0 0" scale="0.7125 0.7125 0.7125"/>
  <mesh file="models/cuboid_321/cuboid_321_fillet_45.STL" name="cuboid_321_fillet_45_normal_1" refquat="0.7071 -0.7071 0 0" scale="0.5 0.5 0.5"/>
  <mesh file="models/cylinder_21/cylinder_21_fillet_45.STL" name="cylinder_21_fillet_45_normal_11" refquat="1 0 0 0" scale="0.5428571428571429 0.5428571428571429 0.5428571428571429"/>
  <mesh file="models/cube/cube_fillet_15.STL" name="cube_fillet_15_normal_7" refquat="1 0 0 0" scale="1.057142857142857 1.057142857142857 1.057142857142857"/>
  <mesh file="models/sphere/sphere.STL" name="sphere_normal_106" refquat="1 0 0 0" scale="0.7823529411764705 0.7823529411764705 0.7823529411764705"/>
  <mesh file="models/cylinder_13/cylinder_13_fillet_5.STL" name="cylinder_13_fillet_5_sideways_13" refquat="0.683 -0.683 -0.183 -0.183" scale="0.6428571428571428 0.6428571428571428 0.6428571428571428"/>
  <mesh file="models/sphere/sphere.STL" name="sphere_normal_117" refquat="1 0 0 0" scale="0.7176470588235293 0.7176470588235293 0.7176470588235293"/>
  <mesh file="models/sphere/sphere.STL" name="sphere_normal_71" refquat="1 0 0 0" scale="0.988235294117647 0.988235294117647 0.988235294117647"/>
  <mesh file="models/cuboid_311/cuboid_311_fillet_15.STL" name="cuboid_311_fillet_15_thinner_6" refquat="1 0 0 0" scale="1.2 0.675 0.675"/>
  <mesh file="models/cuboid_311/cuboid_311_fillet_15.STL" name="cuboid_311_fillet_15_normal_8" refquat="1 0 0 0" scale="0.625 0.625 0.625"/>
  <mesh file="models/sphere/sphere.STL" name="sphere_normal_21" refquat="1 0 0 0" scale="1.2823529411764705 1.2823529411764705 1.2823529411764705"/>
  <mesh file="models/cylinder_13/cylinder_13_fillet_25.STL" name="cylinder_13_fillet_25_sideways_10" refquat="0.683 -0.683 -0.183 -0.183" scale="0.7071428571428571 0.7071428571428571 0.7071428571428571"/>
  <mesh file="models/cylinder_14/cylinder_14_fillet_5.STL" name="cylinder_14_fillet_5_normal_2" refquat="0.683 -0.683 -0.183 -0.183" scale="0.8785714285714286 0.8785714285714286 0.8785714285714286"/>
  <mesh file="models/sphere/sphere.STL" name="sphere_normal_67" refquat="1 0 0 0" scale="1.011764705882353 1.011764705882353 1.011764705882353"/>
  <mesh file="models/cuboid_311/cuboid_311_fillet_5.STL" name="cuboid_311_fillet_5_thinner_3" refquat="1 0 0 0" scale="1.2 0.75 0.75"/>
  <mesh file="models/cuboid_221/cuboid_221_fillet_45.STL" name="cuboid_221_fillet_45_normal_3" refquat="0.7071 -0.7071 0 0" scale="0.625 0.625 0.625"/>
  <mesh file="models/cylinder_21/cylinder_21_fillet_25.STL" name="cylinder_21_fillet_25_normal_9" refquat="1 0 0 0" scale="0.6142857142857143 0.6142857142857143 0.6142857142857143"/>
  <mesh file="models/cuboid_221/cuboid_221_fillet_15.STL" name="cuboid_221_fillet_15_normal_9" refquat="0.7071 -0.7071 0 0" scale="0.4 0.4 0.4"/>
  <mesh file="models/cylinder_21/cylinder_21_fillet_25.STL" name="cylinder_21_fillet_25_normal_8" refquat="1 0 0 0" scale="0.65 0.65 0.65"/>
  </mujoco>