<mujoco><mesh file="models/cylinder_12/cylinder_12_fillet_5.STL" name="cylinder_12_fillet_5_upright_1" refquat="0 -0.01 0 0" scale="0.7 0.7 0.7"/>
  <mesh file="models/sphere/sphere.STL" name="sphere_normal_38" refquat="1 0 0 0" scale="1.1823529411764704 1.1823529411764704 1.1823529411764704"/>
  <mesh file="models/cuboid_321/cuboid_321_fillet_5.STL" name="cuboid_321_fillet_5_normal_7" refquat="0.7071 -0.7071 0 0" scale="0.42500000000000004 0.42500000000000004 0.42500000000000004"/>
  <mesh file="models/cuboid_311/cuboid_311_fillet_25.STL" name="cuboid_311_fillet_25_thinner_1" refquat="1 0 0 0" scale="1.2 0.8 0.8"/>
  <mesh file="models/cuboid_221/cuboid_221_fillet_35.STL" name="cuboid_221_fillet_35_normal_6" refquat="0.7071 -0.7071 0 0" scale="0.5125 0.5125 0.5125"/>
  <mesh file="models/cylinder_11/cylinder_11_fillet_25.STL" name="cylinder_11_fillet_25_normal_12" refquat="1 0 0 0" scale="0.85 0.85 0.85"/>
  <mesh file="models/cuboid_311/cuboid_311_fillet_35.STL" name="cuboid_311_fillet_35_normal_2" refquat="1 0 0 0" scale="0.775 0.775 0.775"/>
  <mesh file="models/cylinder_13/cylinder_13_fillet_5.STL" name="cylinder_13_fillet_5_sideways_6" refquat="0.683 -0.683 -0.183 -0.183" scale="0.7928571428571428 0.7928571428571428 0.7928571428571428"/>
  <mesh file="models/cylinder_11/cylinder_11_fillet_45.STL" name="cylinder_11_fillet_45_normal_7" refquat="1 0 0 0" scale="1.0999999999999999 1.0999999999999999 1.0999999999999999"/>
  <mesh file="models/cuboid_311/cuboid_311_fillet_25.STL" name="cuboid_311_fillet_25_thinner_3" refquat="1 0 0 0" scale="1.2 0.75 0.75"/>
  <mesh file="models/cuboid_211/cuboid_211_fillet_35.STL" name="cuboid_211_fillet_35_upright_9" refquat="0.707 0 -0.707 0" scale="0.5 0.5 0.5"/>
  <mesh file="models/sphere/sphere.STL" name="sphere_normal_17" refquat="1 0 0 0" scale="1.3058823529411763 1.3058823529411763 1.3058823529411763"/>
  <mesh file="models/cuboid_221/cuboid_221_fillet_35.STL" name="cuboid_221_fillet_35_normal_9" refquat="0.7071 -0.7071 0 0" scale="0.4 0.4 0.4"/>
  <mesh file="models/sphere/sphere.STL" name="sphere_normal_29" refquat="1 0 0 0" scale="1.2352941176470587 1.2352941176470587 1.2352941176470587"/>
  <mesh file="models/cube/cube_fillet_5.STL" name="cube_fillet_5_normal_2" refquat="1 0 0 0" scale="1.3428571428571427 1.3428571428571427 1.3428571428571427"/>
  <mesh file="models/sphere/sphere.STL" name="sphere_normal_47" refquat="1 0 0 0" scale="1.1294117647058823 1.1294117647058823 1.1294117647058823"/>
  <mesh file="models/cylinder_21/cylinder_21_fillet_25.STL" name="cylinder_21_fillet_25_normal_11" refquat="1 0 0 0" scale="0.5428571428571429 0.5428571428571429 0.5428571428571429"/>
  <mesh file="models/cuboid_321/cuboid_321_fillet_25.STL" name="cuboid_321_fillet_25_normal_2" refquat="0.7071 -0.7071 0 0" scale="0.4875 0.4875 0.4875"/>
  <mesh file="models/cylinder_21/cylinder_21_fillet_45.STL" name="cylinder_21_fillet_45_normal_5" refquat="1 0 0 0" scale="0.7571428571428571 0.7571428571428571 0.7571428571428571"/>
  <mesh file="models/cylinder_12/cylinder_12_fillet_15.STL" name="cylinder_12_fillet_15_sideways_15" refquat="0.683 -0.683 -0.183 -0.183" scale="0.6 0.6 0.6"/>
  </mujoco>