<mujoco><mesh file="models/cylinder_11/cylinder_11_fillet_15.STL" name="cylinder_11_fillet_15_normal_7" refquat="1 0 0 0" scale="1.0999999999999999 1.0999999999999999 1.0999999999999999"/>
  <mesh file="models/cuboid_211/cuboid_211_fillet_35.STL" name="cuboid_211_fillet_35_normal_8" refquat="1 0 0 0" scale="0.6375 0.6375 0.6375"/>
  <mesh file="models/cylinder_12/cylinder_12_fillet_5.STL" name="cylinder_12_fillet_5_upright_5" refquat="0 -0.01 0 0" scale="0.6714285714285714 0.6714285714285714 0.6714285714285714"/>
  <mesh file="models/cube/cube_fillet_25.STL" name="cube_fillet_25_normal_10" refquat="1 0 0 0" scale="0.8857142857142857 0.8857142857142857 0.8857142857142857"/>
  <mesh file="models/cuboid_211/cuboid_211_fillet_5.STL" name="cuboid_211_fillet_5_normal_2" refquat="1 0 0 0" scale="0.8625 0.8625 0.8625"/>
  <mesh file="models/cylinder_21/cylinder_21_fillet_5.STL" name="cylinder_21_fillet_5_normal_5" refquat="1 0 0 0" scale="0.7571428571428571 0.7571428571428571 0.7571428571428571"/>
  <mesh file="models/cuboid_311/cuboid_311_fillet_15.STL" name="cuboid_311_fillet_15_normal_7" refquat="1 0 0 0" scale="0.65 0.65 0.65"/>
  <mesh file="models/sphere/sphere.STL" name="sphere_normal_54" refquat="1 0 0 0" scale="1.088235294117647 1.088235294117647 1.088235294117647"/>
  <mesh file="models/cylinder_11/cylinder_11_fillet_35.STL" name="cylinder_11_fillet_35_normal_15" refquat="1 0 0 0" scale="0.7 0.7 0.7"/>
  <mesh file="models/cuboid_311/cuboid_311_fillet_35.STL" name="cuboid_311_fillet_35_normal_7" refquat="1 0 0 0" scale="0.65 0.65 0.65"/>
  <mesh file="models/cuboid_211/cuboid_211_fillet_5.STL" name="cuboid_211_fillet_5_upright_7" refquat="0.707 0 -0.707 0" scale="0.55 0.55 0.55"/>
  <mesh file="models/cuboid_311/cuboid_311_fillet_5.STL" name="cuboid_311_fillet_5_normal_5" refquat="1 0 0 0" scale="0.7 0.7 0.7"/>
  <mesh file="models/cylinder_11/cylinder_11_fillet_15.STL" name="cylinder_11_fillet_15_normal_8" refquat="1 0 0 0" scale="1.0499999999999998 1.0499999999999998 1.0499999999999998"/>
  <mesh file="models/cylinder_11/cylinder_11_fillet_5.STL" name="cylinder_11_fillet_5_normal_6" refquat="1 0 0 0" scale="1.15 1.15 1.15"/>
  <mesh file="models/cuboid_221/cuboid_221_fillet_45.STL" name="cuboid_221_fillet_45_normal_6" refquat="0.7071 -0.7071 0 0" scale="0.5125 0.5125 0.5125"/>
  <mesh file="models/cylinder_14/cylinder_14_fillet_15.STL" name="cylinder_14_fillet_15_normal_1" refquat="0.683 -0.683 -0.183 -0.183" scale="0.9 0.9 0.9"/>
  <mesh file="models/cuboid_311/cuboid_311_fillet_15.STL" name="cuboid_311_fillet_15_thinner_4" refquat="1 0 0 0" scale="1.2 0.725 0.725"/>
  <mesh file="models/cuboid_321/cuboid_321_fillet_45.STL" name="cuboid_321_fillet_45_normal_9" refquat="0.7071 -0.7071 0 0" scale="0.4 0.4 0.4"/>
  <mesh file="models/cylinder_21/cylinder_21_fillet_5.STL" name="cylinder_21_fillet_5_normal_12" refquat="1 0 0 0" scale="0.5071428571428571 0.5071428571428571 0.5071428571428571"/>
  <mesh file="models/cylinder_12/cylinder_12_fillet_25.STL" name="cylinder_12_fillet_25_upright_5" refquat="0 -0.01 0 0" scale="0.6714285714285714 0.6714285714285714 0.6714285714285714"/>
  </mujoco>