<mujoco><mesh file="models/cylinder_11/cylinder_11_fillet_25.STL" name="cylinder_11_fillet_25_normal_9" refquat="1 0 0 0" scale="1.0 1.0 1.0"/>
  <mesh file="models/cuboid_321/cuboid_321_fillet_5.STL" name="cuboid_321_fillet_5_normal_8" refquat="0.7071 -0.7071 0 0" scale="0.41250000000000003 0.41250000000000003 0.41250000000000003"/>
  <mesh file="models/sphere/sphere.STL" name="sphere_normal_45" refquat="1 0 0 0" scale="1.1411764705882352 1.1411764705882352 1.1411764705882352"/>
  <mesh file="models/sphere/sphere.STL" name="sphere_normal_108" refquat="1 0 0 0" scale="0.7705882352941176 0.7705882352941176 0.7705882352941176"/>
  <mesh file="models/cube/cube_fillet_45.STL" name="cube_fillet_45_normal_4" refquat="1 0 0 0" scale="1.2285714285714284 1.2285714285714284 1.2285714285714284"/>
  <mesh file="models/cylinder_12/cylinder_12_fillet_15.STL" name="cylinder_12_fillet_15_upright_14" refquat="0 -0.01 0 0" scale="0.6071428571428571 0.6071428571428571 0.6071428571428571"/>
  <mesh file="models/cylinder_13/cylinder_13_fillet_5.STL" name="cylinder_13_fillet_5_sideways_9" refquat="0.683 -0.683 -0.183 -0.183" scale="0.7285714285714285 0.7285714285714285 0.7285714285714285"/>
  <mesh file="models/cuboid_311/cuboid_311_fillet_35.STL" name="cuboid_311_fillet_35_thinner_8" refquat="1 0 0 0" scale="1.2 0.625 0.625"/>
  <mesh file="models/cylinder_14/cylinder_14_fillet_15.STL" name="cylinder_14_fillet_15_normal_7" refquat="0.683 -0.683 -0.183 -0.183" scale="0.7714285714285715 0.7714285714285715 0.7714285714285715"/>
  <mesh file="models/cylinder_12/cylinder_12_fillet_5.STL" name="cylinder_12_fillet_5_upright_3" refquat="0 -0.01 0 0" scale="0.6857142857142857 0.6857142857142857 0.6857142857142857"/>
  <mesh file="models/cuboid_221/cuboid_221_fillet_25.STL" name="cuboid_221_fillet_25_normal_2" refquat="0.7071 -0.7071 0 0" scale="0.6625 0.6625 0.6625"/>
  <mesh file="models/cube/cube_fillet_25.STL" name="cube_fillet_25_normal_14" refquat="1 0 0 0" scale="0.657142857142857 0.657142857142857 0.657142857142857"/>
  <mesh file="models/cuboid_211/cuboid_211_fillet_15.STL" name="cuboid_211_fillet_15_normal_3" refquat="1 0 0 0" scale="0.825 0.825 0.825"/>
  <mesh file="models/cuboid_311/cuboid_311_fillet_15.STL" name="cuboid_311_fillet_15_normal_6" refquat="1 0 0 0" scale="0.675 0.675 0.675"/>
  <mesh file="models/sphere/sphere.STL" name="sphere_normal_34" refquat="1 0 0 0" scale="1.2058823529411764 1.2058823529411764 1.2058823529411764"/>
  <mesh file="models/cylinder_11/cylinder_11_fillet_5.STL" name="cylinder_11_fillet_5_normal_11" refquat="1 0 0 0" scale="0.8999999999999999 0.8999999999999999 0.8999999999999999"/>
  <mesh file="models/cylinder_13/cylinder_13_fillet_25.STL" name="cylinder_13_fillet_25_sideways_4" refquat="0.683 -0.683 -0.183 -0.183" scale="0.8357142857142857 0.8357142857142857 0.8357142857142857"/>
  <mesh file="models/cuboid_311/cuboid_311_fillet_5.STL" name="cuboid_311_fillet_5_thinner_4" refquat="1 0 0 0" scale="1.2 0.725 0.725"/>
  <mesh file="models/sphere/sphere.STL" name="sphere_normal_15" refquat="1 0 0 0" scale="1.3176470588235294 1.3176470588235294 1.3176470588235294"/>
  <mesh file="models/cylinder_21/cylinder_21_fillet_15.STL" name="cylinder_21_fillet_15_normal_13" refquat="1 0 0 0" scale="0.4714285714285715 0.4714285714285715 0.4714285714285715"/>
  </mujoco>