<mujoco><mesh file="models/cuboid_211/cuboid_211_fillet_45.STL" name="cuboid_211_fillet_45_normal_4" refquat="1 0 0 0" scale="0.7875 0.7875 0.7875"/>
  <mesh file="models/cube/cube_fillet_35.STL" name="cube_fillet_35_normal_10" refquat="1 0 0 0" scale="0.8857142857142857 0.8857142857142857 0.8857142857142857"/>
  <mesh file="models/cuboid_221/cuboid_221_fillet_5.STL" name="cuboid_221_fillet_5_normal_9" refquat="0.7071 -0.7071 0 0" scale="0.4 0.4 0.4"/>
  <mesh file="models/sphere/sphere.STL" name="sphere_normal_48" refquat="1 0 0 0" scale="1.1235294117647059 1.1235294117647059 1.1235294117647059"/>
  <mesh file="models/cylinder_14/cylinder_14_fillet_5.STL" name="cylinder_14_fillet_5_normal_13" refquat="0.683 -0.683 -0.183 -0.183" scale="0.6428571428571428 0.6428571428571428 0.6428571428571428"/>
  <mesh file="models/cuboid_311/cuboid_311_fillet_35.STL" name="cuboid_311_fillet_35_thinner_5" refquat="1 0 0 0" scale="1.2 0.7 0.7"/>
  <mesh file="models/sphere/sphere.STL" name="sphere_normal_119" refquat="1 0 0 0" scale="0.7058823529411764 0.7058823529411764 0.7058823529411764"/>
  <mesh file="models/cylinder_11/cylinder_11_fillet_5.STL" name="cylinder_11_fillet_5_normal_3" refquat="1 0 0 0" scale="1.2999999999999998 1.2999999999999998 1.2999999999999998"/>
  <mesh file="models/cylinder_12/cylinder_12_fillet_5.STL" name="cylinder_12_fillet_5_upright_9" refquat="0 -0.01 0 0" scale="0.6428571428571428 0.6428571428571428 0.6428571428571428"/>
  <mesh file="models/cylinder_21/cylinder_21_fillet_5.STL" name="cylinder_21_fillet_5_normal_6" refquat="1 0 0 0" scale="0.7214285714285715 0.7214285714285715 0.7214285714285715"/>
  <mesh file="models/cylinder_12/cylinder_12_fillet_25.STL" name="cylinder_12_fillet_25_sideways_15" refquat="0.683 -0.683 -0.183 -0.183" scale="0.6 0.6 0.6"/>
  <mesh file="models/cylinder_13/cylinder_13_fillet_25.STL" name="cylinder_13_fillet_25_sideways_14" refquat="0.683 -0.683 -0.183 -0.183" scale="0.6214285714285714 0.6214285714285714 0.6214285714285714"/>
  <mesh file="models/sphere/sphere.STL" name="sphere_normal_35" refquat="1 0 0 0" scale="1.2 1.2 1.2"/>
  <mesh file="models/sphere/sphere.STL" name="sphere_normal_7" refquat="1 0 0 0" scale="1.364705882352941 1.364705882352941 1.364705882352941"/>
  <mesh file="models/sphere/sphere.STL" name="sphere_normal_92" refquat="1 0 0 0" scale="0.8647058823529411 0.8647058823529411 0.8647058823529411"/>
  <mesh file="models/cuboid_211/cuboid_211_fillet_35.STL" name="cuboid_211_fillet_35_upright_4" refquat="0.707 0 -0.707 0" scale="0.625 0.625 0.625"/>
  <mesh file="models/cuboid_321/cuboid_321_fillet_45.STL" name="cuboid_321_fillet_45_normal_5" refquat="0.7071 -0.7071 0 0" scale="0.45 0.45 0.45"/>
  <mesh file="models/sphere/sphere.STL" name="sphere_normal_82" refquat="1 0 0 0" scale="0.9235294117647058 0.9235294117647058 0.9235294117647058"/>
  <mesh file="models/sphere/sphere.STL" name="sphere_normal_66" refquat="1 0 0 0" scale="1.0176470588235293 1.0176470588235293 1.0176470588235293"/>
  <mesh file="models/sphere/sphere.STL" name="sphere_normal_97" refquat="1 0 0 0" scale="0.8352941176470587 0.8352941176470587 0.8352941176470587"/>
  </mujoco>