<mujoco><mesh file="models/cylinder_14/cylinder_14_fillet_5.STL" name="cylinder_14_fillet_5_normal_14" refquat="0.683 -0.683 -0.183 -0.183" scale="0.6214285714285714 0.6214285714285714 0.6214285714285714"/>
  <mesh file="models/cylinder_11/cylinder_11_fillet_45.STL" name="cylinder_11_fillet_45_normal_11" refquat="1 0 0 0" scale="0.8999999999999999 0.8999999999999999 0.8999999999999999"/>
  <mesh file="models/cylinder_21/cylinder_21_fillet_5.STL" name="cylinder_21_fillet_5_normal_12" refquat="1 0 0 0" scale="0.5071428571428571 0.5071428571428571 0.5071428571428571"/>
  <mesh file="models/cube/cube_fillet_35.STL" name="cube_fillet_35_normal_13" refquat="1 0 0 0" scale="0.7142857142857142 0.7142857142857142 0.7142857142857142"/>
  <mesh file="models/cylinder_21/cylinder_21_fillet_45.STL" name="cylinder_21_fillet_45_normal_11" refquat="1 0 0 0" scale="0.5428571428571429 0.5428571428571429 0.5428571428571429"/>
  <mesh file="models/cylinder_21/cylinder_21_fillet_15.STL" name="cylinder_21_fillet_15_normal_2" refquat="1 0 0 0" scale="0.8642857142857143 0.8642857142857143 0.8642857142857143"/>
  <mesh file="models/cylinder_11/cylinder_11_fillet_45.STL" name="cylinder_11_fillet_45_normal_1" refquat="1 0 0 0" scale="1.4 1.4 1.4"/>
  <mesh file="models/cylinder_14/cylinder_14_fillet_15.STL" name="cylinder_14_fillet_15_normal_6" refquat="0.683 -0.683 -0.183 -0.183" scale="0.7928571428571428 0.7928571428571428 0.7928571428571428"/>
  <mesh file="models/cylinder_11/cylinder_11_fillet_35.STL" name="cylinder_11_fillet_35_normal_10" refquat="1 0 0 0" scale="0.95 0.95 0.95"/>
  <mesh file="models/cylinder_12/cylinder_12_fillet_15.STL" name="cylinder_12_fillet_15_sideways_7" refquat="0.683 -0.683 -0.183 -0.183" scale="0.9428571428571428 0.9428571428571428 0.9428571428571428"/>
  <mesh file="models/cylinder_11/cylinder_11_fillet_45.STL" name="cylinder_11_fillet_45_normal_5" refquat="1 0 0 0" scale="1.2 1.2 1.2"/>
  <mesh file="models/cylinder_11/cylinder_11_fillet_5.STL" name="cylinder_11_fillet_5_normal_7" refquat="1 0 0 0" scale="1.0999999999999999 1.0999999999999999 1.0999999999999999"/>
  <mesh file="models/cube/cube_fillet_35.STL" name="cube_fillet_35_normal_1" refquat="1 0 0 0" scale="1.4 1.4 1.4"/>
  <mesh file="models/cylinder_12/cylinder_12_fillet_15.STL" name="cylinder_12_fillet_15_sideways_14" refquat="0.683 -0.683 -0.183 -0.183" scale="0.6428571428571428 0.6428571428571428 0.6428571428571428"/>
  <mesh file="models/cube/cube_fillet_25.STL" name="cube_fillet_25_normal_10" refquat="1 0 0 0" scale="0.8857142857142857 0.8857142857142857 0.8857142857142857"/>
  <mesh file="models/cube/cube_fillet_45.STL" name="cube_fillet_45_normal_11" refquat="1 0 0 0" scale="0.8285714285714285 0.8285714285714285 0.8285714285714285"/>
  <mesh file="models/cube/cube_fillet_45.STL" name="cube_fillet_45_normal_7" refquat="1 0 0 0" scale="1.057142857142857 1.057142857142857 1.057142857142857"/>
  <mesh file="models/cylinder_21/cylinder_21_fillet_15.STL" name="cylinder_21_fillet_15_normal_14" refquat="1 0 0 0" scale="0.4357142857142858 0.4357142857142858 0.4357142857142858"/>
  <mesh file="models/cylinder_14/cylinder_14_fillet_25.STL" name="cylinder_14_fillet_25_normal_6" refquat="0.683 -0.683 -0.183 -0.183" scale="0.7928571428571428 0.7928571428571428 0.7928571428571428"/>
  <mesh file="models/cylinder_11/cylinder_11_fillet_15.STL" name="cylinder_11_fillet_15_normal_13" refquat="1 0 0 0" scale="0.7999999999999999 0.7999999999999999 0.7999999999999999"/>
  </mujoco>