<mujoco><mesh file="models/cylinder_12/cylinder_12_fillet_5.STL" name="cylinder_12_fillet_5_upright_10" refquat="0 -0.01 0 0" scale="0.6357142857142857 0.6357142857142857 0.6357142857142857"/>
  <mesh file="models/cylinder_11/cylinder_11_fillet_15.STL" name="cylinder_11_fillet_15_normal_11" refquat="1 0 0 0" scale="0.8999999999999999 0.8999999999999999 0.8999999999999999"/>
  <mesh file="models/cylinder_21/cylinder_21_fillet_5.STL" name="cylinder_21_fillet_5_normal_4" refquat="1 0 0 0" scale="0.7928571428571429 0.7928571428571429 0.7928571428571429"/>
  <mesh file="models/cylinder_12/cylinder_12_fillet_25.STL" name="cylinder_12_fillet_25_sideways_8" refquat="0.683 -0.683 -0.183 -0.183" scale="0.8999999999999999 0.8999999999999999 0.8999999999999999"/>
  <mesh file="models/cylinder_12/cylinder_12_fillet_15.STL" name="cylinder_12_fillet_15_upright_1" refquat="0 -0.01 0 0" scale="0.7 0.7 0.7"/>
  <mesh file="models/sphere/sphere.STL" name="sphere_normal_98" refquat="1 0 0 0" scale="0.8294117647058823 0.8294117647058823 0.8294117647058823"/>
  <mesh file="models/cylinder_13/cylinder_13_fillet_25.STL" name="cylinder_13_fillet_25_sideways_7" refquat="0.683 -0.683 -0.183 -0.183" scale="0.7714285714285715 0.7714285714285715 0.7714285714285715"/>
  <mesh file="models/cube/cube_fillet_25.STL" name="cube_fillet_25_normal_14" refquat="1 0 0 0" scale="0.657142857142857 0.657142857142857 0.657142857142857"/>
  <mesh file="models/cylinder_21/cylinder_21_fillet_25.STL" name="cylinder_21_fillet_25_normal_8" refquat="1 0 0 0" scale="0.65 0.65 0.65"/>
  <mesh file="models/cylinder_12/cylinder_12_fillet_15.STL" name="cylinder_12_fillet_15_upright_9" refquat="0 -0.01 0 0" scale="0.6428571428571428 0.6428571428571428 0.6428571428571428"/>
  <mesh file="models/cylinder_13/cylinder_13_fillet_5.STL" name="cylinder_13_fillet_5_sideways_10" refquat="0.683 -0.683 -0.183 -0.183" scale="0.7071428571428571 0.7071428571428571 0.7071428571428571"/>
  <mesh file="models/sphere/sphere.STL" name="sphere_normal_87" refquat="1 0 0 0" scale="0.8941176470588235 0.8941176470588235 0.8941176470588235"/>
  <mesh file="models/sphere/sphere.STL" name="sphere_normal_12" refquat="1 0 0 0" scale="1.3352941176470587 1.3352941176470587 1.3352941176470587"/>
  <mesh file="models/cylinder_21/cylinder_21_fillet_35.STL" name="cylinder_21_fillet_35_normal_1" refquat="1 0 0 0" scale="0.9 0.9 0.9"/>
  <mesh file="models/cylinder_12/cylinder_12_fillet_25.STL" name="cylinder_12_fillet_25_sideways_7" refquat="0.683 -0.683 -0.183 -0.183" scale="0.9428571428571428 0.9428571428571428 0.9428571428571428"/>
  <mesh file="models/cube/cube_fillet_15.STL" name="cube_fillet_15_normal_10" refquat="1 0 0 0" scale="0.8857142857142857 0.8857142857142857 0.8857142857142857"/>
  <mesh file="models/sphere/sphere.STL" name="sphere_normal_83" refquat="1 0 0 0" scale="0.9176470588235293 0.9176470588235293 0.9176470588235293"/>
  <mesh file="models/cylinder_12/cylinder_12_fillet_5.STL" name="cylinder_12_fillet_5_upright_4" refquat="0 -0.01 0 0" scale="0.6785714285714285 0.6785714285714285 0.6785714285714285"/>
  <mesh file="models/cylinder_11/cylinder_11_fillet_35.STL" name="cylinder_11_fillet_35_normal_4" refquat="1 0 0 0" scale="1.25 1.25 1.25"/>
  <mesh file="models/cylinder_21/cylinder_21_fillet_5.STL" name="cylinder_21_fillet_5_normal_6" refquat="1 0 0 0" scale="0.7214285714285715 0.7214285714285715 0.7214285714285715"/>
  </mujoco>