<mujoco><mesh file="models/cylinder_21/cylinder_21_fillet_15.STL" name="cylinder_21_fillet_15_normal_1" refquat="1 0 0 0" scale="0.9 0.9 0.9"/>
  <mesh file="models/cube/cube_fillet_25.STL" name="cube_fillet_25_normal_13" refquat="1 0 0 0" scale="0.7142857142857142 0.7142857142857142 0.7142857142857142"/>
  <mesh file="models/cylinder_21/cylinder_21_fillet_35.STL" name="cylinder_21_fillet_35_normal_10" refquat="1 0 0 0" scale="0.5785714285714286 0.5785714285714286 0.5785714285714286"/>
  <mesh file="models/cylinder_11/cylinder_11_fillet_5.STL" name="cylinder_11_fillet_5_normal_8" refquat="1 0 0 0" scale="1.0499999999999998 1.0499999999999998 1.0499999999999998"/>
  <mesh file="models/sphere/sphere.STL" name="sphere_normal_32" refquat="1 0 0 0" scale="1.2176470588235293 1.2176470588235293 1.2176470588235293"/>
  <mesh file="models/sphere/sphere.STL" name="sphere_normal_71" refquat="1 0 0 0" scale="0.988235294117647 0.988235294117647 0.988235294117647"/>
  <mesh file="models/cylinder_14/cylinder_14_fillet_25.STL" name="cylinder_14_fillet_25_normal_9" refquat="0.683 -0.683 -0.183 -0.183" scale="0.7285714285714285 0.7285714285714285 0.7285714285714285"/>
  <mesh file="models/sphere/sphere.STL" name="sphere_normal_14" refquat="1 0 0 0" scale="1.3235294117647058 1.3235294117647058 1.3235294117647058"/>
  <mesh file="models/cylinder_21/cylinder_21_fillet_15.STL" name="cylinder_21_fillet_15_normal_11" refquat="1 0 0 0" scale="0.5428571428571429 0.5428571428571429 0.5428571428571429"/>
  <mesh file="models/cube/cube_fillet_25.STL" name="cube_fillet_25_normal_8" refquat="1 0 0 0" scale="1.0 1.0 1.0"/>
  <mesh file="models/cube/cube_fillet_15.STL" name="cube_fillet_15_normal_7" refquat="1 0 0 0" scale="1.057142857142857 1.057142857142857 1.057142857142857"/>
  <mesh file="models/sphere/sphere.STL" name="sphere_normal_115" refquat="1 0 0 0" scale="0.7294117647058823 0.7294117647058823 0.7294117647058823"/>
  <mesh file="models/cylinder_11/cylinder_11_fillet_25.STL" name="cylinder_11_fillet_25_normal_7" refquat="1 0 0 0" scale="1.0999999999999999 1.0999999999999999 1.0999999999999999"/>
  <mesh file="models/sphere/sphere.STL" name="sphere_normal_5" refquat="1 0 0 0" scale="1.3764705882352941 1.3764705882352941 1.3764705882352941"/>
  <mesh file="models/cylinder_21/cylinder_21_fillet_15.STL" name="cylinder_21_fillet_15_normal_5" refquat="1 0 0 0" scale="0.7571428571428571 0.7571428571428571 0.7571428571428571"/>
  <mesh file="models/cylinder_14/cylinder_14_fillet_15.STL" name="cylinder_14_fillet_15_normal_13" refquat="0.683 -0.683 -0.183 -0.183" scale="0.6428571428571428 0.6428571428571428 0.6428571428571428"/>
  <mesh file="models/cylinder_21/cylinder_21_fillet_35.STL" name="cylinder_21_fillet_35_normal_5" refquat="1 0 0 0" scale="0.7571428571428571 0.7571428571428571 0.7571428571428571"/>
  <mesh file="models/cylinder_21/cylinder_21_fillet_5.STL" name="cylinder_21_fillet_5_normal_3" refquat="1 0 0 0" scale="0.8285714285714286 0.8285714285714286 0.8285714285714286"/>
  <mesh file="models/cube/cube_fillet_45.STL" name="cube_fillet_45_normal_9" refquat="1 0 0 0" scale="0.9428571428571428 0.9428571428571428 0.9428571428571428"/>
  <mesh file="models/sphere/sphere.STL" name="sphere_normal_35" refquat="1 0 0 0" scale="1.2 1.2 1.2"/>
  </mujoco>