<mujoco><mesh file="models/cylinder_14/cylinder_14_fillet_25.STL" name="cylinder_14_fillet_25_normal_8" refquat="0.683 -0.683 -0.183 -0.183" scale="0.75 0.75 0.75"/>
  <mesh file="models/cylinder_12/cylinder_12_fillet_25.STL" name="cylinder_12_fillet_25_sideways_10" refquat="0.683 -0.683 -0.183 -0.183" scale="0.8142857142857143 0.8142857142857143 0.8142857142857143"/>
  <mesh file="models/sphere/sphere.STL" name="sphere_normal_17" refquat="1 0 0 0" scale="1.3058823529411763 1.3058823529411763 1.3058823529411763"/>
  <mesh file="models/cylinder_12/cylinder_12_fillet_15.STL" name="cylinder_12_fillet_15_upright_2" refquat="0 -0.01 0 0" scale="0.6928571428571428 0.6928571428571428 0.6928571428571428"/>
  <mesh file="models/cylinder_11/cylinder_11_fillet_25.STL" name="cylinder_11_fillet_25_normal_5" refquat="1 0 0 0" scale="1.2 1.2 1.2"/>
  <mesh file="models/cylinder_21/cylinder_21_fillet_5.STL" name="cylinder_21_fillet_5_normal_7" refquat="1 0 0 0" scale="0.6857142857142857 0.6857142857142857 0.6857142857142857"/>
  <mesh file="models/cylinder_21/cylinder_21_fillet_5.STL" name="cylinder_21_fillet_5_normal_2" refquat="1 0 0 0" scale="0.8642857142857143 0.8642857142857143 0.8642857142857143"/>
  <mesh file="models/sphere/sphere.STL" name="sphere_normal_38" refquat="1 0 0 0" scale="1.1823529411764704 1.1823529411764704 1.1823529411764704"/>
  <mesh file="models/sphere/sphere.STL" name="sphere_normal_8" refquat="1 0 0 0" scale="1.3588235294117645 1.3588235294117645 1.3588235294117645"/>
  <mesh file="models/cylinder_11/cylinder_11_fillet_5.STL" name="cylinder_11_fillet_5_normal_9" refquat="1 0 0 0" scale="1.0 1.0 1.0"/>
  <mesh file="models/cylinder_13/cylinder_13_fillet_5.STL" name="cylinder_13_fillet_5_sideways_5" refquat="0.683 -0.683 -0.183 -0.183" scale="0.8142857142857143 0.8142857142857143 0.8142857142857143"/>
  <mesh file="models/cylinder_12/cylinder_12_fillet_5.STL" name="cylinder_12_fillet_5_sideways_8" refquat="0.683 -0.683 -0.183 -0.183" scale="0.8999999999999999 0.8999999999999999 0.8999999999999999"/>
  <mesh file="models/cylinder_12/cylinder_12_fillet_25.STL" name="cylinder_12_fillet_25_upright_1" refquat="0 -0.01 0 0" scale="0.7 0.7 0.7"/>
  <mesh file="models/cylinder_11/cylinder_11_fillet_25.STL" name="cylinder_11_fillet_25_normal_4" refquat="1 0 0 0" scale="1.25 1.25 1.25"/>
  <mesh file="models/sphere/sphere.STL" name="sphere_normal_108" refquat="1 0 0 0" scale="0.7705882352941176 0.7705882352941176 0.7705882352941176"/>
  <mesh file="models/sphere/sphere.STL" name="sphere_normal_85" refquat="1 0 0 0" scale="0.9058823529411764 0.9058823529411764 0.9058823529411764"/>
  <mesh file="models/cylinder_12/cylinder_12_fillet_5.STL" name="cylinder_12_fillet_5_upright_8" refquat="0 -0.01 0 0" scale="0.6499999999999999 0.6499999999999999 0.6499999999999999"/>
  <mesh file="models/cube/cube_fillet_35.STL" name="cube_fillet_35_normal_10" refquat="1 0 0 0" scale="0.8857142857142857 0.8857142857142857 0.8857142857142857"/>
  <mesh file="models/cylinder_12/cylinder_12_fillet_15.STL" name="cylinder_12_fillet_15_sideways_6" refquat="0.683 -0.683 -0.183 -0.183" scale="0.9857142857142857 0.9857142857142857 0.9857142857142857"/>
  <mesh file="models/cylinder_12/cylinder_12_fillet_25.STL" name="cylinder_12_fillet_25_sideways_1" refquat="0.683 -0.683 -0.183 -0.183" scale="1.2 1.2 1.2"/>
  </mujoco>