<mujoco><mesh file="models/cylinder_12/cylinder_12_fillet_5.STL" name="cylinder_12_fillet_5_sideways_4" refquat="0.683 -0.683 -0.183 -0.183" scale="1.0714285714285714 1.0714285714285714 1.0714285714285714"/>
  <mesh file="models/cylinder_12/cylinder_12_fillet_5.STL" name="cylinder_12_fillet_5_upright_15" refquat="0 -0.01 0 0" scale="0.6 0.6 0.6"/>
  <mesh file="models/sphere/sphere.STL" name="sphere_normal_94" refquat="1 0 0 0" scale="0.8529411764705882 0.8529411764705882 0.8529411764705882"/>
  <mesh file="models/cylinder_11/cylinder_11_fillet_35.STL" name="cylinder_11_fillet_35_normal_11" refquat="1 0 0 0" scale="0.8999999999999999 0.8999999999999999 0.8999999999999999"/>
  <mesh file="models/cylinder_12/cylinder_12_fillet_5.STL" name="cylinder_12_fillet_5_sideways_5" refquat="0.683 -0.683 -0.183 -0.183" scale="1.0285714285714285 1.0285714285714285 1.0285714285714285"/>
  <mesh file="models/cylinder_13/cylinder_13_fillet_25.STL" name="cylinder_13_fillet_25_sideways_10" refquat="0.683 -0.683 -0.183 -0.183" scale="0.7071428571428571 0.7071428571428571 0.7071428571428571"/>
  <mesh file="models/cylinder_12/cylinder_12_fillet_25.STL" name="cylinder_12_fillet_25_sideways_12" refquat="0.683 -0.683 -0.183 -0.183" scale="0.7285714285714285 0.7285714285714285 0.7285714285714285"/>
  <mesh file="models/cylinder_21/cylinder_21_fillet_25.STL" name="cylinder_21_fillet_25_normal_13" refquat="1 0 0 0" scale="0.4714285714285715 0.4714285714285715 0.4714285714285715"/>
  <mesh file="models/cylinder_21/cylinder_21_fillet_45.STL" name="cylinder_21_fillet_45_normal_13" refquat="1 0 0 0" scale="0.4714285714285715 0.4714285714285715 0.4714285714285715"/>
  <mesh file="models/cube/cube_fillet_15.STL" name="cube_fillet_15_normal_5" refquat="1 0 0 0" scale="1.1714285714285713 1.1714285714285713 1.1714285714285713"/>
  <mesh file="models/cylinder_12/cylinder_12_fillet_25.STL" name="cylinder_12_fillet_25_upright_13" refquat="0 -0.01 0 0" scale="0.6142857142857143 0.6142857142857143 0.6142857142857143"/>
  <mesh file="models/sphere/sphere.STL" name="sphere_normal_31" refquat="1 0 0 0" scale="1.2235294117647058 1.2235294117647058 1.2235294117647058"/>
  <mesh file="models/cylinder_12/cylinder_12_fillet_5.STL" name="cylinder_12_fillet_5_upright_11" refquat="0 -0.01 0 0" scale="0.6285714285714286 0.6285714285714286 0.6285714285714286"/>
  <mesh file="models/cylinder_11/cylinder_11_fillet_45.STL" name="cylinder_11_fillet_45_normal_15" refquat="1 0 0 0" scale="0.7 0.7 0.7"/>
  <mesh file="models/sphere/sphere.STL" name="sphere_normal_106" refquat="1 0 0 0" scale="0.7823529411764705 0.7823529411764705 0.7823529411764705"/>
  <mesh file="models/sphere/sphere.STL" name="sphere_normal_67" refquat="1 0 0 0" scale="1.011764705882353 1.011764705882353 1.011764705882353"/>
  <mesh file="models/sphere/sphere.STL" name="sphere_normal_109" refquat="1 0 0 0" scale="0.7647058823529411 0.7647058823529411 0.7647058823529411"/>
  <mesh file="models/cylinder_12/cylinder_12_fillet_15.STL" name="cylinder_12_fillet_15_upright_10" refquat="0 -0.01 0 0" scale="0.6357142857142857 0.6357142857142857 0.6357142857142857"/>
  <mesh file="models/cube/cube_fillet_5.STL" name="cube_fillet_5_normal_6" refquat="1 0 0 0" scale="1.1142857142857143 1.1142857142857143 1.1142857142857143"/>
  <mesh file="models/cylinder_12/cylinder_12_fillet_5.STL" name="cylinder_12_fillet_5_sideways_15" refquat="0.683 -0.683 -0.183 -0.183" scale="0.6 0.6 0.6"/>
  </mujoco>