<mujoco><mesh file="models/cylinder_21/cylinder_21_fillet_15.STL" name="cylinder_21_fillet_15_normal_6" refquat="1 0 0 0" scale="0.7214285714285715 0.7214285714285715 0.7214285714285715"/>
  <mesh file="models/sphere/sphere.STL" name="sphere_normal_27" refquat="1 0 0 0" scale="1.2470588235294118 1.2470588235294118 1.2470588235294118"/>
  <mesh file="models/cube/cube_fillet_15.STL" name="cube_fillet_15_normal_13" refquat="1 0 0 0" scale="0.7142857142857142 0.7142857142857142 0.7142857142857142"/>
  <mesh file="models/cylinder_21/cylinder_21_fillet_45.STL" name="cylinder_21_fillet_45_normal_3" refquat="1 0 0 0" scale="0.8285714285714286 0.8285714285714286 0.8285714285714286"/>
  <mesh file="models/sphere/sphere.STL" name="sphere_normal_7" refquat="1 0 0 0" scale="1.364705882352941 1.364705882352941 1.364705882352941"/>
  <mesh file="models/cylinder_11/cylinder_11_fillet_35.STL" name="cylinder_11_fillet_35_normal_1" refquat="1 0 0 0" scale="1.4 1.4 1.4"/>
  <mesh file="models/cube/cube_fillet_45.STL" name="cube_fillet_45_normal_4" refquat="1 0 0 0" scale="1.2285714285714284 1.2285714285714284 1.2285714285714284"/>
  <mesh file="models/cylinder_14/cylinder_14_fillet_15.STL" name="cylinder_14_fillet_15_normal_1" refquat="0.683 -0.683 -0.183 -0.183" scale="0.9 0.9 0.9"/>
  <mesh file="models/cylinder_11/cylinder_11_fillet_35.STL" name="cylinder_11_fillet_35_normal_14" refquat="1 0 0 0" scale="0.75 0.75 0.75"/>
  <mesh file="models/cylinder_21/cylinder_21_fillet_25.STL" name="cylinder_21_fillet_25_normal_5" refquat="1 0 0 0" scale="0.7571428571428571 0.7571428571428571 0.7571428571428571"/>
  <mesh file="models/cylinder_14/cylinder_14_fillet_5.STL" name="cylinder_14_fillet_5_normal_4" refquat="0.683 -0.683 -0.183 -0.183" scale="0.8357142857142857 0.8357142857142857 0.8357142857142857"/>
  <mesh file="models/cylinder_11/cylinder_11_fillet_25.STL" name="cylinder_11_fillet_25_normal_15" refquat="1 0 0 0" scale="0.7 0.7 0.7"/>
  <mesh file="models/cylinder_13/cylinder_13_fillet_5.STL" name="cylinder_13_fillet_5_sideways_2" refquat="0.683 -0.683 -0.183 -0.183" scale="0.8785714285714286 0.8785714285714286 0.8785714285714286"/>
  <mesh file="models/cube/cube_fillet_45.STL" name="cube_fillet_45_normal_8" refquat="1 0 0 0" scale="1.0 1.0 1.0"/>
  <mesh file="models/sphere/sphere.STL" name="sphere_normal_64" refquat="1 0 0 0" scale="1.0294117647058822 1.0294117647058822 1.0294117647058822"/>
  <mesh file="models/cylinder_21/cylinder_21_fillet_5.STL" name="cylinder_21_fillet_5_normal_5" refquat="1 0 0 0" scale="0.7571428571428571 0.7571428571428571 0.7571428571428571"/>
  <mesh file="models/cylinder_12/cylinder_12_fillet_25.STL" name="cylinder_12_fillet_25_upright_14" refquat="0 -0.01 0 0" scale="0.6071428571428571 0.6071428571428571 0.6071428571428571"/>
  <mesh file="models/cylinder_21/cylinder_21_fillet_35.STL" name="cylinder_21_fillet_35_normal_7" refquat="1 0 0 0" scale="0.6857142857142857 0.6857142857142857 0.6857142857142857"/>
  <mesh file="models/cylinder_11/cylinder_11_fillet_45.STL" name="cylinder_11_fillet_45_normal_3" refquat="1 0 0 0" scale="1.2999999999999998 1.2999999999999998 1.2999999999999998"/>
  <mesh file="models/cylinder_13/cylinder_13_fillet_25.STL" name="cylinder_13_fillet_25_sideways_2" refquat="0.683 -0.683 -0.183 -0.183" scale="0.8785714285714286 0.8785714285714286 0.8785714285714286"/>
  </mujoco>