<mujoco><mesh file="models/sphere/sphere.STL" name="sphere_normal_28" refquat="1 0 0 0" scale="1.2411764705882353 1.2411764705882353 1.2411764705882353"/>
  <mesh file="models/cylinder_12/cylinder_12_fillet_25.STL" name="cylinder_12_fillet_25_upright_5" refquat="0 -0.01 0 0" scale="0.6714285714285714 0.6714285714285714 0.6714285714285714"/>
  <mesh file="models/cube/cube_fillet_35.STL" name="cube_fillet_35_normal_12" refquat="1 0 0 0" scale="0.7714285714285714 0.7714285714285714 0.7714285714285714"/>
  <mesh file="models/cylinder_13/cylinder_13_fillet_15.STL" name="cylinder_13_fillet_15_sideways_13" refquat="0.683 -0.683 -0.183 -0.183" scale="0.6428571428571428 0.6428571428571428 0.6428571428571428"/>
  <mesh file="models/cylinder_13/cylinder_13_fillet_15.STL" name="cylinder_13_fillet_15_sideways_8" refquat="0.683 -0.683 -0.183 -0.183" scale="0.75 0.75 0.75"/>
  <mesh file="models/cylinder_12/cylinder_12_fillet_5.STL" name="cylinder_12_fillet_5_upright_12" refquat="0 -0.01 0 0" scale="0.6214285714285714 0.6214285714285714 0.6214285714285714"/>
  <mesh file="models/sphere/sphere.STL" name="sphere_normal_44" refquat="1 0 0 0" scale="1.1470588235294117 1.1470588235294117 1.1470588235294117"/>
  <mesh file="models/cylinder_14/cylinder_14_fillet_25.STL" name="cylinder_14_fillet_25_normal_15" refquat="0.683 -0.683 -0.183 -0.183" scale="0.6 0.6 0.6"/>
  <mesh file="models/cube/cube_fillet_25.STL" name="cube_fillet_25_normal_2" refquat="1 0 0 0" scale="1.3428571428571427 1.3428571428571427 1.3428571428571427"/>
  <mesh file="models/cube/cube_fillet_15.STL" name="cube_fillet_15_normal_11" refquat="1 0 0 0" scale="0.8285714285714285 0.8285714285714285 0.8285714285714285"/>
  <mesh file="models/cube/cube_fillet_35.STL" name="cube_fillet_35_normal_6" refquat="1 0 0 0" scale="1.1142857142857143 1.1142857142857143 1.1142857142857143"/>
  <mesh file="models/cylinder_14/cylinder_14_fillet_25.STL" name="cylinder_14_fillet_25_normal_3" refquat="0.683 -0.683 -0.183 -0.183" scale="0.8571428571428572 0.8571428571428572 0.8571428571428572"/>
  <mesh file="models/sphere/sphere.STL" name="sphere_normal_110" refquat="1 0 0 0" scale="0.7588235294117647 0.7588235294117647 0.7588235294117647"/>
  <mesh file="models/cylinder_13/cylinder_13_fillet_5.STL" name="cylinder_13_fillet_5_sideways_8" refquat="0.683 -0.683 -0.183 -0.183" scale="0.75 0.75 0.75"/>
  <mesh file="models/cylinder_21/cylinder_21_fillet_15.STL" name="cylinder_21_fillet_15_normal_3" refquat="1 0 0 0" scale="0.8285714285714286 0.8285714285714286 0.8285714285714286"/>
  <mesh file="models/sphere/sphere.STL" name="sphere_normal_80" refquat="1 0 0 0" scale="0.9352941176470587 0.9352941176470587 0.9352941176470587"/>
  <mesh file="models/cylinder_11/cylinder_11_fillet_25.STL" name="cylinder_11_fillet_25_normal_11" refquat="1 0 0 0" scale="0.8999999999999999 0.8999999999999999 0.8999999999999999"/>
  <mesh file="models/cylinder_11/cylinder_11_fillet_35.STL" name="cylinder_11_fillet_35_normal_6" refquat="1 0 0 0" scale="1.15 1.15 1.15"/>
  <mesh file="models/cylinder_11/cylinder_11_fillet_5.STL" name="cylinder_11_fillet_5_normal_4" refquat="1 0 0 0" scale="1.25 1.25 1.25"/>
  <mesh file="models/cylinder_12/cylinder_12_fillet_5.STL" name="cylinder_12_fillet_5_sideways_7" refquat="0.683 -0.683 -0.183 -0.183" scale="0.9428571428571428 0.9428571428571428 0.9428571428571428"/>
  </mujoco>