<mujoco><mesh file="models/cylinder_12/cylinder_12_fillet_25.STL" name="cylinder_12_fillet_25_upright_12" refquat="0 -0.01 0 0" scale="0.6214285714285714 0.6214285714285714 0.6214285714285714"/>
  <mesh file="models/cylinder_12/cylinder_12_fillet_5.STL" name="cylinder_12_fillet_5_upright_3" refquat="0 -0.01 0 0" scale="0.6857142857142857 0.6857142857142857 0.6857142857142857"/>
  <mesh file="models/sphere/sphere.STL" name="sphere_normal_11" refquat="1 0 0 0" scale="1.3411764705882352 1.3411764705882352 1.3411764705882352"/>
  <mesh file="models/sphere/sphere.STL" name="sphere_normal_70" refquat="1 0 0 0" scale="0.9941176470588234 0.9941176470588234 0.9941176470588234"/>
  <mesh file="models/cylinder_12/cylinder_12_fillet_25.STL" name="cylinder_12_fillet_25_sideways_14" refquat="0.683 -0.683 -0.183 -0.183" scale="0.6428571428571428 0.6428571428571428 0.6428571428571428"/>
  <mesh file="models/cylinder_21/cylinder_21_fillet_45.STL" name="cylinder_21_fillet_45_normal_14" refquat="1 0 0 0" scale="0.4357142857142858 0.4357142857142858 0.4357142857142858"/>
  <mesh file="models/cube/cube_fillet_5.STL" name="cube_fillet_5_normal_7" refquat="1 0 0 0" scale="1.057142857142857 1.057142857142857 1.057142857142857"/>
  <mesh file="models/cylinder_11/cylinder_11_fillet_45.STL" name="cylinder_11_fillet_45_normal_2" refquat="1 0 0 0" scale="1.3499999999999999 1.3499999999999999 1.3499999999999999"/>
  <mesh file="models/cylinder_12/cylinder_12_fillet_15.STL" name="cylinder_12_fillet_15_sideways_1" refquat="0.683 -0.683 -0.183 -0.183" scale="1.2 1.2 1.2"/>
  <mesh file="models/cylinder_11/cylinder_11_fillet_45.STL" name="cylinder_11_fillet_45_normal_9" refquat="1 0 0 0" scale="1.0 1.0 1.0"/>
  <mesh file="models/cylinder_11/cylinder_11_fillet_45.STL" name="cylinder_11_fillet_45_normal_8" refquat="1 0 0 0" scale="1.0499999999999998 1.0499999999999998 1.0499999999999998"/>
  <mesh file="models/sphere/sphere.STL" name="sphere_normal_42" refquat="1 0 0 0" scale="1.1588235294117646 1.1588235294117646 1.1588235294117646"/>
  <mesh file="models/cylinder_11/cylinder_11_fillet_45.STL" name="cylinder_11_fillet_45_normal_6" refquat="1 0 0 0" scale="1.15 1.15 1.15"/>
  <mesh file="models/cylinder_11/cylinder_11_fillet_45.STL" name="cylinder_11_fillet_45_normal_14" refquat="1 0 0 0" scale="0.75 0.75 0.75"/>
  <mesh file="models/sphere/sphere.STL" name="sphere_normal_43" refquat="1 0 0 0" scale="1.1529411764705881 1.1529411764705881 1.1529411764705881"/>
  <mesh file="models/cylinder_13/cylinder_13_fillet_5.STL" name="cylinder_13_fillet_5_sideways_9" refquat="0.683 -0.683 -0.183 -0.183" scale="0.7285714285714285 0.7285714285714285 0.7285714285714285"/>
  <mesh file="models/sphere/sphere.STL" name="sphere_normal_4" refquat="1 0 0 0" scale="1.3823529411764706 1.3823529411764706 1.3823529411764706"/>
  <mesh file="models/sphere/sphere.STL" name="sphere_normal_19" refquat="1 0 0 0" scale="1.2941176470588234 1.2941176470588234 1.2941176470588234"/>
  <mesh file="models/cylinder_12/cylinder_12_fillet_5.STL" name="cylinder_12_fillet_5_sideways_11" refquat="0.683 -0.683 -0.183 -0.183" scale="0.7714285714285714 0.7714285714285714 0.7714285714285714"/>
  <mesh file="models/cylinder_14/cylinder_14_fillet_5.STL" name="cylinder_14_fillet_5_normal_13" refquat="0.683 -0.683 -0.183 -0.183" scale="0.6428571428571428 0.6428571428571428 0.6428571428571428"/>
  </mujoco>