<mujoco><mesh file="models/cube/cube_fillet_25.STL" name="cube_fillet_25_normal_7" refquat="1 0 0 0" scale="1.057142857142857 1.057142857142857 1.057142857142857"/>
  <mesh file="models/cylinder_12/cylinder_12_fillet_15.STL" name="cylinder_12_fillet_15_sideways_8" refquat="0.683 -0.683 -0.183 -0.183" scale="0.8999999999999999 0.8999999999999999 0.8999999999999999"/>
  <mesh file="models/cylinder_14/cylinder_14_fillet_5.STL" name="cylinder_14_fillet_5_normal_5" refquat="0.683 -0.683 -0.183 -0.183" scale="0.8142857142857143 0.8142857142857143 0.8142857142857143"/>
  <mesh file="models/sphere/sphere.STL" name="sphere_normal_72" refquat="1 0 0 0" scale="0.9823529411764704 0.9823529411764704 0.9823529411764704"/>
  <mesh file="models/cylinder_11/cylinder_11_fillet_35.STL" name="cylinder_11_fillet_35_normal_3" refquat="1 0 0 0" scale="1.2999999999999998 1.2999999999999998 1.2999999999999998"/>
  <mesh file="models/cylinder_14/cylinder_14_fillet_25.STL" name="cylinder_14_fillet_25_normal_4" refquat="0.683 -0.683 -0.183 -0.183" scale="0.8357142857142857 0.8357142857142857 0.8357142857142857"/>
  <mesh file="models/cylinder_21/cylinder_21_fillet_25.STL" name="cylinder_21_fillet_25_normal_6" refquat="1 0 0 0" scale="0.7214285714285715 0.7214285714285715 0.7214285714285715"/>
  <mesh file="models/sphere/sphere.STL" name="sphere_normal_93" refquat="1 0 0 0" scale="0.8588235294117647 0.8588235294117647 0.8588235294117647"/>
  <mesh file="models/sphere/sphere.STL" name="sphere_normal_102" refquat="1 0 0 0" scale="0.8058823529411764 0.8058823529411764 0.8058823529411764"/>
  <mesh file="models/cylinder_21/cylinder_21_fillet_25.STL" name="cylinder_21_fillet_25_normal_7" refquat="1 0 0 0" scale="0.6857142857142857 0.6857142857142857 0.6857142857142857"/>
  <mesh file="models/cylinder_13/cylinder_13_fillet_15.STL" name="cylinder_13_fillet_15_sideways_3" refquat="0.683 -0.683 -0.183 -0.183" scale="0.8571428571428572 0.8571428571428572 0.8571428571428572"/>
  <mesh file="models/sphere/sphere.STL" name="sphere_normal_66" refquat="1 0 0 0" scale="1.0176470588235293 1.0176470588235293 1.0176470588235293"/>
  <mesh file="models/sphere/sphere.STL" name="sphere_normal_118" refquat="1 0 0 0" scale="0.7117647058823529 0.7117647058823529 0.7117647058823529"/>
  <mesh file="models/cylinder_21/cylinder_21_fillet_25.STL" name="cylinder_21_fillet_25_normal_1" refquat="1 0 0 0" scale="0.9 0.9 0.9"/>
  <mesh file="models/sphere/sphere.STL" name="sphere_normal_40" refquat="1 0 0 0" scale="1.1705882352941175 1.1705882352941175 1.1705882352941175"/>
  <mesh file="models/cylinder_12/cylinder_12_fillet_5.STL" name="cylinder_12_fillet_5_upright_2" refquat="0 -0.01 0 0" scale="0.6928571428571428 0.6928571428571428 0.6928571428571428"/>
  <mesh file="models/cylinder_11/cylinder_11_fillet_15.STL" name="cylinder_11_fillet_15_normal_1" refquat="1 0 0 0" scale="1.4 1.4 1.4"/>
  <mesh file="models/cylinder_21/cylinder_21_fillet_45.STL" name="cylinder_21_fillet_45_normal_5" refquat="1 0 0 0" scale="0.7571428571428571 0.7571428571428571 0.7571428571428571"/>
  <mesh file="models/cube/cube_fillet_35.STL" name="cube_fillet_35_normal_9" refquat="1 0 0 0" scale="0.9428571428571428 0.9428571428571428 0.9428571428571428"/>
  <mesh file="models/cylinder_11/cylinder_11_fillet_5.STL" name="cylinder_11_fillet_5_normal_15" refquat="1 0 0 0" scale="0.7 0.7 0.7"/>
  </mujoco>