<mujoco><mesh file="models/cylinder_21/cylinder_21_fillet_35.STL" name="cylinder_21_fillet_35_normal_9" refquat="1 0 0 0" scale="0.6142857142857143 0.6142857142857143 0.6142857142857143"/>
  <mesh file="models/sphere/sphere.STL" name="sphere_normal_105" refquat="1 0 0 0" scale="0.7882352941176469 0.7882352941176469 0.7882352941176469"/>
  <mesh file="models/cylinder_12/cylinder_12_fillet_15.STL" name="cylinder_12_fillet_15_upright_5" refquat="0 -0.01 0 0" scale="0.6714285714285714 0.6714285714285714 0.6714285714285714"/>
  <mesh file="models/cylinder_13/cylinder_13_fillet_25.STL" name="cylinder_13_fillet_25_sideways_5" refquat="0.683 -0.683 -0.183 -0.183" scale="0.8142857142857143 0.8142857142857143 0.8142857142857143"/>
  <mesh file="models/cylinder_14/cylinder_14_fillet_25.STL" name="cylinder_14_fillet_25_normal_11" refquat="0.683 -0.683 -0.183 -0.183" scale="0.6857142857142857 0.6857142857142857 0.6857142857142857"/>
  <mesh file="models/sphere/sphere.STL" name="sphere_normal_89" refquat="1 0 0 0" scale="0.8823529411764706 0.8823529411764706 0.8823529411764706"/>
  <mesh file="models/cylinder_21/cylinder_21_fillet_35.STL" name="cylinder_21_fillet_35_normal_11" refquat="1 0 0 0" scale="0.5428571428571429 0.5428571428571429 0.5428571428571429"/>
  <mesh file="models/cylinder_13/cylinder_13_fillet_25.STL" name="cylinder_13_fillet_25_sideways_1" refquat="0.683 -0.683 -0.183 -0.183" scale="0.9 0.9 0.9"/>
  <mesh file="models/cylinder_11/cylinder_11_fillet_35.STL" name="cylinder_11_fillet_35_normal_8" refquat="1 0 0 0" scale="1.0499999999999998 1.0499999999999998 1.0499999999999998"/>
  <mesh file="models/cylinder_12/cylinder_12_fillet_5.STL" name="cylinder_12_fillet_5_upright_1" refquat="0 -0.01 0 0" scale="0.7 0.7 0.7"/>
  <mesh file="models/sphere/sphere.STL" name="sphere_normal_34" refquat="1 0 0 0" scale="1.2058823529411764 1.2058823529411764 1.2058823529411764"/>
  <mesh file="models/cylinder_21/cylinder_21_fillet_35.STL" name="cylinder_21_fillet_35_normal_6" refquat="1 0 0 0" scale="0.7214285714285715 0.7214285714285715 0.7214285714285715"/>
  <mesh file="models/cylinder_12/cylinder_12_fillet_5.STL" name="cylinder_12_fillet_5_upright_6" refquat="0 -0.01 0 0" scale="0.6642857142857143 0.6642857142857143 0.6642857142857143"/>
  <mesh file="models/cylinder_13/cylinder_13_fillet_25.STL" name="cylinder_13_fillet_25_sideways_9" refquat="0.683 -0.683 -0.183 -0.183" scale="0.7285714285714285 0.7285714285714285 0.7285714285714285"/>
  <mesh file="models/cube/cube_fillet_5.STL" name="cube_fillet_5_normal_14" refquat="1 0 0 0" scale="0.657142857142857 0.657142857142857 0.657142857142857"/>
  <mesh file="models/sphere/sphere.STL" name="sphere_normal_57" refquat="1 0 0 0" scale="1.0705882352941176 1.0705882352941176 1.0705882352941176"/>
  <mesh file="models/cylinder_21/cylinder_21_fillet_15.STL" name="cylinder_21_fillet_15_normal_8" refquat="1 0 0 0" scale="0.65 0.65 0.65"/>
  <mesh file="models/cylinder_12/cylinder_12_fillet_25.STL" name="cylinder_12_fillet_25_upright_8" refquat="0 -0.01 0 0" scale="0.6499999999999999 0.6499999999999999 0.6499999999999999"/>
  <mesh file="models/cylinder_12/cylinder_12_fillet_5.STL" name="cylinder_12_fillet_5_sideways_12" refquat="0.683 -0.683 -0.183 -0.183" scale="0.7285714285714285 0.7285714285714285 0.7285714285714285"/>
  <mesh file="models/sphere/sphere.STL" name="sphere_normal_51" refquat="1 0 0 0" scale="1.1058823529411763 1.1058823529411763 1.1058823529411763"/>
  </mujoco>