<mujoco><mesh file="models/sphere/sphere.STL" name="sphere_normal_60" refquat="1 0 0 0" scale="1.052941176470588 1.052941176470588 1.052941176470588"/>
  <mesh file="models/cube/cube_fillet_5.STL" name="cube_fillet_5_normal_10" refquat="1 0 0 0" scale="0.8857142857142857 0.8857142857142857 0.8857142857142857"/>
  <mesh file="models/cylinder_11/cylinder_11_fillet_35.STL" name="cylinder_11_fillet_35_normal_5" refquat="1 0 0 0" scale="1.2 1.2 1.2"/>
  <mesh file="models/cylinder_12/cylinder_12_fillet_5.STL" name="cylinder_12_fillet_5_sideways_9" refquat="0.683 -0.683 -0.183 -0.183" scale="0.8571428571428571 0.8571428571428571 0.8571428571428571"/>
  <mesh file="models/sphere/sphere.STL" name="sphere_normal_26" refquat="1 0 0 0" scale="1.2529411764705882 1.2529411764705882 1.2529411764705882"/>
  <mesh file="models/cube/cube_fillet_5.STL" name="cube_fillet_5_normal_12" refquat="1 0 0 0" scale="0.7714285714285714 0.7714285714285714 0.7714285714285714"/>
  <mesh file="models/cylinder_21/cylinder_21_fillet_45.STL" name="cylinder_21_fillet_45_normal_12" refquat="1 0 0 0" scale="0.5071428571428571 0.5071428571428571 0.5071428571428571"/>
  <mesh file="models/cylinder_11/cylinder_11_fillet_25.STL" name="cylinder_11_fillet_25_normal_3" refquat="1 0 0 0" scale="1.2999999999999998 1.2999999999999998 1.2999999999999998"/>
  <mesh file="models/cylinder_21/cylinder_21_fillet_15.STL" name="cylinder_21_fillet_15_normal_15" refquat="1 0 0 0" scale="0.4 0.4 0.4"/>
  <mesh file="models/sphere/sphere.STL" name="sphere_normal_30" refquat="1 0 0 0" scale="1.2294117647058822 1.2294117647058822 1.2294117647058822"/>
  <mesh file="models/cylinder_21/cylinder_21_fillet_25.STL" name="cylinder_21_fillet_25_normal_9" refquat="1 0 0 0" scale="0.6142857142857143 0.6142857142857143 0.6142857142857143"/>
  <mesh file="models/cube/cube_fillet_45.STL" name="cube_fillet_45_normal_10" refquat="1 0 0 0" scale="0.8857142857142857 0.8857142857142857 0.8857142857142857"/>
  <mesh file="models/cylinder_11/cylinder_11_fillet_25.STL" name="cylinder_11_fillet_25_normal_9" refquat="1 0 0 0" scale="1.0 1.0 1.0"/>
  <mesh file="models/cylinder_13/cylinder_13_fillet_15.STL" name="cylinder_13_fillet_15_sideways_4" refquat="0.683 -0.683 -0.183 -0.183" scale="0.8357142857142857 0.8357142857142857 0.8357142857142857"/>
  <mesh file="models/cylinder_21/cylinder_21_fillet_45.STL" name="cylinder_21_fillet_45_normal_15" refquat="1 0 0 0" scale="0.4 0.4 0.4"/>
  <mesh file="models/cube/cube_fillet_5.STL" name="cube_fillet_5_normal_1" refquat="1 0 0 0" scale="1.4 1.4 1.4"/>
<mesh file="models/cylinder_12/cylinder_12_fillet_15.STL" name="cylinder_12_fillet_15_upright_8" refquat="0 -0.01 0 0" scale="0.6499999999999999 0.6499999999999999 0.6499999999999999"/>
  <mesh file="models/cylinder_14/cylinder_14_fillet_25.STL" name="cylinder_14_fillet_25_normal_12" refquat="0.683 -0.683 -0.183 -0.183" scale="0.6642857142857143 0.6642857142857143 0.6642857142857143"/>
  <mesh file="models/cube/cube_fillet_15.STL" name="cube_fillet_15_normal_4" refquat="1 0 0 0" scale="1.2285714285714284 1.2285714285714284 1.2285714285714284"/>
  <mesh file="models/cylinder_12/cylinder_12_fillet_25.STL" name="cylinder_12_fillet_25_sideways_9" refquat="0.683 -0.683 -0.183 -0.183" scale="0.8571428571428571 0.8571428571428571 0.8571428571428571"/>
  </mujoco>