<mujoco><mesh file="models/cylinder_13/cylinder_13_fillet_15.STL" name="cylinder_13_fillet_15_sideways_2" refquat="0.683 -0.683 -0.183 -0.183" scale="0.8785714285714286 0.8785714285714286 0.8785714285714286"/>
  <mesh file="models/cylinder_21/cylinder_21_fillet_35.STL" name="cylinder_21_fillet_35_normal_8" refquat="1 0 0 0" scale="0.65 0.65 0.65"/>
  <mesh file="models/cylinder_21/cylinder_21_fillet_45.STL" name="cylinder_21_fillet_45_normal_8" refquat="1 0 0 0" scale="0.65 0.65 0.65"/>
  <mesh file="models/cylinder_11/cylinder_11_fillet_15.STL" name="cylinder_11_fillet_15_normal_14" refquat="1 0 0 0" scale="0.75 0.75 0.75"/>
  <mesh file="models/cylinder_14/cylinder_14_fillet_15.STL" name="cylinder_14_fillet_15_normal_2" refquat="0.683 -0.683 -0.183 -0.183" scale="0.8785714285714286 0.8785714285714286 0.8785714285714286"/>
  <mesh file="models/cylinder_12/cylinder_12_fillet_5.STL" name="cylinder_12_fillet_5_sideways_2" refquat="0.683 -0.683 -0.183 -0.183" scale="1.157142857142857 1.157142857142857 1.157142857142857"/>
  <mesh file="models/cube/cube_fillet_45.STL" name="cube_fillet_45_normal_14" refquat="1 0 0 0" scale="0.657142857142857 0.657142857142857 0.657142857142857"/>
  <mesh file="models/cube/cube_fillet_45.STL" name="cube_fillet_45_normal_2" refquat="1 0 0 0" scale="1.3428571428571427 1.3428571428571427 1.3428571428571427"/>
  <mesh file="models/cylinder_21/cylinder_21_fillet_5.STL" name="cylinder_21_fillet_5_normal_15" refquat="1 0 0 0" scale="0.4 0.4 0.4"/>
  <mesh file="models/cylinder_21/cylinder_21_fillet_15.STL" name="cylinder_21_fillet_15_normal_10" refquat="1 0 0 0" scale="0.5785714285714286 0.5785714285714286 0.5785714285714286"/>
  <mesh file="models/sphere/sphere.STL" name="sphere_normal_111" refquat="1 0 0 0" scale="0.7529411764705881 0.7529411764705881 0.7529411764705881"/>
  <mesh file="models/cylinder_12/cylinder_12_fillet_25.STL" name="cylinder_12_fillet_25_upright_15" refquat="0 -0.01 0 0" scale="0.6 0.6 0.6"/>
  <mesh file="models/cylinder_12/cylinder_12_fillet_15.STL" name="cylinder_12_fillet_15_upright_11" refquat="0 -0.01 0 0" scale="0.6285714285714286 0.6285714285714286 0.6285714285714286"/>
  <mesh file="models/cube/cube_fillet_45.STL" name="cube_fillet_45_normal_6" refquat="1 0 0 0" scale="1.1142857142857143 1.1142857142857143 1.1142857142857143"/>
  <mesh file="models/cylinder_14/cylinder_14_fillet_15.STL" name="cylinder_14_fillet_15_normal_12" refquat="0.683 -0.683 -0.183 -0.183" scale="0.6642857142857143 0.6642857142857143 0.6642857142857143"/>
  <mesh file="models/cube/cube_fillet_5.STL" name="cube_fillet_5_normal_9" refquat="1 0 0 0" scale="0.9428571428571428 0.9428571428571428 0.9428571428571428"/>
  <mesh file="models/sphere/sphere.STL" name="sphere_normal_48" refquat="1 0 0 0" scale="1.1235294117647059 1.1235294117647059 1.1235294117647059"/>
  <mesh file="models/cylinder_21/cylinder_21_fillet_25.STL" name="cylinder_21_fillet_25_normal_11" refquat="1 0 0 0" scale="0.5428571428571429 0.5428571428571429 0.5428571428571429"/>
  <mesh file="models/cylinder_14/cylinder_14_fillet_25.STL" name="cylinder_14_fillet_25_normal_5" refquat="0.683 -0.683 -0.183 -0.183" scale="0.8142857142857143 0.8142857142857143 0.8142857142857143"/>
  <mesh file="models/cylinder_12/cylinder_12_fillet_15.STL" name="cylinder_12_fillet_15_sideways_11" refquat="0.683 -0.683 -0.183 -0.183" scale="0.7714285714285714 0.7714285714285714 0.7714285714285714"/>
  </mujoco>