<mujoco><mesh file="models/cylinder_12/cylinder_12_fillet_25.STL" name="cylinder_12_fillet_25_sideways_6" refquat="0.683 -0.683 -0.183 -0.183" scale="0.9857142857142857 0.9857142857142857 0.9857142857142857"/>
  <mesh file="models/cylinder_14/cylinder_14_fillet_5.STL" name="cylinder_14_fillet_5_normal_1" refquat="0.683 -0.683 -0.183 -0.183" scale="0.9 0.9 0.9"/>
  <mesh file="models/cylinder_12/cylinder_12_fillet_25.STL" name="cylinder_12_fillet_25_upright_4" refquat="0 -0.01 0 0" scale="0.6785714285714285 0.6785714285714285 0.6785714285714285"/>
  <mesh file="models/sphere/sphere.STL" name="sphere_normal_101" refquat="1 0 0 0" scale="0.8117647058823528 0.8117647058823528 0.8117647058823528"/>
  <mesh file="models/cube/cube_fillet_35.STL" name="cube_fillet_35_normal_15" refquat="1 0 0 0" scale="0.6 0.6 0.6"/>
  <mesh file="models/sphere/sphere.STL" name="sphere_normal_97" refquat="1 0 0 0" scale="0.8352941176470587 0.8352941176470587 0.8352941176470587"/>
  <mesh file="models/cube/cube_fillet_15.STL" name="cube_fillet_15_normal_9" refquat="1 0 0 0" scale="0.9428571428571428 0.9428571428571428 0.9428571428571428"/>
  <mesh file="models/cube/cube_fillet_15.STL" name="cube_fillet_15_normal_3" refquat="1 0 0 0" scale="1.2857142857142856 1.2857142857142856 1.2857142857142856"/>
  <mesh file="models/cube/cube_fillet_45.STL" name="cube_fillet_45_normal_1" refquat="1 0 0 0" scale="1.4 1.4 1.4"/>
  <mesh file="models/sphere/sphere.STL" name="sphere_normal_45" refquat="1 0 0 0" scale="1.1411764705882352 1.1411764705882352 1.1411764705882352"/>
  <mesh file="models/cylinder_11/cylinder_11_fillet_45.STL" name="cylinder_11_fillet_45_normal_10" refquat="1 0 0 0" scale="0.95 0.95 0.95"/>
  <mesh file="models/cube/cube_fillet_5.STL" name="cube_fillet_5_normal_15" refquat="1 0 0 0" scale="0.6 0.6 0.6"/>
  <mesh file="models/sphere/sphere.STL" name="sphere_normal_112" refquat="1 0 0 0" scale="0.7470588235294117 0.7470588235294117 0.7470588235294117"/>
  <mesh file="models/cylinder_21/cylinder_21_fillet_45.STL" name="cylinder_21_fillet_45_normal_6" refquat="1 0 0 0" scale="0.7214285714285715 0.7214285714285715 0.7214285714285715"/>
  <mesh file="models/cylinder_13/cylinder_13_fillet_25.STL" name="cylinder_13_fillet_25_sideways_8" refquat="0.683 -0.683 -0.183 -0.183" scale="0.75 0.75 0.75"/>
  <mesh file="models/cylinder_21/cylinder_21_fillet_35.STL" name="cylinder_21_fillet_35_normal_4" refquat="1 0 0 0" scale="0.7928571428571429 0.7928571428571429 0.7928571428571429"/>
  <mesh file="models/cylinder_11/cylinder_11_fillet_15.STL" name="cylinder_11_fillet_15_normal_5" refquat="1 0 0 0" scale="1.2 1.2 1.2"/>
  <mesh file="models/sphere/sphere.STL" name="sphere_normal_23" refquat="1 0 0 0" scale="1.2705882352941176 1.2705882352941176 1.2705882352941176"/>
  <mesh file="models/sphere/sphere.STL" name="sphere_normal_49" refquat="1 0 0 0" scale="1.1176470588235294 1.1176470588235294 1.1176470588235294"/>
  <mesh file="models/cylinder_14/cylinder_14_fillet_5.STL" name="cylinder_14_fillet_5_normal_2" refquat="0.683 -0.683 -0.183 -0.183" scale="0.8785714285714286 0.8785714285714286 0.8785714285714286"/>
  </mujoco>