<mujoco><mesh file="models/cube/cube_fillet_15.STL" name="cube_fillet_15_normal_12" refquat="1 0 0 0" scale="0.7714285714285714 0.7714285714285714 0.7714285714285714"/>
  <mesh file="models/cylinder_21/cylinder_21_fillet_5.STL" name="cylinder_21_fillet_5_normal_13" refquat="1 0 0 0" scale="0.4714285714285715 0.4714285714285715 0.4714285714285715"/>
  <mesh file="models/sphere/sphere.STL" name="sphere_normal_56" refquat="1 0 0 0" scale="1.076470588235294 1.076470588235294 1.076470588235294"/>
  <mesh file="models/sphere/sphere.STL" name="sphere_normal_114" refquat="1 0 0 0" scale="0.7352941176470588 0.7352941176470588 0.7352941176470588"/>
  <mesh file="models/sphere/sphere.STL" name="sphere_normal_16" refquat="1 0 0 0" scale="1.311764705882353 1.311764705882353 1.311764705882353"/>
  <mesh file="models/cylinder_13/cylinder_13_fillet_5.STL" name="cylinder_13_fillet_5_sideways_1" refquat="0.683 -0.683 -0.183 -0.183" scale="0.9 0.9 0.9"/>
  <mesh file="models/cylinder_21/cylinder_21_fillet_5.STL" name="cylinder_21_fillet_5_normal_10" refquat="1 0 0 0" scale="0.5785714285714286 0.5785714285714286 0.5785714285714286"/>
  <mesh file="models/sphere/sphere.STL" name="sphere_normal_1" refquat="1 0 0 0" scale="1.4 1.4 1.4"/>
  <mesh file="models/cube/cube_fillet_15.STL" name="cube_fillet_15_normal_2" refquat="1 0 0 0" scale="1.3428571428571427 1.3428571428571427 1.3428571428571427"/>
  <mesh file="models/cube/cube_fillet_15.STL" name="cube_fillet_15_normal_8" refquat="1 0 0 0" scale="1.0 1.0 1.0"/>
  <mesh file="models/cylinder_12/cylinder_12_fillet_25.STL" name="cylinder_12_fillet_25_sideways_5" refquat="0.683 -0.683 -0.183 -0.183" scale="1.0285714285714285 1.0285714285714285 1.0285714285714285"/>
  <mesh file="models/cylinder_12/cylinder_12_fillet_25.STL" name="cylinder_12_fillet_25_sideways_3" refquat="0.683 -0.683 -0.183 -0.183" scale="1.1142857142857143 1.1142857142857143 1.1142857142857143"/>
  <mesh file="models/sphere/sphere.STL" name="sphere_normal_100" refquat="1 0 0 0" scale="0.8176470588235293 0.8176470588235293 0.8176470588235293"/>
  <mesh file="models/cylinder_12/cylinder_12_fillet_15.STL" name="cylinder_12_fillet_15_upright_15" refquat="0 -0.01 0 0" scale="0.6 0.6 0.6"/>
  <mesh file="models/sphere/sphere.STL" name="sphere_normal_82" refquat="1 0 0 0" scale="0.9235294117647058 0.9235294117647058 0.9235294117647058"/>
  <mesh file="models/cylinder_11/cylinder_11_fillet_15.STL" name="cylinder_11_fillet_15_normal_4" refquat="1 0 0 0" scale="1.25 1.25 1.25"/>
  <mesh file="models/cylinder_13/cylinder_13_fillet_5.STL" name="cylinder_13_fillet_5_sideways_14" refquat="0.683 -0.683 -0.183 -0.183" scale="0.6214285714285714 0.6214285714285714 0.6214285714285714"/>
  <mesh file="models/cylinder_21/cylinder_21_fillet_15.STL" name="cylinder_21_fillet_15_normal_12" refquat="1 0 0 0" scale="0.5071428571428571 0.5071428571428571 0.5071428571428571"/>
  <mesh file="models/cylinder_14/cylinder_14_fillet_5.STL" name="cylinder_14_fillet_5_normal_10" refquat="0.683 -0.683 -0.183 -0.183" scale="0.7071428571428571 0.7071428571428571 0.7071428571428571"/>
  <mesh file="models/cylinder_11/cylinder_11_fillet_35.STL" name="cylinder_11_fillet_35_normal_13" refquat="1 0 0 0" scale="0.7999999999999999 0.7999999999999999 0.7999999999999999"/>
  </mujoco>