<mujoco><body name="cube_fillet_15_normal_12" pos="0 0 0">
    <inertial diaginertia="4.5533113583625855e-05 4.5533113583625855e-05 4.5533113583625855e-05" mass="0.04590787172011661" pos="0 0 0" quat="1 0 0 0"/>
    <freejoint name="cube_fillet_15_normal_12"/>
    <geom mesh="cube_fillet_15_normal_12" name="cube_fillet_15_normal_12_geom" type="mesh"/>
  </body>
  <body name="cylinder_21_fillet_5_normal_13" pos="0 0 0">
    <inertial diaginertia="4.698195588147798e-05 4.698195588147798e-05 1.1642587314809316e-05" mass="0.010477259475218662" pos="0 0 0" quat="1 0 0 0"/>
    <freejoint name="cylinder_21_fillet_5_normal_13"/>
    <geom mesh="cylinder_21_fillet_5_normal_13" name="cylinder_21_fillet_5_normal_13_geom" type="mesh"/>
  </body>
  <body name="sphere_normal_56" pos="0 0 0">
    <inertial diaginertia="0.00014454758552657064 0.00014454758552657064 0.00014454758552657064" mass="0.1247402198249542" pos="0 0 0" quat="1 0 0 0"/>
    <freejoint name="sphere_normal_56"/>
    <geom mesh="sphere_normal_56" name="sphere_normal_56_geom" type="mesh"/>
  </body>
  <body name="sphere_normal_114" pos="0 0 0">
    <inertial diaginertia="2.1493416678581012e-05 2.1493416678581012e-05 2.1493416678581012e-05" mass="0.03975422348870343" pos="0 0 0" quat="1 0 0 0"/>
    <freejoint name="sphere_normal_114"/>
    <geom mesh="sphere_normal_114" name="sphere_normal_114_geom" type="mesh"/>
  </body>
  <body name="sphere_normal_16" pos="0 0 0">
    <inertial diaginertia="0.0003884004356375327 0.0003884004356375327 0.0003884004356375327" mass="0.22571884795440672" pos="0 0 0" quat="1 0 0 0"/>
    <freejoint name="sphere_normal_16"/>
    <geom mesh="sphere_normal_16" name="sphere_normal_16_geom" type="mesh"/>
  </body>
  <body name="cylinder_13_fillet_5_sideways_1" pos="0 0 0">
    <inertial diaginertia="0.0016771556250000004 0.0016771556250000004 7.381125000000003e-05" mass="0.07290000000000002" pos="0 0 0" quat="0.683 0.683 0.183 0.183"/>
    <freejoint name="cylinder_13_fillet_5_sideways_1"/>
    <geom mesh="cylinder_13_fillet_5_sideways_1" name="cylinder_13_fillet_5_sideways_1_geom" type="mesh"/>
  </body>
  <body name="cylinder_21_fillet_5_normal_10" pos="0 0 0">
    <inertial diaginertia="0.00010958628752621682 0.00010958628752621682 3.241566386959305e-05" mass="0.019367383381924206" pos="0 0 0" quat="1 0 0 0"/>
    <freejoint name="cylinder_21_fillet_5_normal_10"/>
    <geom mesh="cylinder_21_fillet_5_normal_10" name="cylinder_21_fillet_5_normal_10_geom" type="mesh"/>
  </body>
  <body name="sphere_normal_1" pos="0 0 0">
    <inertial diaginertia="0.0005378239999999999 0.0005378239999999999 0.0005378239999999999" mass="0.2744" pos="0 0 0" quat="1 0 0 0"/>
    <freejoint name="sphere_normal_1"/>
    <geom mesh="sphere_normal_1" name="sphere_normal_1_geom" type="mesh"/>
  </body>
  <body name="cube_fillet_15_normal_2" pos="0 0 0">
    <inertial diaginertia="0.000727776147240237 0.000727776147240237 0.000727776147240237" mass="0.24215276967930024" pos="0 0 0" quat="1 0 0 0"/>
    <freejoint name="cube_fillet_15_normal_2"/>
    <geom mesh="cube_fillet_15_normal_2" name="cube_fillet_15_normal_2_geom" type="mesh"/>
  </body>
  <body name="cube_fillet_15_normal_8" pos="0 0 0">
    <inertial diaginertia="0.0001666666666666667 0.0001666666666666667 0.0001666666666666667" mass="0.1" pos="0 0 0" quat="1 0 0 0"/>
    <freejoint name="cube_fillet_15_normal_8"/>
    <geom mesh="cube_fillet_15_normal_8" name="cube_fillet_15_normal_8_geom" type="mesh"/>
  </body>
  <body name="cylinder_12_fillet_25_sideways_5" pos="0 0 0">
    <inertial diaginertia="0.0019374162860712795 0.0019374162860712795 0.00014390712441244714" mass="0.10881865889212826" pos="0 0 0" quat="0.683 0.683 0.183 0.183"/>
    <freejoint name="cylinder_12_fillet_25_sideways_5"/>
    <geom mesh="cylinder_12_fillet_25_sideways_5" name="cylinder_12_fillet_25_sideways_5_geom" type="mesh"/>
  </body>
  <body name="cylinder_12_fillet_25_sideways_3" pos="0 0 0">
    <inertial diaginertia="0.002676784433866841 0.002676784433866841 0.00021473005057416554" mass="0.1383533527696793" pos="0 0 0" quat="0.683 0.683 0.183 0.183"/>
    <freejoint name="cylinder_12_fillet_25_sideways_3"/>
    <geom mesh="cylinder_12_fillet_25_sideways_3" name="cylinder_12_fillet_25_sideways_3_geom" type="mesh"/>
  </body>
  <body name="sphere_normal_100" pos="0 0 0">
    <inertial diaginertia="3.654512017689104e-05 3.654512017689104e-05 3.654512017689104e-05" mass="0.054663525340932204" pos="0 0 0" quat="1 0 0 0"/>
    <freejoint name="sphere_normal_100"/>
    <geom mesh="sphere_normal_100" name="sphere_normal_100_geom" type="mesh"/>
  </body>
  <body name="cylinder_12_fillet_15_upright_15" pos="0 0 0">
    <inertial diaginertia="0.00022085999999999997 0.00022085999999999997 9.719999999999998e-06" mass="0.021599999999999998" pos="0 0 0" quat="0 0.01 0 0"/>
    <freejoint name="cylinder_12_fillet_15_upright_15"/>
    <geom mesh="cylinder_12_fillet_15_upright_15" name="cylinder_12_fillet_15_upright_15_geom" type="mesh"/>
  </body>
  <body name="sphere_normal_82" pos="0 0 0">
    <inertial diaginertia="6.718211239371288e-05 6.718211239371288e-05 6.718211239371288e-05" mass="0.07876843069407692" pos="0 0 0" quat="1 0 0 0"/>
    <freejoint name="sphere_normal_82"/>
    <geom mesh="sphere_normal_82" name="sphere_normal_82_geom" type="mesh"/>
  </body>
  <body name="cylinder_11_fillet_15_normal_4" pos="0 0 0">
    <inertial diaginertia="0.002225240071614583 0.002225240071614583 0.0003814697265625" mass="0.1953125" pos="0 0 0" quat="1 0 0 0"/>
    <freejoint name="cylinder_11_fillet_15_normal_4"/>
    <geom mesh="cylinder_11_fillet_15_normal_4" name="cylinder_11_fillet_15_normal_4_geom" type="mesh"/>
  </body>
  <body name="cylinder_13_fillet_5_sideways_14" pos="0 0 0">
    <inertial diaginertia="0.00037861697182419335 0.00037861697182419335 1.15842013535097e-05" mass="0.023997922740524782" pos="0 0 0" quat="0.683 0.683 0.183 0.183"/>
    <freejoint name="cylinder_13_fillet_5_sideways_14"/>
    <geom mesh="cylinder_13_fillet_5_sideways_14" name="cylinder_13_fillet_5_sideways_14_geom" type="mesh"/>
  </body>
  <body name="cylinder_21_fillet_15_normal_12" pos="0 0 0">
    <inertial diaginertia="6.351061786786507e-05 6.351061786786507e-05 1.6773417986181352e-05" mass="0.013043403790087463" pos="0 0 0" quat="1 0 0 0"/>
    <freejoint name="cylinder_21_fillet_15_normal_12"/>
    <geom mesh="cylinder_21_fillet_15_normal_12" name="cylinder_21_fillet_15_normal_12_geom" type="mesh"/>
  </body>
  <body name="cylinder_14_fillet_5_normal_10" pos="0 0 0">
    <inertial diaginertia="0.0008445547722152132 0.0008445547722152132 2.2102724355458288e-05" mass="0.035360750728862966" pos="0 0 0" quat="0.683 0.683 0.183 0.183"/>
    <freejoint name="cylinder_14_fillet_5_normal_10"/>
    <geom mesh="cylinder_14_fillet_5_normal_10" name="cylinder_14_fillet_5_normal_10_geom" type="mesh"/>
  </body>
  <body name="cylinder_11_fillet_35_normal_13" pos="0 0 0">
    <inertial diaginertia="0.0003618133333333333 0.0003618133333333333 4.096e-05" mass="0.051199999999999996" pos="0 0 0" quat="1 0 0 0"/>
    <freejoint name="cylinder_11_fillet_35_normal_13"/>
    <geom mesh="cylinder_11_fillet_35_normal_13" name="cylinder_11_fillet_35_normal_13_geom" type="mesh"/>
  </body>
  <body name="ground" pos="0 0 0">
    <geom name="ground_geom" size="1 1 1" type="plane"/>
  </body>
</mujoco>