<mujoco><body name="cube_fillet_35_normal_14" pos="0 0 0">
    <inertial diaginertia="2.0424324785307697e-05 2.0424324785307697e-05 2.0424324785307697e-05" mass="0.028377842565597656" pos="0 0 0" quat="1 0 0 0"/>
    <freejoint name="cube_fillet_35_normal_14"/>
    <geom mesh="cube_fillet_35_normal_14" name="cube_fillet_35_normal_14_geom" type="mesh"/>
  </body>
  <body name="cube_fillet_25_normal_12" pos="0 0 0">
    <inertial diaginertia="4.5533113583625855e-05 4.5533113583625855e-05 4.5533113583625855e-05" mass="0.04590787172011661" pos="0 0 0" quat="1 0 0 0"/>
    <freejoint name="cube_fillet_25_normal_12"/>
    <geom mesh="cube_fillet_25_normal_12" name="cube_fillet_25_normal_12_geom" type="mesh"/>
  </body>
  <body name="cylinder_14_fillet_25_normal_2" pos="0 0 0">
    <inertial diaginertia="0.002018752079726592 0.002018752079726592 6.543278294339782e-05" mass="0.06781585276967929" pos="0 0 0" quat="0.683 0.683 0.183 0.183"/>
    <freejoint name="cylinder_14_fillet_25_normal_2"/>
    <geom mesh="cylinder_14_fillet_25_normal_2" name="cylinder_14_fillet_25_normal_2_geom" type="mesh"/>
  </body>
  <body name="cylinder_13_fillet_25_sideways_14" pos="0 0 0">
    <inertial diaginertia="0.00037861697182419335 0.00037861697182419335 1.15842013535097e-05" mass="0.023997922740524782" pos="0 0 0" quat="0.683 0.683 0.183 0.183"/>
    <freejoint name="cylinder_13_fillet_25_sideways_14"/>
    <geom mesh="cylinder_13_fillet_25_sideways_14" name="cylinder_13_fillet_25_sideways_14_geom" type="mesh"/>
  </body>
  <body name="cylinder_13_fillet_15_sideways_1" pos="0 0 0">
    <inertial diaginertia="0.0016771556250000004 0.0016771556250000004 7.381125000000003e-05" mass="0.07290000000000002" pos="0 0 0" quat="0.683 0.683 0.183 0.183"/>
    <freejoint name="cylinder_13_fillet_15_sideways_1"/>
    <geom mesh="cylinder_13_fillet_15_sideways_1" name="cylinder_13_fillet_15_sideways_1_geom" type="mesh"/>
  </body>
  <body name="cylinder_21_fillet_35_normal_3" pos="0 0 0">
    <inertial diaginertia="0.0004904016929453999 0.0004904016929453999 0.0001952629166418755" mass="0.05688396501457727" pos="0 0 0" quat="1 0 0 0"/>
    <freejoint name="cylinder_21_fillet_35_normal_3"/>
    <geom mesh="cylinder_21_fillet_35_normal_3" name="cylinder_21_fillet_35_normal_3_geom" type="mesh"/>
  </body>
  <body name="cylinder_13_fillet_5_sideways_13" pos="0 0 0">
    <inertial diaginertia="0.00043383255953620485 0.00043383255953620485 1.3724052850002968e-05" mass="0.026567055393585996" pos="0 0 0" quat="0.683 0.683 0.183 0.183"/>
    <freejoint name="cylinder_13_fillet_5_sideways_13"/>
    <geom mesh="cylinder_13_fillet_5_sideways_13" name="cylinder_13_fillet_5_sideways_13_geom" type="mesh"/>
  </body>
  <body name="cylinder_13_fillet_5_sideways_12" pos="0 0 0">
    <inertial diaginertia="0.0004948947161304161 0.0004948947161304161 1.6169052731469775e-05" mass="0.029313301749271135" pos="0 0 0" quat="0.683 0.683 0.183 0.183"/>
    <freejoint name="cylinder_13_fillet_5_sideways_12"/>
    <geom mesh="cylinder_13_fillet_5_sideways_12" name="cylinder_13_fillet_5_sideways_12_geom" type="mesh"/>
  </body>
  <body name="cylinder_11_fillet_15_normal_8" pos="0 0 0">
    <inertial diaginertia="0.0010926894726562492 0.0010926894726562492 0.00015953519531249985" mass="0.11576249999999993" pos="0 0 0" quat="1 0 0 0"/>
    <freejoint name="cylinder_11_fillet_15_normal_8"/>
    <geom mesh="cylinder_11_fillet_15_normal_8" name="cylinder_11_fillet_15_normal_8_geom" type="mesh"/>
  </body>
  <body name="sphere_normal_55" pos="0 0 0">
    <inertial diaginertia="0.00014854037232200142 0.00014854037232200142 0.00014854037232200142" mass="0.12679633625076325" pos="0 0 0" quat="1 0 0 0"/>
    <freejoint name="sphere_normal_55"/>
    <geom mesh="sphere_normal_55" name="sphere_normal_55_geom" type="mesh"/>
  </body>
  <body name="cylinder_14_fillet_5_normal_7" pos="0 0 0">
    <inertial diaginertia="0.001197563047539716 0.001197563047539716 3.414983518771942e-05" mass="0.04590787172011663" pos="0 0 0" quat="0.683 0.683 0.183 0.183"/>
    <freejoint name="cylinder_14_fillet_5_normal_7"/>
    <geom mesh="cylinder_14_fillet_5_normal_7" name="cylinder_14_fillet_5_normal_7_geom" type="mesh"/>
  </body>
  <body name="cylinder_21_fillet_25_normal_4" pos="0 0 0">
    <inertial diaginertia="0.00040763273557427716 0.00040763273557427716 0.00015665516554672166" mass="0.04984077988338193" pos="0 0 0" quat="1 0 0 0"/>
    <freejoint name="cylinder_21_fillet_25_normal_4"/>
    <geom mesh="cylinder_21_fillet_25_normal_4" name="cylinder_21_fillet_25_normal_4_geom" type="mesh"/>
  </body>
  <body name="cube_fillet_15_normal_15" pos="0 0 0">
    <inertial diaginertia="1.2959999999999998e-05 1.2959999999999998e-05 1.2959999999999998e-05" mass="0.021599999999999998" pos="0 0 0" quat="1 0 0 0"/>
    <freejoint name="cube_fillet_15_normal_15"/>
    <geom mesh="cube_fillet_15_normal_15" name="cube_fillet_15_normal_15_geom" type="mesh"/>
  </body>
  <body name="cylinder_13_fillet_15_sideways_10" pos="0 0 0">
    <inertial diaginertia="0.000636178919705842 0.000636178919705842 2.2102724355458288e-05" mass="0.035360750728862966" pos="0 0 0" quat="0.683 0.683 0.183 0.183"/>
    <freejoint name="cylinder_13_fillet_15_sideways_10"/>
    <geom mesh="cylinder_13_fillet_15_sideways_10" name="cylinder_13_fillet_15_sideways_10_geom" type="mesh"/>
  </body>
  <body name="cylinder_11_fillet_5_normal_13" pos="0 0 0">
    <inertial diaginertia="0.0003618133333333333 0.0003618133333333333 4.096e-05" mass="0.051199999999999996" pos="0 0 0" quat="1 0 0 0"/>
    <freejoint name="cylinder_11_fillet_5_normal_13"/>
    <geom mesh="cylinder_11_fillet_5_normal_13" name="cylinder_11_fillet_5_normal_13_geom" type="mesh"/>
  </body>
  <body name="cylinder_11_fillet_35_normal_7" pos="0 0 0">
    <inertial diaginertia="0.0013207402083333325 0.0013207402083333325 0.00020131374999999988" mass="0.13309999999999994" pos="0 0 0" quat="1 0 0 0"/>
    <freejoint name="cylinder_11_fillet_35_normal_7"/>
    <geom mesh="cylinder_11_fillet_35_normal_7" name="cylinder_11_fillet_35_normal_7_geom" type="mesh"/>
  </body>
  <body name="cylinder_11_fillet_5_normal_6" pos="0 0 0">
    <inertial diaginertia="0.0015832150325520828 0.0015832150325520828 0.0002514196484374999" mass="0.15208749999999996" pos="0 0 0" quat="1 0 0 0"/>
    <freejoint name="cylinder_11_fillet_5_normal_6"/>
    <geom mesh="cylinder_11_fillet_5_normal_6" name="cylinder_11_fillet_5_normal_6_geom" type="mesh"/>
  </body>
  <body name="cylinder_11_fillet_25_normal_13" pos="0 0 0">
    <inertial diaginertia="0.0003618133333333333 0.0003618133333333333 4.096e-05" mass="0.051199999999999996" pos="0 0 0" quat="1 0 0 0"/>
    <freejoint name="cylinder_11_fillet_25_normal_13"/>
    <geom mesh="cylinder_11_fillet_25_normal_13" name="cylinder_11_fillet_25_normal_13_geom" type="mesh"/>
  </body>
  <body name="sphere_normal_91" pos="0 0 0">
    <inertial diaginertia="5.001081937688089e-05 5.001081937688089e-05 5.001081937688089e-05" mass="0.06598396092000812" pos="0 0 0" quat="1 0 0 0"/>
    <freejoint name="sphere_normal_91"/>
    <geom mesh="sphere_normal_91" name="sphere_normal_91_geom" type="mesh"/>
  </body>
  <body name="cylinder_21_fillet_45_normal_7" pos="0 0 0">
    <inertial diaginertia="0.000222144696852502 0.000222144696852502 7.580292973165945e-05" mass="0.032242565597667645" pos="0 0 0" quat="1 0 0 0"/>
    <freejoint name="cylinder_21_fillet_45_normal_7"/>
    <geom mesh="cylinder_21_fillet_45_normal_7" name="cylinder_21_fillet_45_normal_7_geom" type="mesh"/>
  </body>
  <body name="ground" pos="0 0 0">
    <geom name="ground_geom" size="1 1 1" type="plane"/>
  </body>
</mujoco>