<mujoco><body name="cylinder_21_fillet_35_normal_14" pos="0 0 0">
    <inertial diaginertia="3.396087180781571e-05 3.396087180781571e-05 7.85197667824419e-06" mass="0.00827190233236152" pos="0 0 0" quat="1 0 0 0"/>
    <freejoint name="cylinder_21_fillet_35_normal_14"/>
    <geom mesh="cylinder_21_fillet_35_normal_14" name="cylinder_21_fillet_35_normal_14_geom" type="mesh"/>
  </body>
  <body name="cylinder_11_fillet_15_normal_6" pos="0 0 0">
    <inertial diaginertia="0.0015832150325520828 0.0015832150325520828 0.0002514196484374999" mass="0.15208749999999996" pos="0 0 0" quat="1 0 0 0"/>
    <freejoint name="cylinder_11_fillet_15_normal_6"/>
    <geom mesh="cylinder_11_fillet_15_normal_6" name="cylinder_11_fillet_15_normal_6_geom" type="mesh"/>
  </body>
  <body name="cylinder_11_fillet_15_normal_12" pos="0 0 0">
    <inertial diaginertia="0.00046273679036458335 0.00046273679036458335 5.5463164062500016e-05" mass="0.06141250000000001" pos="0 0 0" quat="1 0 0 0"/>
    <freejoint name="cylinder_11_fillet_15_normal_12"/>
    <geom mesh="cylinder_11_fillet_15_normal_12" name="cylinder_11_fillet_15_normal_12_geom" type="mesh"/>
  </body>
  <body name="sphere_normal_116" pos="0 0 0">
    <inertial diaginertia="1.9828093141069822e-05 1.9828093141069822e-05 1.9828093141069822e-05" mass="0.03787638917158557" pos="0 0 0" quat="1 0 0 0"/>
    <freejoint name="sphere_normal_116"/>
    <geom mesh="sphere_normal_116" name="sphere_normal_116_geom" type="mesh"/>
  </body>
  <body name="sphere_normal_86" pos="0 0 0">
    <inertial diaginertia="5.9048999999999976e-05 5.9048999999999976e-05 5.9048999999999976e-05" mass="0.07289999999999998" pos="0 0 0" quat="1 0 0 0"/>
    <freejoint name="sphere_normal_86"/>
    <geom mesh="sphere_normal_86" name="sphere_normal_86_geom" type="mesh"/>
  </body>
  <body name="cylinder_21_fillet_25_normal_3" pos="0 0 0">
    <inertial diaginertia="0.0004904016929453999 0.0004904016929453999 0.0001952629166418755" mass="0.05688396501457727" pos="0 0 0" quat="1 0 0 0"/>
    <freejoint name="cylinder_21_fillet_25_normal_3"/>
    <geom mesh="cylinder_21_fillet_25_normal_3" name="cylinder_21_fillet_25_normal_3_geom" type="mesh"/>
  </body>
  <body name="sphere_normal_103" pos="0 0 0">
    <inertial diaginertia="3.2768e-05 3.2768e-05 3.2768e-05" mass="0.051199999999999996" pos="0 0 0" quat="1 0 0 0"/>
    <freejoint name="sphere_normal_103"/>
    <geom mesh="sphere_normal_103" name="sphere_normal_103_geom" type="mesh"/>
  </body>
  <body name="sphere_normal_107" pos="0 0 0">
    <inertial diaginertia="2.8224421495967536e-05 2.8224421495967536e-05 2.8224421495967536e-05" mass="0.046813922247099515" pos="0 0 0" quat="1 0 0 0"/>
    <freejoint name="sphere_normal_107"/>
    <geom mesh="sphere_normal_107" name="sphere_normal_107_geom" type="mesh"/>
  </body>
  <body name="cylinder_21_fillet_25_normal_14" pos="0 0 0">
    <inertial diaginertia="3.396087180781571e-05 3.396087180781571e-05 7.85197667824419e-06" mass="0.00827190233236152" pos="0 0 0" quat="1 0 0 0"/>
    <freejoint name="cylinder_21_fillet_25_normal_14"/>
    <geom mesh="cylinder_21_fillet_25_normal_14" name="cylinder_21_fillet_25_normal_14_geom" type="mesh"/>
  </body>
  <body name="cylinder_21_fillet_35_normal_2" pos="0 0 0">
    <inertial diaginertia="0.0005855613038264688 0.0005855613038264688 0.00024113301564266388" mass="0.06456126093294462" pos="0 0 0" quat="1 0 0 0"/>
    <freejoint name="cylinder_21_fillet_35_normal_2"/>
    <geom mesh="cylinder_21_fillet_35_normal_2" name="cylinder_21_fillet_35_normal_2_geom" type="mesh"/>
  </body>
  <body name="sphere_normal_92" pos="0 0 0">
    <inertial diaginertia="4.834394274000832e-05 4.834394274000832e-05 4.834394274000832e-05" mass="0.06465546509261143" pos="0 0 0" quat="1 0 0 0"/>
    <freejoint name="sphere_normal_92"/>
    <geom mesh="sphere_normal_92" name="sphere_normal_92_geom" type="mesh"/>
  </body>
  <body name="cylinder_13_fillet_15_sideways_14" pos="0 0 0">
    <inertial diaginertia="0.00037861697182419335 0.00037861697182419335 1.15842013535097e-05" mass="0.023997922740524782" pos="0 0 0" quat="0.683 0.683 0.183 0.183"/>
    <freejoint name="cylinder_13_fillet_15_sideways_14"/>
    <geom mesh="cylinder_13_fillet_15_sideways_14" name="cylinder_13_fillet_15_sideways_14_geom" type="mesh"/>
  </body>
  <body name="cylinder_12_fillet_25_upright_9" pos="0 0 0">
    <inertial diaginertia="0.00029150904849913707 0.00029150904849913707 1.3724052850002968e-05" mass="0.026567055393585996" pos="0 0 0" quat="0 0.01 0 0"/>
    <freejoint name="cylinder_12_fillet_25_upright_9"/>
    <geom mesh="cylinder_12_fillet_25_upright_9" name="cylinder_12_fillet_25_upright_9_geom" type="mesh"/>
  </body>
  <body name="cube_fillet_45_normal_3" pos="0 0 0">
    <inertial diaginertia="0.0005855595882667932 0.0005855595882667932 0.0005855595882667932" mass="0.21253644314868797" pos="0 0 0" quat="1 0 0 0"/>
    <freejoint name="cube_fillet_45_normal_3"/>
    <geom mesh="cube_fillet_45_normal_3" name="cube_fillet_45_normal_3_geom" type="mesh"/>
  </body>
  <body name="cylinder_12_fillet_15_upright_13" pos="0 0 0">
    <inertial diaginertia="0.00024278463994417015 0.00024278463994417015 1.0933572544178026e-05" mass="0.023179883381924202" pos="0 0 0" quat="0 0.01 0 0"/>
    <freejoint name="cylinder_12_fillet_15_upright_13"/>
    <geom mesh="cylinder_12_fillet_15_upright_13" name="cylinder_12_fillet_15_upright_13_geom" type="mesh"/>
  </body>
  <body name="cylinder_13_fillet_15_sideways_12" pos="0 0 0">
    <inertial diaginertia="0.0004948947161304161 0.0004948947161304161 1.6169052731469775e-05" mass="0.029313301749271135" pos="0 0 0" quat="0.683 0.683 0.183 0.183"/>
    <freejoint name="cylinder_13_fillet_15_sideways_12"/>
    <geom mesh="cylinder_13_fillet_15_sideways_12" name="cylinder_13_fillet_15_sideways_12_geom" type="mesh"/>
  </body>
  <body name="cylinder_21_fillet_5_normal_11" pos="0 0 0">
    <inertial diaginertia="8.415643799210652e-05 8.415643799210652e-05 2.3572073540786596e-05" mass="0.01599766763848397" pos="0 0 0" quat="1 0 0 0"/>
    <freejoint name="cylinder_21_fillet_5_normal_11"/>
    <geom mesh="cylinder_21_fillet_5_normal_11" name="cylinder_21_fillet_5_normal_11_geom" type="mesh"/>
  </body>
  <body name="cylinder_11_fillet_5_normal_5" pos="0 0 0">
    <inertial diaginertia="0.0018835199999999996 0.0018835199999999996 0.00031103999999999995" mass="0.17279999999999998" pos="0 0 0" quat="1 0 0 0"/>
    <freejoint name="cylinder_11_fillet_5_normal_5"/>
    <geom mesh="cylinder_11_fillet_5_normal_5" name="cylinder_11_fillet_5_normal_5_geom" type="mesh"/>
  </body>
  <body name="sphere_normal_81" pos="0 0 0">
    <inertial diaginertia="6.934909978117512e-05 6.934909978117512e-05 6.934909978117512e-05" mass="0.0802831671076735" pos="0 0 0" quat="1 0 0 0"/>
    <freejoint name="sphere_normal_81"/>
    <geom mesh="sphere_normal_81" name="sphere_normal_81_geom" type="mesh"/>
  </body>
  <body name="cylinder_14_fillet_15_normal_9" pos="0 0 0">
    <inertial diaginertia="0.0009520503231912296 0.0009520503231912296 2.5660829639435942e-05" mass="0.0386737609329446" pos="0 0 0" quat="0.683 0.683 0.183 0.183"/>
    <freejoint name="cylinder_14_fillet_15_normal_9"/>
    <geom mesh="cylinder_14_fillet_15_normal_9" name="cylinder_14_fillet_15_normal_9_geom" type="mesh"/>
  </body>
  <body name="ground" pos="0 0 0">
    <geom name="ground_geom" size="1 1 1" type="plane"/>
  </body>
</mujoco>