<mujoco><body name="sphere_normal_60" pos="0 0 0">
    <inertial diaginertia="0.00012942570758815846 0.00012942570758815846 0.00012942570758815846" mass="0.11673802157541212" pos="0 0 0" quat="1 0 0 0"/>
    <freejoint name="sphere_normal_60"/>
    <geom mesh="sphere_normal_60" name="sphere_normal_60_geom" type="mesh"/>
  </body>
  <body name="cube_fillet_5_normal_10" pos="0 0 0">
    <inertial diaginertia="9.084834017572043e-05 9.084834017572043e-05 9.084834017572043e-05" mass="0.06948338192419824" pos="0 0 0" quat="1 0 0 0"/>
    <freejoint name="cube_fillet_5_normal_10"/>
    <geom mesh="cube_fillet_5_normal_10" name="cube_fillet_5_normal_10_geom" type="mesh"/>
  </body>
  <body name="cylinder_11_fillet_35_normal_5" pos="0 0 0">
    <inertial diaginertia="0.0018835199999999996 0.0018835199999999996 0.00031103999999999995" mass="0.17279999999999998" pos="0 0 0" quat="1 0 0 0"/>
    <freejoint name="cylinder_11_fillet_35_normal_5"/>
    <geom mesh="cylinder_11_fillet_35_normal_5" name="cylinder_11_fillet_35_normal_5_geom" type="mesh"/>
  </body>
  <body name="cylinder_12_fillet_5_sideways_9" pos="0 0 0">
    <inertial diaginertia="0.0009285416790622954 0.0009285416790622954 5.7833045754745045e-05" mass="0.0629737609329446" pos="0 0 0" quat="0.683 0.683 0.183 0.183"/>
    <freejoint name="cylinder_12_fillet_5_sideways_9"/>
    <geom mesh="cylinder_12_fillet_5_sideways_9" name="cylinder_12_fillet_5_sideways_9_geom" type="mesh"/>
  </body>
  <body name="sphere_normal_26" pos="0 0 0">
    <inertial diaginertia="0.0003087830199048215 0.0003087830199048215 0.0003087830199048215" mass="0.19669442295949524" pos="0 0 0" quat="1 0 0 0"/>
    <freejoint name="sphere_normal_26"/>
    <geom mesh="sphere_normal_26" name="sphere_normal_26_geom" type="mesh"/>
  </body>
  <body name="cube_fillet_5_normal_12" pos="0 0 0">
    <inertial diaginertia="4.5533113583625855e-05 4.5533113583625855e-05 4.5533113583625855e-05" mass="0.04590787172011661" pos="0 0 0" quat="1 0 0 0"/>
    <freejoint name="cube_fillet_5_normal_12"/>
    <geom mesh="cube_fillet_5_normal_12" name="cube_fillet_5_normal_12_geom" type="mesh"/>
  </body>
  <body name="cylinder_21_fillet_45_normal_12" pos="0 0 0">
    <inertial diaginertia="6.351061786786507e-05 6.351061786786507e-05 1.6773417986181352e-05" mass="0.013043403790087463" pos="0 0 0" quat="1 0 0 0"/>
    <freejoint name="cylinder_21_fillet_45_normal_12"/>
    <geom mesh="cylinder_21_fillet_45_normal_12" name="cylinder_21_fillet_45_normal_12_geom" type="mesh"/>
  </body>
  <body name="cylinder_11_fillet_25_normal_3" pos="0 0 0">
    <inertial diaginertia="0.0026121414583333315 0.0026121414583333315 0.0004641162499999997" mass="0.21969999999999992" pos="0 0 0" quat="1 0 0 0"/>
    <freejoint name="cylinder_11_fillet_25_normal_3"/>
    <geom mesh="cylinder_11_fillet_25_normal_3" name="cylinder_11_fillet_25_normal_3_geom" type="mesh"/>
  </body>
  <body name="cylinder_21_fillet_15_normal_15" pos="0 0 0">
    <inertial diaginertia="2.3893333333333344e-05 2.3893333333333344e-05 5.120000000000004e-06" mass="0.006400000000000002" pos="0 0 0" quat="1 0 0 0"/>
    <freejoint name="cylinder_21_fillet_15_normal_15"/>
    <geom mesh="cylinder_21_fillet_15_normal_15" name="cylinder_21_fillet_15_normal_15_geom" type="mesh"/>
  </body>
  <body name="sphere_normal_30" pos="0 0 0">
    <inertial diaginertia="0.00028085801601781006 0.00028085801601781006 0.00028085801601781006" mass="0.18581984530836548" pos="0 0 0" quat="1 0 0 0"/>
    <freejoint name="sphere_normal_30"/>
    <geom mesh="sphere_normal_30" name="sphere_normal_30_geom" type="mesh"/>
  </body>
  <body name="cylinder_21_fillet_25_normal_9" pos="0 0 0">
    <inertial diaginertia="0.00014052607192439662 0.00014052607192439662 4.3734290176712105e-05" mass="0.023179883381924202" pos="0 0 0" quat="1 0 0 0"/>
    <freejoint name="cylinder_21_fillet_25_normal_9"/>
    <geom mesh="cylinder_21_fillet_25_normal_9" name="cylinder_21_fillet_25_normal_9_geom" type="mesh"/>
  </body>
  <body name="cube_fillet_45_normal_10" pos="0 0 0">
    <inertial diaginertia="9.084834017572043e-05 9.084834017572043e-05 9.084834017572043e-05" mass="0.06948338192419824" pos="0 0 0" quat="1 0 0 0"/>
    <freejoint name="cube_fillet_45_normal_10"/>
    <geom mesh="cube_fillet_45_normal_10" name="cube_fillet_45_normal_10_geom" type="mesh"/>
  </body>
  <body name="cylinder_11_fillet_25_normal_9" pos="0 0 0">
    <inertial diaginertia="0.0008958333333333334 0.0008958333333333334 0.00012500000000000003" mass="0.1" pos="0 0 0" quat="1 0 0 0"/>
    <freejoint name="cylinder_11_fillet_25_normal_9"/>
    <geom mesh="cylinder_11_fillet_25_normal_9" name="cylinder_11_fillet_25_normal_9_geom" type="mesh"/>
  </body>
  <body name="cylinder_13_fillet_15_sideways_4" pos="0 0 0">
    <inertial diaginertia="0.0012449487633930897 0.0012449487633930897 5.0956447548361555e-05" mass="0.05836782069970846" pos="0 0 0" quat="0.683 0.683 0.183 0.183"/>
    <freejoint name="cylinder_13_fillet_15_sideways_4"/>
    <geom mesh="cylinder_13_fillet_15_sideways_4" name="cylinder_13_fillet_15_sideways_4_geom" type="mesh"/>
  </body>
  <body name="cylinder_21_fillet_45_normal_15" pos="0 0 0">
    <inertial diaginertia="2.3893333333333344e-05 2.3893333333333344e-05 5.120000000000004e-06" mass="0.006400000000000002" pos="0 0 0" quat="1 0 0 0"/>
    <freejoint name="cylinder_21_fillet_45_normal_15"/>
    <geom mesh="cylinder_21_fillet_45_normal_15" name="cylinder_21_fillet_45_normal_15_geom" type="mesh"/>
  </body>
  <body name="cube_fillet_5_normal_1" pos="0 0 0">
    <inertial diaginertia="0.0008963733333333331 0.0008963733333333331 0.0008963733333333331" mass="0.2744" pos="0 0 0" quat="1 0 0 0"/>
    <freejoint name="cube_fillet_5_normal_1"/>
    <geom mesh="cube_fillet_5_normal_1" name="cube_fillet_5_normal_1_geom" type="mesh"/>
  </body>
  
  <body name="cylinder_12_fillet_15_upright_8" pos="0 0 0">
    <inertial diaginertia="0.00030476223307291647 0.00030476223307291647 1.450363281249999e-05" mass="0.02746249999999999" pos="0 0 0" quat="0 0.01 0 0"/>
    <freejoint name="cylinder_12_fillet_15_upright_8"/>
    <geom mesh="cylinder_12_fillet_15_upright_8" name="cylinder_12_fillet_15_upright_8_geom" type="mesh"/>
  </body>
  <body name="cylinder_14_fillet_25_normal_12" pos="0 0 0">
    <inertial diaginertia="0.00065716477938531 0.00065716477938531 1.6169052731469775e-05" mass="0.029313301749271135" pos="0 0 0" quat="0.683 0.683 0.183 0.183"/>
    <freejoint name="cylinder_14_fillet_25_normal_12"/>
    <geom mesh="cylinder_14_fillet_25_normal_12" name="cylinder_14_fillet_25_normal_12_geom" type="mesh"/>
  </body>
  <body name="cube_fillet_15_normal_4" pos="0 0 0">
    <inertial diaginertia="0.0004664990952182619 0.0004664990952182619 0.0004664990952182619" mass="0.1854390670553935" pos="0 0 0" quat="1 0 0 0"/>
    <freejoint name="cube_fillet_15_normal_4"/>
    <geom mesh="cube_fillet_15_normal_4" name="cube_fillet_15_normal_4_geom" type="mesh"/>
  </body>
  <body name="cylinder_12_fillet_25_sideways_9" pos="0 0 0">
    <inertial diaginertia="0.0009285416790622954 0.0009285416790622954 5.7833045754745045e-05" mass="0.0629737609329446" pos="0 0 0" quat="0.683 0.683 0.183 0.183"/>
    <freejoint name="cylinder_12_fillet_25_sideways_9"/>
    <geom mesh="cylinder_12_fillet_25_sideways_9" name="cylinder_12_fillet_25_sideways_9_geom" type="mesh"/>
  </body>
  <body name="ground" pos="0 0 0">
    <geom name="ground_geom" size="1 1 1" type="plane"/>
  </body>
</mujoco>