<mujoco><body name="cylinder_21_fillet_35_normal_9" pos="0 0 0">
    <inertial diaginertia="0.00014052607192439662 0.00014052607192439662 4.3734290176712105e-05" mass="0.023179883381924202" pos="0 0 0" quat="1 0 0 0"/>
    <freejoint name="cylinder_21_fillet_35_normal_9"/>
    <geom mesh="cylinder_21_fillet_35_normal_9" name="cylinder_21_fillet_35_normal_9_geom" type="mesh"/>
  </body>
  <body name="sphere_normal_105" pos="0 0 0">
    <inertial diaginertia="3.042841879428701e-05 3.042841879428701e-05 3.042841879428701e-05" mass="0.04897423163036838" pos="0 0 0" quat="1 0 0 0"/>
    <freejoint name="sphere_normal_105"/>
    <geom mesh="sphere_normal_105" name="sphere_normal_105_geom" type="mesh"/>
  </body>
  <body name="cylinder_12_fillet_15_upright_5" pos="0 0 0">
    <inertial diaginertia="0.00034725422716973075 0.00034725422716973075 1.7057253450943056e-05" mass="0.03026909620991253" pos="0 0 0" quat="0 0.01 0 0"/>
    <freejoint name="cylinder_12_fillet_15_upright_5"/>
    <geom mesh="cylinder_12_fillet_15_upright_5" name="cylinder_12_fillet_15_upright_5_geom" type="mesh"/>
  </body>
  <body name="cylinder_13_fillet_25_sideways_5" pos="0 0 0">
    <inertial diaginertia="0.0011215005227360624 0.0011215005227360624 4.475010836258703e-05" mass="0.05399212827988339" pos="0 0 0" quat="0.683 0.683 0.183 0.183"/>
    <freejoint name="cylinder_13_fillet_25_sideways_5"/>
    <geom mesh="cylinder_13_fillet_25_sideways_5" name="cylinder_13_fillet_25_sideways_5_geom" type="mesh"/>
  </body>
  <body name="cylinder_14_fillet_25_normal_11" pos="0 0 0">
    <inertial diaginertia="0.0007464482941631465 0.0007464482941631465 1.8950732432914862e-05" mass="0.032242565597667645" pos="0 0 0" quat="0.683 0.683 0.183 0.183"/>
    <freejoint name="cylinder_14_fillet_25_normal_11"/>
    <geom mesh="cylinder_14_fillet_25_normal_11" name="cylinder_14_fillet_25_normal_11_geom" type="mesh"/>
  </body>
  <body name="sphere_normal_89" pos="0 0 0">
    <inertial diaginertia="5.348249858964671e-05 5.348249858964671e-05 5.348249858964671e-05" mass="0.06869529818847954" pos="0 0 0" quat="1 0 0 0"/>
    <freejoint name="sphere_normal_89"/>
    <geom mesh="sphere_normal_89" name="sphere_normal_89_geom" type="mesh"/>
  </body>
  <body name="cylinder_21_fillet_35_normal_11" pos="0 0 0">
    <inertial diaginertia="8.415643799210652e-05 8.415643799210652e-05 2.3572073540786596e-05" mass="0.01599766763848397" pos="0 0 0" quat="1 0 0 0"/>
    <freejoint name="cylinder_21_fillet_35_normal_11"/>
    <geom mesh="cylinder_21_fillet_35_normal_11" name="cylinder_21_fillet_35_normal_11_geom" type="mesh"/>
  </body>
  <body name="cylinder_13_fillet_25_sideways_1" pos="0 0 0">
    <inertial diaginertia="0.0016771556250000004 0.0016771556250000004 7.381125000000003e-05" mass="0.07290000000000002" pos="0 0 0" quat="0.683 0.683 0.183 0.183"/>
    <freejoint name="cylinder_13_fillet_25_sideways_1"/>
    <geom mesh="cylinder_13_fillet_25_sideways_1" name="cylinder_13_fillet_25_sideways_1_geom" type="mesh"/>
  </body>
  <body name="cylinder_11_fillet_35_normal_8" pos="0 0 0">
    <inertial diaginertia="0.0010926894726562492 0.0010926894726562492 0.00015953519531249985" mass="0.11576249999999993" pos="0 0 0" quat="1 0 0 0"/>
    <freejoint name="cylinder_11_fillet_35_normal_8"/>
    <geom mesh="cylinder_11_fillet_35_normal_8" name="cylinder_11_fillet_35_normal_8_geom" type="mesh"/>
  </body>
  <body name="cylinder_12_fillet_5_upright_1" pos="0 0 0">
    <inertial diaginertia="0.0004106710416666666 0.0004106710416666666 2.1008749999999994e-05" mass="0.0343" pos="0 0 0" quat="0 0.01 0 0"/>
    <freejoint name="cylinder_12_fillet_5_upright_1"/>
    <geom mesh="cylinder_12_fillet_5_upright_1" name="cylinder_12_fillet_5_upright_1_geom" type="mesh"/>
  </body>
  <body name="sphere_normal_34" pos="0 0 0">
    <inertial diaginertia="0.0002549909097359805 0.0002549909097359805 0.0002549909097359805" mass="0.17535365357215552" pos="0 0 0" quat="1 0 0 0"/>
    <freejoint name="sphere_normal_34"/>
    <geom mesh="sphere_normal_34" name="sphere_normal_34_geom" type="mesh"/>
  </body>
  <body name="cylinder_21_fillet_35_normal_6" pos="0 0 0">
    <inertial diaginertia="0.00027458620741946583 0.00027458620741946583 9.770947838884107e-05" mass="0.03754741253644317" pos="0 0 0" quat="1 0 0 0"/>
    <freejoint name="cylinder_21_fillet_35_normal_6"/>
    <geom mesh="cylinder_21_fillet_35_normal_6" name="cylinder_21_fillet_35_normal_6_geom" type="mesh"/>
  </body>
  <body name="cylinder_12_fillet_5_upright_6" pos="0 0 0">
    <inertial diaginertia="0.0003326246528755225 0.0003326246528755225 1.6169052731469775e-05" mass="0.029313301749271135" pos="0 0 0" quat="0 0.01 0 0"/>
    <freejoint name="cylinder_12_fillet_5_upright_6"/>
    <geom mesh="cylinder_12_fillet_5_upright_6" name="cylinder_12_fillet_5_upright_6_geom" type="mesh"/>
  </body>
  <body name="cylinder_13_fillet_25_sideways_9" pos="0 0 0">
    <inertial diaginertia="0.0007172453460983516 0.0007172453460983516 2.5660829639435942e-05" mass="0.0386737609329446" pos="0 0 0" quat="0.683 0.683 0.183 0.183"/>
    <freejoint name="cylinder_13_fillet_25_sideways_9"/>
    <geom mesh="cylinder_13_fillet_25_sideways_9" name="cylinder_13_fillet_25_sideways_9_geom" type="mesh"/>
  </body>
  <body name="cube_fillet_5_normal_14" pos="0 0 0">
    <inertial diaginertia="2.0424324785307697e-05 2.0424324785307697e-05 2.0424324785307697e-05" mass="0.028377842565597656" pos="0 0 0" quat="1 0 0 0"/>
    <freejoint name="cube_fillet_5_normal_14"/>
    <geom mesh="cube_fillet_5_normal_14" name="cube_fillet_5_normal_14_geom" type="mesh"/>
  </body>
  <body name="sphere_normal_57" pos="0 0 0">
    <inertial diaginertia="0.00014064112543164556 0.00014064112543164556 0.00014064112543164556" mass="0.1227064522694891" pos="0 0 0" quat="1 0 0 0"/>
    <freejoint name="sphere_normal_57"/>
    <geom mesh="sphere_normal_57" name="sphere_normal_57_geom" type="mesh"/>
  </body>
  <body name="cylinder_21_fillet_15_normal_8" pos="0 0 0">
    <inertial diaginertia="0.00017776247395833336 0.00017776247395833336 5.8014531250000016e-05" mass="0.027462500000000004" pos="0 0 0" quat="1 0 0 0"/>
    <freejoint name="cylinder_21_fillet_15_normal_8"/>
    <geom mesh="cylinder_21_fillet_15_normal_8" name="cylinder_21_fillet_15_normal_8_geom" type="mesh"/>
  </body>
  <body name="cylinder_12_fillet_25_upright_8" pos="0 0 0">
    <inertial diaginertia="0.00030476223307291647 0.00030476223307291647 1.450363281249999e-05" mass="0.02746249999999999" pos="0 0 0" quat="0 0.01 0 0"/>
    <freejoint name="cylinder_12_fillet_25_upright_8"/>
    <geom mesh="cylinder_12_fillet_25_upright_8" name="cylinder_12_fillet_25_upright_8_geom" type="mesh"/>
  </body>
  <body name="cylinder_12_fillet_5_sideways_12" pos="0 0 0">
    <inertial diaginertia="0.0004824403690054738 0.0004824403690054738 2.5660829639435942e-05" mass="0.0386737609329446" pos="0 0 0" quat="0.683 0.683 0.183 0.183"/>
    <freejoint name="cylinder_12_fillet_5_sideways_12"/>
    <geom mesh="cylinder_12_fillet_5_sideways_12" name="cylinder_12_fillet_5_sideways_12_geom" type="mesh"/>
  </body>
  <body name="sphere_normal_51" pos="0 0 0">
    <inertial diaginertia="0.00016540347877849661 0.00016540347877849661 0.00016540347877849661" mass="0.13524673315693053" pos="0 0 0" quat="1 0 0 0"/>
    <freejoint name="sphere_normal_51"/>
    <geom mesh="sphere_normal_51" name="sphere_normal_51_geom" type="mesh"/>
  </body>
  <body name="ground" pos="0 0 0">
    <geom name="ground_geom" size="1 1 1" type="plane"/>
  </body>
</mujoco>