<mujoco><body name="cylinder_11_fillet_5_normal_12" pos="0 0 0">
    <inertial diaginertia="0.00046273679036458335 0.00046273679036458335 5.5463164062500016e-05" mass="0.06141250000000001" pos="0 0 0" quat="1 0 0 0"/>
    <freejoint name="cylinder_11_fillet_5_normal_12"/>
    <geom mesh="cylinder_11_fillet_5_normal_12" name="cylinder_11_fillet_5_normal_12_geom" type="mesh"/>
  </body>
  <body name="cylinder_11_fillet_15_normal_10" pos="0 0 0">
    <inertial diaginertia="0.0007271165169270833 0.0007271165169270833 9.67226171875e-05" mass="0.0857375" pos="0 0 0" quat="1 0 0 0"/>
    <freejoint name="cylinder_11_fillet_15_normal_10"/>
    <geom mesh="cylinder_11_fillet_15_normal_10" name="cylinder_11_fillet_15_normal_10_geom" type="mesh"/>
  </body>
  <body name="sphere_normal_73" pos="0 0 0">
    <inertial diaginertia="8.877605320535796e-05 8.877605320535796e-05 8.877605320535796e-05" mass="0.09310596376959085" pos="0 0 0" quat="1 0 0 0"/>
    <freejoint name="sphere_normal_73"/>
    <geom mesh="sphere_normal_73" name="sphere_normal_73_geom" type="mesh"/>
  </body>
  <body name="cylinder_14_fillet_15_normal_14" pos="0 0 0">
    <inertial diaginertia="0.0005028919288733396 0.0005028919288733396 1.15842013535097e-05" mass="0.023997922740524782" pos="0 0 0" quat="0.683 0.683 0.183 0.183"/>
    <freejoint name="cylinder_14_fillet_15_normal_14"/>
    <geom mesh="cylinder_14_fillet_15_normal_14" name="cylinder_14_fillet_15_normal_14_geom" type="mesh"/>
  </body>
  <body name="cube_fillet_25_normal_15" pos="0 0 0">
    <inertial diaginertia="1.2959999999999998e-05 1.2959999999999998e-05 1.2959999999999998e-05" mass="0.021599999999999998" pos="0 0 0" quat="1 0 0 0"/>
    <freejoint name="cube_fillet_25_normal_15"/>
    <geom mesh="cube_fillet_25_normal_15" name="cube_fillet_25_normal_15_geom" type="mesh"/>
  </body>
  <body name="cylinder_12_fillet_15_sideways_2" pos="0 0 0">
    <inertial diaginertia="0.0031177732344038187 0.0031177732344038187 0.0002593253109567441" mass="0.15493906705539354" pos="0 0 0" quat="0.683 0.683 0.183 0.183"/>
    <freejoint name="cylinder_12_fillet_15_sideways_2"/>
    <geom mesh="cylinder_12_fillet_15_sideways_2" name="cylinder_12_fillet_15_sideways_2_geom" type="mesh"/>
  </body>
  <body name="cube_fillet_15_normal_14" pos="0 0 0">
    <inertial diaginertia="2.0424324785307697e-05 2.0424324785307697e-05 2.0424324785307697e-05" mass="0.028377842565597656" pos="0 0 0" quat="1 0 0 0"/>
    <freejoint name="cube_fillet_15_normal_14"/>
    <geom mesh="cube_fillet_15_normal_14" name="cube_fillet_15_normal_14_geom" type="mesh"/>
  </body>
  <body name="cylinder_13_fillet_5_sideways_11" pos="0 0 0">
    <inertial diaginertia="0.0005622050621764741 0.0005622050621764741 1.8950732432914862e-05" mass="0.032242565597667645" pos="0 0 0" quat="0.683 0.683 0.183 0.183"/>
    <freejoint name="cylinder_13_fillet_5_sideways_11"/>
    <geom mesh="cylinder_13_fillet_5_sideways_11" name="cylinder_13_fillet_5_sideways_11_geom" type="mesh"/>
  </body>
  <body name="sphere_normal_95" pos="0 0 0">
    <inertial diaginertia="4.360816914942841e-05 4.360816914942841e-05 4.360816914942841e-05" mass="0.06077720333808262" pos="0 0 0" quat="1 0 0 0"/>
    <freejoint name="sphere_normal_95"/>
    <geom mesh="sphere_normal_95" name="sphere_normal_95_geom" type="mesh"/>
  </body>
  <body name="cylinder_21_fillet_5_normal_9" pos="0 0 0">
    <inertial diaginertia="0.00014052607192439662 0.00014052607192439662 4.3734290176712105e-05" mass="0.023179883381924202" pos="0 0 0" quat="1 0 0 0"/>
    <freejoint name="cylinder_21_fillet_5_normal_9"/>
    <geom mesh="cylinder_21_fillet_5_normal_9" name="cylinder_21_fillet_5_normal_9_geom" type="mesh"/>
  </body>
  <body name="cylinder_12_fillet_5_sideways_13" pos="0 0 0">
    <inertial diaginertia="0.00037796183018980195 0.00037796183018980195 1.8950732432914862e-05" mass="0.032242565597667645" pos="0 0 0" quat="0.683 0.683 0.183 0.183"/>
    <freejoint name="cylinder_12_fillet_5_sideways_13"/>
    <geom mesh="cylinder_12_fillet_5_sideways_13" name="cylinder_12_fillet_5_sideways_13_geom" type="mesh"/>
  </body>
  <body name="cylinder_12_fillet_15_upright_3" pos="0 0 0">
    <inertial diaginertia="0.00037796183018980195 0.00037796183018980195 1.8950732432914862e-05" mass="0.032242565597667645" pos="0 0 0" quat="0 0.01 0 0"/>
    <freejoint name="cylinder_12_fillet_15_upright_3"/>
    <geom mesh="cylinder_12_fillet_15_upright_3" name="cylinder_12_fillet_15_upright_3_geom" type="mesh"/>
  </body>
  <body name="cylinder_12_fillet_15_sideways_5" pos="0 0 0">
    <inertial diaginertia="0.0019374162860712795 0.0019374162860712795 0.00014390712441244714" mass="0.10881865889212826" pos="0 0 0" quat="0.683 0.683 0.183 0.183"/>
    <freejoint name="cylinder_12_fillet_15_sideways_5"/>
    <geom mesh="cylinder_12_fillet_15_sideways_5" name="cylinder_12_fillet_15_sideways_5_geom" type="mesh"/>
  </body>
  <body name="cylinder_11_fillet_45_normal_7" pos="0 0 0">
    <inertial diaginertia="0.0013207402083333325 0.0013207402083333325 0.00020131374999999988" mass="0.13309999999999994" pos="0 0 0" quat="1 0 0 0"/>
    <freejoint name="cylinder_11_fillet_45_normal_7"/>
    <geom mesh="cylinder_11_fillet_45_normal_7" name="cylinder_11_fillet_45_normal_7_geom" type="mesh"/>
  </body>
  <body name="sphere_normal_79" pos="0 0 0">
    <inertial diaginertia="7.385081737104511e-05 7.385081737104511e-05 7.385081737104511e-05" mass="0.08337064929778139" pos="0 0 0" quat="1 0 0 0"/>
    <freejoint name="sphere_normal_79"/>
    <geom mesh="sphere_normal_79" name="sphere_normal_79_geom" type="mesh"/>
  </body>
  <body name="sphere_normal_78" pos="0 0 0">
    <inertial diaginertia="7.618768425341429e-05 7.618768425341429e-05 7.618768425341429e-05" mass="0.08494363932424182" pos="0 0 0" quat="1 0 0 0"/>
    <freejoint name="sphere_normal_78"/>
    <geom mesh="sphere_normal_78" name="sphere_normal_78_geom" type="mesh"/>
  </body>
  <body name="cylinder_21_fillet_35_normal_15" pos="0 0 0">
    <inertial diaginertia="2.3893333333333344e-05 2.3893333333333344e-05 5.120000000000004e-06" mass="0.006400000000000002" pos="0 0 0" quat="1 0 0 0"/>
    <freejoint name="cylinder_21_fillet_35_normal_15"/>
    <geom mesh="cylinder_21_fillet_35_normal_15" name="cylinder_21_fillet_35_normal_15_geom" type="mesh"/>
  </body>
  <body name="cylinder_14_fillet_25_normal_7" pos="0 0 0">
    <inertial diaginertia="0.001197563047539716 0.001197563047539716 3.414983518771942e-05" mass="0.04590787172011663" pos="0 0 0" quat="0.683 0.683 0.183 0.183"/>
    <freejoint name="cylinder_14_fillet_25_normal_7"/>
    <geom mesh="cylinder_14_fillet_25_normal_7" name="cylinder_14_fillet_25_normal_7_geom" type="mesh"/>
  </body>
  <body name="cylinder_11_fillet_5_normal_14" pos="0 0 0">
    <inertial diaginertia="0.0002785034179687501 0.0002785034179687501 2.966308593750001e-05" mass="0.0421875" pos="0 0 0" quat="1 0 0 0"/>
    <freejoint name="cylinder_11_fillet_5_normal_14"/>
    <geom mesh="cylinder_11_fillet_5_normal_14" name="cylinder_11_fillet_5_normal_14_geom" type="mesh"/>
  </body>
  <body name="cylinder_11_fillet_5_normal_1" pos="0 0 0">
    <inertial diaginertia="0.0035374733333333325 0.0035374733333333325 0.0006722799999999998" mass="0.2744" pos="0 0 0" quat="1 0 0 0"/>
    <freejoint name="cylinder_11_fillet_5_normal_1"/>
    <geom mesh="cylinder_11_fillet_5_normal_1" name="cylinder_11_fillet_5_normal_1_geom" type="mesh"/>
  </body>
  <body name="ground" pos="0 0 0">
    <geom name="ground_geom" size="1 1 1" type="plane"/>
  </body>
</mujoco>