<mujoco><body name="cube_fillet_35_normal_4" pos="0 0 0">
    <inertial diaginertia="0.0004664990952182619 0.0004664990952182619 0.0004664990952182619" mass="0.1854390670553935" pos="0 0 0" quat="1 0 0 0"/>
    <freejoint name="cube_fillet_35_normal_4"/>
    <geom mesh="cube_fillet_35_normal_4" name="cube_fillet_35_normal_4_geom" type="mesh"/>
  </body>
  <body name="cylinder_21_fillet_45_normal_1" pos="0 0 0">
    <inertial diaginertia="0.0006943725000000002 0.0006943725000000002 0.00029524500000000013" mass="0.07290000000000002" pos="0 0 0" quat="1 0 0 0"/>
    <freejoint name="cylinder_21_fillet_45_normal_1"/>
    <geom mesh="cylinder_21_fillet_45_normal_1" name="cylinder_21_fillet_45_normal_1_geom" type="mesh"/>
  </body>
  <body name="cylinder_11_fillet_25_normal_1" pos="0 0 0">
    <inertial diaginertia="0.0035374733333333325 0.0035374733333333325 0.0006722799999999998" mass="0.2744" pos="0 0 0" quat="1 0 0 0"/>
    <freejoint name="cylinder_11_fillet_25_normal_1"/>
    <geom mesh="cylinder_11_fillet_25_normal_1" name="cylinder_11_fillet_25_normal_1_geom" type="mesh"/>
  </body>
  <body name="sphere_normal_9" pos="0 0 0">
    <inertial diaginertia="0.00045330924170532654 0.00045330924170532654 0.00045330924170532654" mass="0.24764909423977197" pos="0 0 0" quat="1 0 0 0"/>
    <freejoint name="sphere_normal_9"/>
    <geom mesh="sphere_normal_9" name="sphere_normal_9_geom" type="mesh"/>
  </body>
  <body name="cube_fillet_45_normal_15" pos="0 0 0">
    <inertial diaginertia="1.2959999999999998e-05 1.2959999999999998e-05 1.2959999999999998e-05" mass="0.021599999999999998" pos="0 0 0" quat="1 0 0 0"/>
    <freejoint name="cube_fillet_45_normal_15"/>
    <geom mesh="cube_fillet_45_normal_15" name="cube_fillet_45_normal_15_geom" type="mesh"/>
  </body>
  <body name="cylinder_13_fillet_25_sideways_6" pos="0 0 0">
    <inertial diaginertia="0.0010074973540960888 0.0010074973540960888 3.916379138668041e-05" mass="0.049840779883381925" pos="0 0 0" quat="0.683 0.683 0.183 0.183"/>
    <freejoint name="cylinder_13_fillet_25_sideways_6"/>
    <geom mesh="cylinder_13_fillet_25_sideways_6" name="cylinder_13_fillet_25_sideways_6_geom" type="mesh"/>
  </body>
  <body name="cylinder_11_fillet_45_normal_4" pos="0 0 0">
    <inertial diaginertia="0.002225240071614583 0.002225240071614583 0.0003814697265625" mass="0.1953125" pos="0 0 0" quat="1 0 0 0"/>
    <freejoint name="cylinder_11_fillet_45_normal_4"/>
    <geom mesh="cylinder_11_fillet_45_normal_4" name="cylinder_11_fillet_45_normal_4_geom" type="mesh"/>
  </body>
  <body name="cylinder_14_fillet_5_normal_15" pos="0 0 0">
    <inertial diaginertia="0.0004368599999999999 0.0004368599999999999 9.719999999999998e-06" mass="0.021599999999999998" pos="0 0 0" quat="0.683 0.683 0.183 0.183"/>
    <freejoint name="cylinder_14_fillet_5_normal_15"/>
    <geom mesh="cylinder_14_fillet_5_normal_15" name="cylinder_14_fillet_5_normal_15_geom" type="mesh"/>
  </body>
  <body name="sphere_normal_84" pos="0 0 0">
    <inertial diaginertia="6.301063901153423e-05 6.301063901153423e-05 6.301063901153423e-05" mass="0.07579635660492567" pos="0 0 0" quat="1 0 0 0"/>
    <freejoint name="sphere_normal_84"/>
    <geom mesh="sphere_normal_84" name="sphere_normal_84_geom" type="mesh"/>
  </body>
  <body name="cube_fillet_5_normal_3" pos="0 0 0">
    <inertial diaginertia="0.0005855595882667932 0.0005855595882667932 0.0005855595882667932" mass="0.21253644314868797" pos="0 0 0" quat="1 0 0 0"/>
    <freejoint name="cube_fillet_5_normal_3"/>
    <geom mesh="cube_fillet_5_normal_3" name="cube_fillet_5_normal_3_geom" type="mesh"/>
  </body>
  <body name="cylinder_12_fillet_5_sideways_10" pos="0 0 0">
    <inertial diaginertia="0.0007551253665511394 0.0007551253665511394 4.475010836258703e-05" mass="0.05399212827988339" pos="0 0 0" quat="0.683 0.683 0.183 0.183"/>
    <freejoint name="cylinder_12_fillet_5_sideways_10"/>
    <geom mesh="cylinder_12_fillet_5_sideways_10" name="cylinder_12_fillet_5_sideways_10_geom" type="mesh"/>
  </body>
  <body name="cylinder_12_fillet_15_upright_7" pos="0 0 0">
    <inertial diaginertia="0.0003184640641796076 0.0003184640641796076 1.5318243588980778e-05" mass="0.028377842565597663" pos="0 0 0" quat="0 0.01 0 0"/>
    <freejoint name="cylinder_12_fillet_15_upright_7"/>
    <geom mesh="cylinder_12_fillet_15_upright_7" name="cylinder_12_fillet_15_upright_7_geom" type="mesh"/>
  </body>
  <body name="cylinder_13_fillet_5_sideways_4" pos="0 0 0">
    <inertial diaginertia="0.0012449487633930897 0.0012449487633930897 5.0956447548361555e-05" mass="0.05836782069970846" pos="0 0 0" quat="0.683 0.683 0.183 0.183"/>
    <freejoint name="cylinder_13_fillet_5_sideways_4"/>
    <geom mesh="cylinder_13_fillet_5_sideways_4" name="cylinder_13_fillet_5_sideways_4_geom" type="mesh"/>
  </body>
  <body name="cylinder_11_fillet_15_normal_15" pos="0 0 0">
    <inertial diaginertia="0.00021058770833333327 0.00021058770833333327 2.1008749999999994e-05" mass="0.0343" pos="0 0 0" quat="1 0 0 0"/>
    <freejoint name="cylinder_11_fillet_15_normal_15"/>
    <geom mesh="cylinder_11_fillet_15_normal_15" name="cylinder_11_fillet_15_normal_15_geom" type="mesh"/>
  </body>
  <body name="sphere_normal_104" pos="0 0 0">
    <inertial diaginertia="3.1580880592200476e-05 3.1580880592200476e-05 3.1580880592200476e-05" mass="0.05007887237940158" pos="0 0 0" quat="1 0 0 0"/>
    <freejoint name="sphere_normal_104"/>
    <geom mesh="sphere_normal_104" name="sphere_normal_104_geom" type="mesh"/>
  </body>
  <body name="cylinder_14_fillet_25_normal_1" pos="0 0 0">
    <inertial diaginertia="0.0022239056250000005 0.0022239056250000005 7.381125000000003e-05" mass="0.07290000000000002" pos="0 0 0" quat="0.683 0.683 0.183 0.183"/>
    <freejoint name="cylinder_14_fillet_25_normal_1"/>
    <geom mesh="cylinder_14_fillet_25_normal_1" name="cylinder_14_fillet_25_normal_1_geom" type="mesh"/>
  </body>
  <body name="sphere_normal_24" pos="0 0 0">
    <inertial diaginertia="0.0003235546849964467 0.0003235546849964467 0.0003235546849964467" mass="0.202287299002646" pos="0 0 0" quat="1 0 0 0"/>
    <freejoint name="sphere_normal_24"/>
    <geom mesh="sphere_normal_24" name="sphere_normal_24_geom" type="mesh"/>
  </body>
  <body name="cylinder_13_fillet_5_sideways_6" pos="0 0 0">
    <inertial diaginertia="0.0010074973540960888 0.0010074973540960888 3.916379138668041e-05" mass="0.049840779883381925" pos="0 0 0" quat="0.683 0.683 0.183 0.183"/>
    <freejoint name="cylinder_13_fillet_5_sideways_6"/>
    <geom mesh="cylinder_13_fillet_5_sideways_6" name="cylinder_13_fillet_5_sideways_6_geom" type="mesh"/>
  </body>
  <body name="cylinder_12_fillet_5_upright_5" pos="0 0 0">
    <inertial diaginertia="0.00034725422716973075 0.00034725422716973075 1.7057253450943056e-05" mass="0.03026909620991253" pos="0 0 0" quat="0 0.01 0 0"/>
    <freejoint name="cylinder_12_fillet_5_upright_5"/>
    <geom mesh="cylinder_12_fillet_5_upright_5" name="cylinder_12_fillet_5_upright_5_geom" type="mesh"/>
  </body>
  <body name="cylinder_12_fillet_25_upright_6" pos="0 0 0">
    <inertial diaginertia="0.0003326246528755225 0.0003326246528755225 1.6169052731469775e-05" mass="0.029313301749271135" pos="0 0 0" quat="0 0.01 0 0"/>
    <freejoint name="cylinder_12_fillet_25_upright_6"/>
    <geom mesh="cylinder_12_fillet_25_upright_6" name="cylinder_12_fillet_25_upright_6_geom" type="mesh"/>
  </body>
  <body name="ground" pos="0 0 0">
    <geom name="ground_geom" size="1 1 1" type="plane"/>
  </body>
</mujoco>