<mujoco><body name="cylinder_13_fillet_15_sideways_2" pos="0 0 0">
    <inertial diaginertia="0.001522243157662869 0.001522243157662869 6.543278294339782e-05" mass="0.06781585276967929" pos="0 0 0" quat="0.683 0.683 0.183 0.183"/>
    <freejoint name="cylinder_13_fillet_15_sideways_2"/>
    <geom mesh="cylinder_13_fillet_15_sideways_2" name="cylinder_13_fillet_15_sideways_2_geom" type="mesh"/>
  </body>
  <body name="cylinder_21_fillet_35_normal_8" pos="0 0 0">
    <inertial diaginertia="0.00017776247395833336 0.00017776247395833336 5.8014531250000016e-05" mass="0.027462500000000004" pos="0 0 0" quat="1 0 0 0"/>
    <freejoint name="cylinder_21_fillet_35_normal_8"/>
    <geom mesh="cylinder_21_fillet_35_normal_8" name="cylinder_21_fillet_35_normal_8_geom" type="mesh"/>
  </body>
  <body name="cylinder_21_fillet_45_normal_8" pos="0 0 0">
    <inertial diaginertia="0.00017776247395833336 0.00017776247395833336 5.8014531250000016e-05" mass="0.027462500000000004" pos="0 0 0" quat="1 0 0 0"/>
    <freejoint name="cylinder_21_fillet_45_normal_8"/>
    <geom mesh="cylinder_21_fillet_45_normal_8" name="cylinder_21_fillet_45_normal_8_geom" type="mesh"/>
  </body>
  <body name="cylinder_11_fillet_15_normal_14" pos="0 0 0">
    <inertial diaginertia="0.0002785034179687501 0.0002785034179687501 2.966308593750001e-05" mass="0.0421875" pos="0 0 0" quat="1 0 0 0"/>
    <freejoint name="cylinder_11_fillet_15_normal_14"/>
    <geom mesh="cylinder_11_fillet_15_normal_14" name="cylinder_11_fillet_15_normal_14_geom" type="mesh"/>
  </body>
  <body name="cylinder_14_fillet_15_normal_2" pos="0 0 0">
    <inertial diaginertia="0.002018752079726592 0.002018752079726592 6.543278294339782e-05" mass="0.06781585276967929" pos="0 0 0" quat="0.683 0.683 0.183 0.183"/>
    <freejoint name="cylinder_14_fillet_15_normal_2"/>
    <geom mesh="cylinder_14_fillet_15_normal_2" name="cylinder_14_fillet_15_normal_2_geom" type="mesh"/>
  </body>
  <body name="cylinder_12_fillet_5_sideways_2" pos="0 0 0">
    <inertial diaginertia="0.0031177732344038187 0.0031177732344038187 0.0002593253109567441" mass="0.15493906705539354" pos="0 0 0" quat="0.683 0.683 0.183 0.183"/>
    <freejoint name="cylinder_12_fillet_5_sideways_2"/>
    <geom mesh="cylinder_12_fillet_5_sideways_2" name="cylinder_12_fillet_5_sideways_2_geom" type="mesh"/>
  </body>
  <body name="cube_fillet_45_normal_14" pos="0 0 0">
    <inertial diaginertia="2.0424324785307697e-05 2.0424324785307697e-05 2.0424324785307697e-05" mass="0.028377842565597656" pos="0 0 0" quat="1 0 0 0"/>
    <freejoint name="cube_fillet_45_normal_14"/>
    <geom mesh="cube_fillet_45_normal_14" name="cube_fillet_45_normal_14_geom" type="mesh"/>
  </body>
  <body name="cube_fillet_45_normal_2" pos="0 0 0">
    <inertial diaginertia="0.000727776147240237 0.000727776147240237 0.000727776147240237" mass="0.24215276967930024" pos="0 0 0" quat="1 0 0 0"/>
    <freejoint name="cube_fillet_45_normal_2"/>
    <geom mesh="cube_fillet_45_normal_2" name="cube_fillet_45_normal_2_geom" type="mesh"/>
  </body>
  <body name="cylinder_21_fillet_5_normal_15" pos="0 0 0">
    <inertial diaginertia="2.3893333333333344e-05 2.3893333333333344e-05 5.120000000000004e-06" mass="0.006400000000000002" pos="0 0 0" quat="1 0 0 0"/>
    <freejoint name="cylinder_21_fillet_5_normal_15"/>
    <geom mesh="cylinder_21_fillet_5_normal_15" name="cylinder_21_fillet_5_normal_15_geom" type="mesh"/>
  </body>
  <body name="cylinder_21_fillet_15_normal_10" pos="0 0 0">
    <inertial diaginertia="0.00010958628752621682 0.00010958628752621682 3.241566386959305e-05" mass="0.019367383381924206" pos="0 0 0" quat="1 0 0 0"/>
    <freejoint name="cylinder_21_fillet_15_normal_10"/>
    <geom mesh="cylinder_21_fillet_15_normal_10" name="cylinder_21_fillet_15_normal_10_geom" type="mesh"/>
  </body>
  <body name="sphere_normal_111" pos="0 0 0">
    <inertial diaginertia="2.419943583614405e-05 2.419943583614405e-05 2.419943583614405e-05" mass="0.04268577244046406" pos="0 0 0" quat="1 0 0 0"/>
    <freejoint name="sphere_normal_111"/>
    <geom mesh="sphere_normal_111" name="sphere_normal_111_geom" type="mesh"/>
  </body>
  <body name="cylinder_12_fillet_25_upright_15" pos="0 0 0">
    <inertial diaginertia="0.00022085999999999997 0.00022085999999999997 9.719999999999998e-06" mass="0.021599999999999998" pos="0 0 0" quat="0 0.01 0 0"/>
    <freejoint name="cylinder_12_fillet_25_upright_15"/>
    <geom mesh="cylinder_12_fillet_25_upright_15" name="cylinder_12_fillet_25_upright_15_geom" type="mesh"/>
  </body>
  <body name="cylinder_12_fillet_15_upright_11" pos="0 0 0">
    <inertial diaginertia="0.0002663087586521489 0.0002663087586521489 1.2265441780210626e-05" mass="0.024834985422740524" pos="0 0 0" quat="0 0.01 0 0"/>
    <freejoint name="cylinder_12_fillet_15_upright_11"/>
    <geom mesh="cylinder_12_fillet_15_upright_11" name="cylinder_12_fillet_15_upright_11_geom" type="mesh"/>
  </body>
  <body name="cube_fillet_45_normal_6" pos="0 0 0">
    <inertial diaginertia="0.00028630673409888737 0.00028630673409888737 0.00028630673409888737" mass="0.1383533527696793" pos="0 0 0" quat="1 0 0 0"/>
    <freejoint name="cube_fillet_45_normal_6"/>
    <geom mesh="cube_fillet_45_normal_6" name="cube_fillet_45_normal_6_geom" type="mesh"/>
  </body>
  <body name="cylinder_14_fillet_15_normal_12" pos="0 0 0">
    <inertial diaginertia="0.00065716477938531 0.00065716477938531 1.6169052731469775e-05" mass="0.029313301749271135" pos="0 0 0" quat="0.683 0.683 0.183 0.183"/>
    <freejoint name="cylinder_14_fillet_15_normal_12"/>
    <geom mesh="cylinder_14_fillet_15_normal_12" name="cylinder_14_fillet_15_normal_12_geom" type="mesh"/>
  </body>
  <body name="cube_fillet_5_normal_9" pos="0 0 0">
    <inertial diaginertia="0.00012418759802463263 0.00012418759802463263 0.00012418759802463263" mass="0.08381807580174928" pos="0 0 0" quat="1 0 0 0"/>
    <freejoint name="cube_fillet_5_normal_9"/>
    <geom mesh="cube_fillet_5_normal_9" name="cube_fillet_5_normal_9_geom" type="mesh"/>
  </body>
  <body name="sphere_normal_48" pos="0 0 0">
    <inertial diaginertia="0.0001790285232604411 0.0001790285232604411 0.0001790285232604411" mass="0.14182517809892126" pos="0 0 0" quat="1 0 0 0"/>
    <freejoint name="sphere_normal_48"/>
    <geom mesh="sphere_normal_48" name="sphere_normal_48_geom" type="mesh"/>
  </body>
  <body name="cylinder_21_fillet_25_normal_11" pos="0 0 0">
    <inertial diaginertia="8.415643799210652e-05 8.415643799210652e-05 2.3572073540786596e-05" mass="0.01599766763848397" pos="0 0 0" quat="1 0 0 0"/>
    <freejoint name="cylinder_21_fillet_25_normal_11"/>
    <geom mesh="cylinder_21_fillet_25_normal_11" name="cylinder_21_fillet_25_normal_11_geom" type="mesh"/>
  </body>
  <body name="cylinder_14_fillet_25_normal_5" pos="0 0 0">
    <inertial diaginertia="0.0014878756789209855 0.0014878756789209855 4.475010836258703e-05" mass="0.05399212827988339" pos="0 0 0" quat="0.683 0.683 0.183 0.183"/>
    <freejoint name="cylinder_14_fillet_25_normal_5"/>
    <geom mesh="cylinder_14_fillet_25_normal_5" name="cylinder_14_fillet_25_normal_5_geom" type="mesh"/>
  </body>
  <body name="cylinder_12_fillet_15_sideways_11" pos="0 0 0">
    <inertial diaginertia="0.0006073189825667874 0.0006073189825667874 3.414983518771939e-05" mass="0.04590787172011661" pos="0 0 0" quat="0.683 0.683 0.183 0.183"/>
    <freejoint name="cylinder_12_fillet_15_sideways_11"/>
    <geom mesh="cylinder_12_fillet_15_sideways_11" name="cylinder_12_fillet_15_sideways_11_geom" type="mesh"/>
  </body>
  <body name="ground" pos="0 0 0">
    <geom name="ground_geom" size="1 1 1" type="plane"/>
  </body>
</mujoco>