<mujoco><body name="cylinder_21_fillet_15_normal_1" pos="0 0 0">
    <inertial diaginertia="0.0006943725000000002 0.0006943725000000002 0.00029524500000000013" mass="0.07290000000000002" pos="0 0 0" quat="1 0 0 0"/>
    <freejoint name="cylinder_21_fillet_15_normal_1"/>
    <geom mesh="cylinder_21_fillet_15_normal_1" name="cylinder_21_fillet_15_normal_1_geom" type="mesh"/>
  </body>
  <body name="cube_fillet_25_normal_13" pos="0 0 0">
    <inertial diaginertia="3.098907201364509e-05 3.098907201364509e-05 3.098907201364509e-05" mass="0.036443148688046635" pos="0 0 0" quat="1 0 0 0"/>
    <freejoint name="cube_fillet_25_normal_13"/>
    <geom mesh="cube_fillet_25_normal_13" name="cube_fillet_25_normal_13_geom" type="mesh"/>
  </body>
  <body name="cylinder_21_fillet_35_normal_10" pos="0 0 0">
    <inertial diaginertia="0.00010958628752621682 0.00010958628752621682 3.241566386959305e-05" mass="0.019367383381924206" pos="0 0 0" quat="1 0 0 0"/>
    <freejoint name="cylinder_21_fillet_35_normal_10"/>
    <geom mesh="cylinder_21_fillet_35_normal_10" name="cylinder_21_fillet_35_normal_10_geom" type="mesh"/>
  </body>
  <body name="cylinder_11_fillet_5_normal_8" pos="0 0 0">
    <inertial diaginertia="0.0010926894726562492 0.0010926894726562492 0.00015953519531249985" mass="0.11576249999999993" pos="0 0 0" quat="1 0 0 0"/>
    <freejoint name="cylinder_11_fillet_5_normal_8"/>
    <geom mesh="cylinder_11_fillet_5_normal_8" name="cylinder_11_fillet_5_normal_8_geom" type="mesh"/>
  </body>
  <body name="sphere_normal_32" pos="0 0 0">
    <inertial diaginertia="0.00026767457413457834 0.00026767457413457834 0.00026767457413457834" mass="0.18053618970079377" pos="0 0 0" quat="1 0 0 0"/>
    <freejoint name="sphere_normal_32"/>
    <geom mesh="sphere_normal_32" name="sphere_normal_32_geom" type="mesh"/>
  </body>
  <body name="sphere_normal_71" pos="0 0 0">
    <inertial diaginertia="9.425443658621958e-05 9.425443658621958e-05 9.425443658621958e-05" mass="0.09651194789334418" pos="0 0 0" quat="1 0 0 0"/>
    <freejoint name="sphere_normal_71"/>
    <geom mesh="sphere_normal_71" name="sphere_normal_71_geom" type="mesh"/>
  </body>
  <body name="cylinder_14_fillet_25_normal_9" pos="0 0 0">
    <inertial diaginertia="0.0009520503231912296 0.0009520503231912296 2.5660829639435942e-05" mass="0.0386737609329446" pos="0 0 0" quat="0.683 0.683 0.183 0.183"/>
    <freejoint name="cylinder_14_fillet_25_normal_9"/>
    <geom mesh="cylinder_14_fillet_25_normal_9" name="cylinder_14_fillet_25_normal_9_geom" type="mesh"/>
  </body>
  <body name="sphere_normal_14" pos="0 0 0">
    <inertial diaginertia="0.0004061327236651297 0.0004061327236651297 0.0004061327236651297" mass="0.23184663138611844" pos="0 0 0" quat="1 0 0 0"/>
    <freejoint name="sphere_normal_14"/>
    <geom mesh="sphere_normal_14" name="sphere_normal_14_geom" type="mesh"/>
  </body>
  <body name="cylinder_21_fillet_15_normal_11" pos="0 0 0">
    <inertial diaginertia="8.415643799210652e-05 8.415643799210652e-05 2.3572073540786596e-05" mass="0.01599766763848397" pos="0 0 0" quat="1 0 0 0"/>
    <freejoint name="cylinder_21_fillet_15_normal_11"/>
    <geom mesh="cylinder_21_fillet_15_normal_11" name="cylinder_21_fillet_15_normal_11_geom" type="mesh"/>
  </body>
  <body name="cube_fillet_25_normal_8" pos="0 0 0">
    <inertial diaginertia="0.0001666666666666667 0.0001666666666666667 0.0001666666666666667" mass="0.1" pos="0 0 0" quat="1 0 0 0"/>
    <freejoint name="cube_fillet_25_normal_8"/>
    <geom mesh="cube_fillet_25_normal_8" name="cube_fillet_25_normal_8_geom" type="mesh"/>
  </body>
  <body name="cube_fillet_15_normal_7" pos="0 0 0">
    <inertial diaginertia="0.00022004785942365268 0.00022004785942365268 0.00022004785942365268" mass="0.11814110787172005" pos="0 0 0" quat="1 0 0 0"/>
    <freejoint name="cube_fillet_15_normal_7"/>
    <geom mesh="cube_fillet_15_normal_7" name="cube_fillet_15_normal_7_geom" type="mesh"/>
  </body>
  <body name="sphere_normal_115" pos="0 0 0">
    <inertial diaginertia="2.0647326191299537e-05 2.0647326191299537e-05 2.0647326191299537e-05" mass="0.03880773458172195" pos="0 0 0" quat="1 0 0 0"/>
    <freejoint name="sphere_normal_115"/>
    <geom mesh="sphere_normal_115" name="sphere_normal_115_geom" type="mesh"/>
  </body>
  <body name="cylinder_11_fillet_25_normal_7" pos="0 0 0">
    <inertial diaginertia="0.0013207402083333325 0.0013207402083333325 0.00020131374999999988" mass="0.13309999999999994" pos="0 0 0" quat="1 0 0 0"/>
    <freejoint name="cylinder_11_fillet_25_normal_7"/>
    <geom mesh="cylinder_11_fillet_25_normal_7" name="cylinder_11_fillet_25_normal_7_geom" type="mesh"/>
  </body>
  <body name="sphere_normal_5" pos="0 0 0">
    <inertial diaginertia="0.0004941225570067973 0.0004941225570067973 0.0004941225570067973" mass="0.26079592916751476" pos="0 0 0" quat="1 0 0 0"/>
    <freejoint name="sphere_normal_5"/>
    <geom mesh="sphere_normal_5" name="sphere_normal_5_geom" type="mesh"/>
  </body>
  <body name="cylinder_21_fillet_15_normal_5" pos="0 0 0">
    <inertial diaginertia="0.0003360664791951766 0.0003360664791951766 0.00012441110638424467" mass="0.04340437317784256" pos="0 0 0" quat="1 0 0 0"/>
    <freejoint name="cylinder_21_fillet_15_normal_5"/>
    <geom mesh="cylinder_21_fillet_15_normal_5" name="cylinder_21_fillet_15_normal_5_geom" type="mesh"/>
  </body>
  <body name="cylinder_14_fillet_15_normal_13" pos="0 0 0">
    <inertial diaginertia="0.0005761560705732727 0.0005761560705732727 1.3724052850002968e-05" mass="0.026567055393585996" pos="0 0 0" quat="0.683 0.683 0.183 0.183"/>
    <freejoint name="cylinder_14_fillet_15_normal_13"/>
    <geom mesh="cylinder_14_fillet_15_normal_13" name="cylinder_14_fillet_15_normal_13_geom" type="mesh"/>
  </body>
  <body name="cylinder_21_fillet_35_normal_5" pos="0 0 0">
    <inertial diaginertia="0.0003360664791951766 0.0003360664791951766 0.00012441110638424467" mass="0.04340437317784256" pos="0 0 0" quat="1 0 0 0"/>
    <freejoint name="cylinder_21_fillet_35_normal_5"/>
    <geom mesh="cylinder_21_fillet_35_normal_5" name="cylinder_21_fillet_35_normal_5_geom" type="mesh"/>
  </body>
  <body name="cylinder_21_fillet_5_normal_3" pos="0 0 0">
    <inertial diaginertia="0.0004904016929453999 0.0004904016929453999 0.0001952629166418755" mass="0.05688396501457727" pos="0 0 0" quat="1 0 0 0"/>
    <freejoint name="cylinder_21_fillet_5_normal_3"/>
    <geom mesh="cylinder_21_fillet_5_normal_3" name="cylinder_21_fillet_5_normal_3_geom" type="mesh"/>
  </body>
  <body name="cube_fillet_45_normal_9" pos="0 0 0">
    <inertial diaginertia="0.00012418759802463263 0.00012418759802463263 0.00012418759802463263" mass="0.08381807580174928" pos="0 0 0" quat="1 0 0 0"/>
    <freejoint name="cube_fillet_45_normal_9"/>
    <geom mesh="cube_fillet_45_normal_9" name="cube_fillet_45_normal_9_geom" type="mesh"/>
  </body>
  <body name="sphere_normal_35" pos="0 0 0">
    <inertial diaginertia="0.000248832 0.000248832 0.000248832" mass="0.17279999999999998" pos="0 0 0" quat="1 0 0 0"/>
    <freejoint name="sphere_normal_35"/>
    <geom mesh="sphere_normal_35" name="sphere_normal_35_geom" type="mesh"/>
  </body>
  <body name="ground" pos="0 0 0">
    <geom name="ground_geom" size="1 1 1" type="plane"/>
  </body>
</mujoco>