<mujoco><body name="cylinder_14_fillet_25_normal_8" pos="0 0 0">
    <inertial diaginertia="0.0010695190429687502 0.0010695190429687502 2.966308593750001e-05" mass="0.0421875" pos="0 0 0" quat="0.683 0.683 0.183 0.183"/>
    <freejoint name="cylinder_14_fillet_25_normal_8"/>
    <geom mesh="cylinder_14_fillet_25_normal_8" name="cylinder_14_fillet_25_normal_8_geom" type="mesh"/>
  </body>
  <body name="cylinder_12_fillet_25_sideways_10" pos="0 0 0">
    <inertial diaginertia="0.0007551253665511394 0.0007551253665511394 4.475010836258703e-05" mass="0.05399212827988339" pos="0 0 0" quat="0.683 0.683 0.183 0.183"/>
    <freejoint name="cylinder_12_fillet_25_sideways_10"/>
    <geom mesh="cylinder_12_fillet_25_sideways_10" name="cylinder_12_fillet_25_sideways_10_geom" type="mesh"/>
  </body>
  <body name="sphere_normal_17" pos="0 0 0">
    <inertial diaginertia="0.00037976965964318926 0.00037976965964318926 0.00037976965964318926" mass="0.2226958681050274" pos="0 0 0" quat="1 0 0 0"/>
    <freejoint name="sphere_normal_17"/>
    <geom mesh="sphere_normal_17" name="sphere_normal_17_geom" type="mesh"/>
  </body>
  <body name="cylinder_12_fillet_15_upright_2" pos="0 0 0">
    <inertial diaginertia="0.0003940609009526505 0.0003940609009526505 1.99585279222385e-05" mass="0.033260677842565596" pos="0 0 0" quat="0 0.01 0 0"/>
    <freejoint name="cylinder_12_fillet_15_upright_2"/>
    <geom mesh="cylinder_12_fillet_15_upright_2" name="cylinder_12_fillet_15_upright_2_geom" type="mesh"/>
  </body>
  <body name="cylinder_11_fillet_25_normal_5" pos="0 0 0">
    <inertial diaginertia="0.0018835199999999996 0.0018835199999999996 0.00031103999999999995" mass="0.17279999999999998" pos="0 0 0" quat="1 0 0 0"/>
    <freejoint name="cylinder_11_fillet_25_normal_5"/>
    <geom mesh="cylinder_11_fillet_25_normal_5" name="cylinder_11_fillet_25_normal_5_geom" type="mesh"/>
  </body>
  <body name="cylinder_21_fillet_5_normal_7" pos="0 0 0">
    <inertial diaginertia="0.000222144696852502 0.000222144696852502 7.580292973165945e-05" mass="0.032242565597667645" pos="0 0 0" quat="1 0 0 0"/>
    <freejoint name="cylinder_21_fillet_5_normal_7"/>
    <geom mesh="cylinder_21_fillet_5_normal_7" name="cylinder_21_fillet_5_normal_7_geom" type="mesh"/>
  </body>
  <body name="cylinder_21_fillet_5_normal_2" pos="0 0 0">
    <inertial diaginertia="0.0005855613038264688 0.0005855613038264688 0.00024113301564266388" mass="0.06456126093294462" pos="0 0 0" quat="1 0 0 0"/>
    <freejoint name="cylinder_21_fillet_5_normal_2"/>
    <geom mesh="cylinder_21_fillet_5_normal_2" name="cylinder_21_fillet_5_normal_2_geom" type="mesh"/>
  </body>
  <body name="sphere_normal_38" pos="0 0 0">
    <inertial diaginertia="0.00023106580521911705 0.00023106580521911705 0.00023106580521911705" mass="0.16528803175249332" pos="0 0 0" quat="1 0 0 0"/>
    <freejoint name="sphere_normal_38"/>
    <geom mesh="sphere_normal_38" name="sphere_normal_38_geom" type="mesh"/>
  </body>
  <body name="sphere_normal_8" pos="0 0 0">
    <inertial diaginertia="0.00046324985554953746 0.00046324985554953746 0.00046324985554953746" mass="0.25089336454304895" pos="0 0 0" quat="1 0 0 0"/>
    <freejoint name="sphere_normal_8"/>
    <geom mesh="sphere_normal_8" name="sphere_normal_8_geom" type="mesh"/>
  </body>
  <body name="cylinder_11_fillet_5_normal_9" pos="0 0 0">
    <inertial diaginertia="0.0008958333333333334 0.0008958333333333334 0.00012500000000000003" mass="0.1" pos="0 0 0" quat="1 0 0 0"/>
    <freejoint name="cylinder_11_fillet_5_normal_9"/>
    <geom mesh="cylinder_11_fillet_5_normal_9" name="cylinder_11_fillet_5_normal_9_geom" type="mesh"/>
  </body>
  <body name="cylinder_13_fillet_5_sideways_5" pos="0 0 0">
    <inertial diaginertia="0.0011215005227360624 0.0011215005227360624 4.475010836258703e-05" mass="0.05399212827988339" pos="0 0 0" quat="0.683 0.683 0.183 0.183"/>
    <freejoint name="cylinder_13_fillet_5_sideways_5"/>
    <geom mesh="cylinder_13_fillet_5_sideways_5" name="cylinder_13_fillet_5_sideways_5_geom" type="mesh"/>
  </body>
  <body name="cylinder_12_fillet_5_sideways_8" pos="0 0 0">
    <inertial diaginertia="0.0011304056249999996 0.0011304056249999996 7.381124999999998e-05" mass="0.07289999999999998" pos="0 0 0" quat="0.683 0.683 0.183 0.183"/>
    <freejoint name="cylinder_12_fillet_5_sideways_8"/>
    <geom mesh="cylinder_12_fillet_5_sideways_8" name="cylinder_12_fillet_5_sideways_8_geom" type="mesh"/>
  </body>
  <body name="cylinder_12_fillet_25_upright_1" pos="0 0 0">
    <inertial diaginertia="0.0004106710416666666 0.0004106710416666666 2.1008749999999994e-05" mass="0.0343" pos="0 0 0" quat="0 0.01 0 0"/>
    <freejoint name="cylinder_12_fillet_25_upright_1"/>
    <geom mesh="cylinder_12_fillet_25_upright_1" name="cylinder_12_fillet_25_upright_1_geom" type="mesh"/>
  </body>
  <body name="cylinder_11_fillet_25_normal_4" pos="0 0 0">
    <inertial diaginertia="0.002225240071614583 0.002225240071614583 0.0003814697265625" mass="0.1953125" pos="0 0 0" quat="1 0 0 0"/>
    <freejoint name="cylinder_11_fillet_25_normal_4"/>
    <geom mesh="cylinder_11_fillet_25_normal_4" name="cylinder_11_fillet_25_normal_4_geom" type="mesh"/>
  </body>
  <body name="sphere_normal_108" pos="0 0 0">
    <inertial diaginertia="2.7171390957680947e-05 2.7171390957680947e-05 2.7171390957680947e-05" mass="0.04575800936291471" pos="0 0 0" quat="1 0 0 0"/>
    <freejoint name="sphere_normal_108"/>
    <geom mesh="sphere_normal_108" name="sphere_normal_108_geom" type="mesh"/>
  </body>
  <body name="sphere_normal_85" pos="0 0 0">
    <inertial diaginertia="6.1004096204054326e-05 6.1004096204054326e-05 6.1004096204054326e-05" mass="0.07433877467942192" pos="0 0 0" quat="1 0 0 0"/>
    <freejoint name="sphere_normal_85"/>
    <geom mesh="sphere_normal_85" name="sphere_normal_85_geom" type="mesh"/>
  </body>
  <body name="cylinder_12_fillet_5_upright_8" pos="0 0 0">
    <inertial diaginertia="0.00030476223307291647 0.00030476223307291647 1.450363281249999e-05" mass="0.02746249999999999" pos="0 0 0" quat="0 0.01 0 0"/>
    <freejoint name="cylinder_12_fillet_5_upright_8"/>
    <geom mesh="cylinder_12_fillet_5_upright_8" name="cylinder_12_fillet_5_upright_8_geom" type="mesh"/>
  </body>
  <body name="cube_fillet_35_normal_10" pos="0 0 0">
    <inertial diaginertia="9.084834017572043e-05 9.084834017572043e-05 9.084834017572043e-05" mass="0.06948338192419824" pos="0 0 0" quat="1 0 0 0"/>
    <freejoint name="cube_fillet_35_normal_10"/>
    <geom mesh="cube_fillet_35_normal_10" name="cube_fillet_35_normal_10_geom" type="mesh"/>
  </body>
  <body name="cylinder_12_fillet_15_sideways_6" pos="0 0 0">
    <inertial diaginertia="0.0016316114769515673 0.0016316114769515673 0.0001163229122538228" mass="0.09577521865889212" pos="0 0 0" quat="0.683 0.683 0.183 0.183"/>
    <freejoint name="cylinder_12_fillet_15_sideways_6"/>
    <geom mesh="cylinder_12_fillet_15_sideways_6" name="cylinder_12_fillet_15_sideways_6_geom" type="mesh"/>
  </body>
  <body name="cylinder_12_fillet_25_sideways_1" pos="0 0 0">
    <inertial diaginertia="0.0036115199999999996 0.0036115199999999996 0.00031103999999999995" mass="0.17279999999999998" pos="0 0 0" quat="0.683 0.683 0.183 0.183"/>
    <freejoint name="cylinder_12_fillet_25_sideways_1"/>
    <geom mesh="cylinder_12_fillet_25_sideways_1" name="cylinder_12_fillet_25_sideways_1_geom" type="mesh"/>
  </body>
  <body name="ground" pos="0 0 0">
    <geom name="ground_geom" size="1 1 1" type="plane"/>
  </body>
</mujoco>