<mujoco><body name="cylinder_12_fillet_5_upright_10" pos="0 0 0">
    <inertial diaginertia="0.00027869451621526434 0.00027869451621526434 1.297836152951523e-05" mass="0.025691290087463552" pos="0 0 0" quat="0 0.01 0 0"/>
    <freejoint name="cylinder_12_fillet_5_upright_10"/>
    <geom mesh="cylinder_12_fillet_5_upright_10" name="cylinder_12_fillet_5_upright_10_geom" type="mesh"/>
  </body>
  <body name="cylinder_11_fillet_15_normal_11" pos="0 0 0">
    <inertial diaginertia="0.0005836556249999998 0.0005836556249999998 7.381124999999998e-05" mass="0.07289999999999998" pos="0 0 0" quat="1 0 0 0"/>
    <freejoint name="cylinder_11_fillet_15_normal_11"/>
    <geom mesh="cylinder_11_fillet_15_normal_11" name="cylinder_11_fillet_15_normal_11_geom" type="mesh"/>
  </body>
  <body name="cylinder_21_fillet_5_normal_4" pos="0 0 0">
    <inertial diaginertia="0.00040763273557427716 0.00040763273557427716 0.00015665516554672166" mass="0.04984077988338193" pos="0 0 0" quat="1 0 0 0"/>
    <freejoint name="cylinder_21_fillet_5_normal_4"/>
    <geom mesh="cylinder_21_fillet_5_normal_4" name="cylinder_21_fillet_5_normal_4_geom" type="mesh"/>
  </body>
  <body name="cylinder_12_fillet_25_sideways_8" pos="0 0 0">
    <inertial diaginertia="0.0011304056249999996 0.0011304056249999996 7.381124999999998e-05" mass="0.07289999999999998" pos="0 0 0" quat="0.683 0.683 0.183 0.183"/>
    <freejoint name="cylinder_12_fillet_25_sideways_8"/>
    <geom mesh="cylinder_12_fillet_25_sideways_8" name="cylinder_12_fillet_25_sideways_8_geom" type="mesh"/>
  </body>
  <body name="cylinder_12_fillet_15_upright_1" pos="0 0 0">
    <inertial diaginertia="0.0004106710416666666 0.0004106710416666666 2.1008749999999994e-05" mass="0.0343" pos="0 0 0" quat="0 0.01 0 0"/>
    <freejoint name="cylinder_12_fillet_15_upright_1"/>
    <geom mesh="cylinder_12_fillet_15_upright_1" name="cylinder_12_fillet_15_upright_1_geom" type="mesh"/>
  </body>
  <body name="sphere_normal_98" pos="0 0 0">
    <inertial diaginertia="3.925102084294405e-05 3.925102084294405e-05 3.925102084294405e-05" mass="0.05705721555058009" pos="0 0 0" quat="1 0 0 0"/>
    <freejoint name="sphere_normal_98"/>
    <geom mesh="sphere_normal_98" name="sphere_normal_98_geom" type="mesh"/>
  </body>
  <body name="cylinder_13_fillet_25_sideways_7" pos="0 0 0">
    <inertial diaginertia="0.0009024410150532518 0.0009024410150532518 3.414983518771942e-05" mass="0.04590787172011663" pos="0 0 0" quat="0.683 0.683 0.183 0.183"/>
    <freejoint name="cylinder_13_fillet_25_sideways_7"/>
    <geom mesh="cylinder_13_fillet_25_sideways_7" name="cylinder_13_fillet_25_sideways_7_geom" type="mesh"/>
  </body>
  <body name="cube_fillet_25_normal_14" pos="0 0 0">
    <inertial diaginertia="2.0424324785307697e-05 2.0424324785307697e-05 2.0424324785307697e-05" mass="0.028377842565597656" pos="0 0 0" quat="1 0 0 0"/>
    <freejoint name="cube_fillet_25_normal_14"/>
    <geom mesh="cube_fillet_25_normal_14" name="cube_fillet_25_normal_14_geom" type="mesh"/>
  </body>
  <body name="cylinder_21_fillet_25_normal_8" pos="0 0 0">
    <inertial diaginertia="0.00017776247395833336 0.00017776247395833336 5.8014531250000016e-05" mass="0.027462500000000004" pos="0 0 0" quat="1 0 0 0"/>
    <freejoint name="cylinder_21_fillet_25_normal_8"/>
    <geom mesh="cylinder_21_fillet_25_normal_8" name="cylinder_21_fillet_25_normal_8_geom" type="mesh"/>
  </body>
  <body name="cylinder_12_fillet_15_upright_9" pos="0 0 0">
    <inertial diaginertia="0.00029150904849913707 0.00029150904849913707 1.3724052850002968e-05" mass="0.026567055393585996" pos="0 0 0" quat="0 0.01 0 0"/>
    <freejoint name="cylinder_12_fillet_15_upright_9"/>
    <geom mesh="cylinder_12_fillet_15_upright_9" name="cylinder_12_fillet_15_upright_9_geom" type="mesh"/>
  </body>
  <body name="cylinder_13_fillet_5_sideways_10" pos="0 0 0">
    <inertial diaginertia="0.000636178919705842 0.000636178919705842 2.2102724355458288e-05" mass="0.035360750728862966" pos="0 0 0" quat="0.683 0.683 0.183 0.183"/>
    <freejoint name="cylinder_13_fillet_5_sideways_10"/>
    <geom mesh="cylinder_13_fillet_5_sideways_10" name="cylinder_13_fillet_5_sideways_10_geom" type="mesh"/>
  </body>
  <body name="sphere_normal_87" pos="0 0 0">
    <inertial diaginertia="5.714435470050858e-05 5.714435470050858e-05 5.714435470050858e-05" mass="0.07147991044168532" pos="0 0 0" quat="1 0 0 0"/>
    <freejoint name="sphere_normal_87"/>
    <geom mesh="sphere_normal_87" name="sphere_normal_87_geom" type="mesh"/>
  </body>
  <body name="sphere_normal_12" pos="0 0 0">
    <inertial diaginertia="0.0004245068270304684 0.0004245068270304684 0.0004245068270304684" mass="0.23808432729493176" pos="0 0 0" quat="1 0 0 0"/>
    <freejoint name="sphere_normal_12"/>
    <geom mesh="sphere_normal_12" name="sphere_normal_12_geom" type="mesh"/>
  </body>
  <body name="cylinder_21_fillet_35_normal_1" pos="0 0 0">
    <inertial diaginertia="0.0006943725000000002 0.0006943725000000002 0.00029524500000000013" mass="0.07290000000000002" pos="0 0 0" quat="1 0 0 0"/>
    <freejoint name="cylinder_21_fillet_35_normal_1"/>
    <geom mesh="cylinder_21_fillet_35_normal_1" name="cylinder_21_fillet_35_normal_1_geom" type="mesh"/>
  </body>
  <body name="cylinder_12_fillet_25_sideways_7" pos="0 0 0">
    <inertial diaginertia="0.0013637115404295833 0.0013637115404295833 9.314069851847447e-05" mass="0.08381807580174928" pos="0 0 0" quat="0.683 0.683 0.183 0.183"/>
    <freejoint name="cylinder_12_fillet_25_sideways_7"/>
    <geom mesh="cylinder_12_fillet_25_sideways_7" name="cylinder_12_fillet_25_sideways_7_geom" type="mesh"/>
  </body>
  <body name="cube_fillet_15_normal_10" pos="0 0 0">
    <inertial diaginertia="9.084834017572043e-05 9.084834017572043e-05 9.084834017572043e-05" mass="0.06948338192419824" pos="0 0 0" quat="1 0 0 0"/>
    <freejoint name="cube_fillet_15_normal_10"/>
    <geom mesh="cube_fillet_15_normal_10" name="cube_fillet_15_normal_10_geom" type="mesh"/>
  </body>
  <body name="sphere_normal_83" pos="0 0 0">
    <inertial diaginertia="6.506963713669752e-05 6.506963713669752e-05 6.506963713669752e-05" mass="0.07727286790148581" pos="0 0 0" quat="1 0 0 0"/>
    <freejoint name="sphere_normal_83"/>
    <geom mesh="sphere_normal_83" name="sphere_normal_83_geom" type="mesh"/>
  </body>
  <body name="cylinder_12_fillet_5_upright_4" pos="0 0 0">
    <inertial diaginertia="0.00036236313216351113 0.00036236313216351113 1.7984064896229984e-05" mass="0.031245444606413982" pos="0 0 0" quat="0 0.01 0 0"/>
    <freejoint name="cylinder_12_fillet_5_upright_4"/>
    <geom mesh="cylinder_12_fillet_5_upright_4" name="cylinder_12_fillet_5_upright_4_geom" type="mesh"/>
  </body>
  <body name="cylinder_11_fillet_35_normal_4" pos="0 0 0">
    <inertial diaginertia="0.002225240071614583 0.002225240071614583 0.0003814697265625" mass="0.1953125" pos="0 0 0" quat="1 0 0 0"/>
    <freejoint name="cylinder_11_fillet_35_normal_4"/>
    <geom mesh="cylinder_11_fillet_35_normal_4" name="cylinder_11_fillet_35_normal_4_geom" type="mesh"/>
  </body>
  <body name="cylinder_21_fillet_5_normal_6" pos="0 0 0">
    <inertial diaginertia="0.00027458620741946583 0.00027458620741946583 9.770947838884107e-05" mass="0.03754741253644317" pos="0 0 0" quat="1 0 0 0"/>
    <freejoint name="cylinder_21_fillet_5_normal_6"/>
    <geom mesh="cylinder_21_fillet_5_normal_6" name="cylinder_21_fillet_5_normal_6_geom" type="mesh"/>
  </body>
  <body name="ground" pos="0 0 0">
    <geom name="ground_geom" size="1 1 1" type="plane"/>
  </body>
</mujoco>