<mujoco><body name="cylinder_21_fillet_25_normal_12" pos="0 0 0">
    <inertial diaginertia="6.351061786786507e-05 6.351061786786507e-05 1.6773417986181352e-05" mass="0.013043403790087463" pos="0 0 0" quat="1 0 0 0"/>
    <freejoint name="cylinder_21_fillet_25_normal_12"/>
    <geom mesh="cylinder_21_fillet_25_normal_12" name="cylinder_21_fillet_25_normal_12_geom" type="mesh"/>
  </body>
  <body name="sphere_normal_62" pos="0 0 0">
    <inertial diaginertia="0.00012235500100150925 0.00012235500100150925 0.00012235500100150925" mass="0.11286857317321389" pos="0 0 0" quat="1 0 0 0"/>
    <freejoint name="sphere_normal_62"/>
    <geom mesh="sphere_normal_62" name="sphere_normal_62_geom" type="mesh"/>
  </body>
  <body name="cylinder_11_fillet_15_normal_2" pos="0 0 0">
    <inertial diaginertia="0.0030481739648437487 0.0030481739648437487 0.0005605041796874997" mass="0.24603749999999994" pos="0 0 0" quat="1 0 0 0"/>
    <freejoint name="cylinder_11_fillet_15_normal_2"/>
    <geom mesh="cylinder_11_fillet_15_normal_2" name="cylinder_11_fillet_15_normal_2_geom" type="mesh"/>
  </body>
  <body name="sphere_normal_99" pos="0 0 0">
    <inertial diaginertia="3.7878744127049413e-05 3.7878744127049413e-05 3.7878744127049413e-05" mass="0.05585182169753714" pos="0 0 0" quat="1 0 0 0"/>
    <freejoint name="sphere_normal_99"/>
    <geom mesh="sphere_normal_99" name="sphere_normal_99_geom" type="mesh"/>
  </body>
  <body name="cube_fillet_35_normal_5" pos="0 0 0">
    <inertial diaginertia="0.00036764427837607326 0.00036764427837607326 0.00036764427837607326" mass="0.16074868804664716" pos="0 0 0" quat="1 0 0 0"/>
    <freejoint name="cube_fillet_35_normal_5"/>
    <geom mesh="cube_fillet_35_normal_5" name="cube_fillet_35_normal_5_geom" type="mesh"/>
  </body>
  <body name="cylinder_12_fillet_25_sideways_11" pos="0 0 0">
    <inertial diaginertia="0.0006073189825667874 0.0006073189825667874 3.414983518771939e-05" mass="0.04590787172011661" pos="0 0 0" quat="0.683 0.683 0.183 0.183"/>
    <freejoint name="cylinder_12_fillet_25_sideways_11"/>
    <geom mesh="cylinder_12_fillet_25_sideways_11" name="cylinder_12_fillet_25_sideways_11_geom" type="mesh"/>
  </body>
  <body name="cylinder_12_fillet_15_sideways_15" pos="0 0 0">
    <inertial diaginertia="0.00022085999999999997 0.00022085999999999997 9.719999999999998e-06" mass="0.021599999999999998" pos="0 0 0" quat="0.683 0.683 0.183 0.183"/>
    <freejoint name="cylinder_12_fillet_15_sideways_15"/>
    <geom mesh="cylinder_12_fillet_15_sideways_15" name="cylinder_12_fillet_15_sideways_15_geom" type="mesh"/>
  </body>
  <body name="sphere_normal_25" pos="0 0 0">
    <inertial diaginertia="0.000316099828239041 0.000316099828239041 0.000316099828239041" mass="0.199477793608793" pos="0 0 0" quat="1 0 0 0"/>
    <freejoint name="sphere_normal_25"/>
    <geom mesh="sphere_normal_25" name="sphere_normal_25_geom" type="mesh"/>
  </body>
  <body name="cylinder_14_fillet_5_normal_6" pos="0 0 0">
    <inertial diaginertia="0.0013368025068970055 0.0013368025068970055 3.916379138668041e-05" mass="0.049840779883381925" pos="0 0 0" quat="0.683 0.683 0.183 0.183"/>
    <freejoint name="cylinder_14_fillet_5_normal_6"/>
    <geom mesh="cylinder_14_fillet_5_normal_6" name="cylinder_14_fillet_5_normal_6_geom" type="mesh"/>
  </body>
  <body name="cylinder_13_fillet_25_sideways_4" pos="0 0 0">
    <inertial diaginertia="0.0012449487633930897 0.0012449487633930897 5.0956447548361555e-05" mass="0.05836782069970846" pos="0 0 0" quat="0.683 0.683 0.183 0.183"/>
    <freejoint name="cylinder_13_fillet_25_sideways_4"/>
    <geom mesh="cylinder_13_fillet_25_sideways_4" name="cylinder_13_fillet_25_sideways_4_geom" type="mesh"/>
  </body>
  <body name="sphere_normal_96" pos="0 0 0">
    <inertial diaginertia="4.2114881247195995e-05 4.2114881247195995e-05 4.2114881247195995e-05" mass="0.059519784245878254" pos="0 0 0" quat="1 0 0 0"/>
    <freejoint name="sphere_normal_96"/>
    <geom mesh="sphere_normal_96" name="sphere_normal_96_geom" type="mesh"/>
  </body>
  <body name="cylinder_12_fillet_25_upright_11" pos="0 0 0">
    <inertial diaginertia="0.0002663087586521489 0.0002663087586521489 1.2265441780210626e-05" mass="0.024834985422740524" pos="0 0 0" quat="0 0.01 0 0"/>
    <freejoint name="cylinder_12_fillet_25_upright_11"/>
    <geom mesh="cylinder_12_fillet_25_upright_11" name="cylinder_12_fillet_25_upright_11_geom" type="mesh"/>
  </body>
  <body name="cylinder_12_fillet_5_sideways_1" pos="0 0 0">
    <inertial diaginertia="0.0036115199999999996 0.0036115199999999996 0.00031103999999999995" mass="0.17279999999999998" pos="0 0 0" quat="0.683 0.683 0.183 0.183"/>
    <freejoint name="cylinder_12_fillet_5_sideways_1"/>
    <geom mesh="cylinder_12_fillet_5_sideways_1" name="cylinder_12_fillet_5_sideways_1_geom" type="mesh"/>
  </body>
  <body name="sphere_normal_22" pos="0 0 0">
    <inertial diaginertia="0.000338886339157394 0.000338886339157394 0.000338886339157394" mass="0.2079852025239161" pos="0 0 0" quat="1 0 0 0"/>
    <freejoint name="sphere_normal_22"/>
    <geom mesh="sphere_normal_22" name="sphere_normal_22_geom" type="mesh"/>
  </body>
  <body name="cube_fillet_5_normal_8" pos="0 0 0">
    <inertial diaginertia="0.0001666666666666667 0.0001666666666666667 0.0001666666666666667" mass="0.1" pos="0 0 0" quat="1 0 0 0"/>
    <freejoint name="cube_fillet_5_normal_8"/>
    <geom mesh="cube_fillet_5_normal_8" name="cube_fillet_5_normal_8_geom" type="mesh"/>
  </body>
  <body name="cylinder_13_fillet_25_sideways_11" pos="0 0 0">
    <inertial diaginertia="0.0005622050621764741 0.0005622050621764741 1.8950732432914862e-05" mass="0.032242565597667645" pos="0 0 0" quat="0.683 0.683 0.183 0.183"/>
    <freejoint name="cylinder_13_fillet_25_sideways_11"/>
    <geom mesh="cylinder_13_fillet_25_sideways_11" name="cylinder_13_fillet_25_sideways_11_geom" type="mesh"/>
  </body>
  <body name="cylinder_11_fillet_25_normal_6" pos="0 0 0">
    <inertial diaginertia="0.0015832150325520828 0.0015832150325520828 0.0002514196484374999" mass="0.15208749999999996" pos="0 0 0" quat="1 0 0 0"/>
    <freejoint name="cylinder_11_fillet_25_normal_6"/>
    <geom mesh="cylinder_11_fillet_25_normal_6" name="cylinder_11_fillet_25_normal_6_geom" type="mesh"/>
  </body>
  <body name="cylinder_11_fillet_35_normal_2" pos="0 0 0">
    <inertial diaginertia="0.0030481739648437487 0.0030481739648437487 0.0005605041796874997" mass="0.24603749999999994" pos="0 0 0" quat="1 0 0 0"/>
    <freejoint name="cylinder_11_fillet_35_normal_2"/>
    <geom mesh="cylinder_11_fillet_35_normal_2" name="cylinder_11_fillet_35_normal_2_geom" type="mesh"/>
  </body>
  <body name="cylinder_12_fillet_5_upright_13" pos="0 0 0">
    <inertial diaginertia="0.00024278463994417015 0.00024278463994417015 1.0933572544178026e-05" mass="0.023179883381924202" pos="0 0 0" quat="0 0.01 0 0"/>
    <freejoint name="cylinder_12_fillet_5_upright_13"/>
    <geom mesh="cylinder_12_fillet_5_upright_13" name="cylinder_12_fillet_5_upright_13_geom" type="mesh"/>
  </body>
  <body name="cylinder_13_fillet_25_sideways_15" pos="0 0 0">
    <inertial diaginertia="0.00032885999999999994 0.00032885999999999994 9.719999999999998e-06" mass="0.021599999999999998" pos="0 0 0" quat="0.683 0.683 0.183 0.183"/>
    <freejoint name="cylinder_13_fillet_25_sideways_15"/>
    <geom mesh="cylinder_13_fillet_25_sideways_15" name="cylinder_13_fillet_25_sideways_15_geom" type="mesh"/>
  </body>
  <body name="ground" pos="0 0 0">
    <geom name="ground_geom" size="1 1 1" type="plane"/>
  </body>
</mujoco>