<mujoco><body name="sphere_normal_68" pos="0 0 0">
    <inertial diaginertia="0.0001029759826876932 0.0001029759826876932 0.0001029759826876932" mass="0.10177510685935273" pos="0 0 0" quat="1 0 0 0"/>
    <freejoint name="sphere_normal_68"/>
    <geom mesh="sphere_normal_68" name="sphere_normal_68_geom" type="mesh"/>
  </body>
  <body name="sphere_normal_15" pos="0 0 0">
    <inertial diaginertia="0.0003971874200176497 0.0003971874200176497 0.0003971874200176497" mass="0.22876906167311215" pos="0 0 0" quat="1 0 0 0"/>
    <freejoint name="sphere_normal_15"/>
    <geom mesh="sphere_normal_15" name="sphere_normal_15_geom" type="mesh"/>
  </body>
  <body name="cylinder_21_fillet_5_normal_1" pos="0 0 0">
    <inertial diaginertia="0.0006943725000000002 0.0006943725000000002 0.00029524500000000013" mass="0.07290000000000002" pos="0 0 0" quat="1 0 0 0"/>
    <freejoint name="cylinder_21_fillet_5_normal_1"/>
    <geom mesh="cylinder_21_fillet_5_normal_1" name="cylinder_21_fillet_5_normal_1_geom" type="mesh"/>
  </body>
  <body name="cylinder_14_fillet_5_normal_12" pos="0 0 0">
    <inertial diaginertia="0.00065716477938531 0.00065716477938531 1.6169052731469775e-05" mass="0.029313301749271135" pos="0 0 0" quat="0.683 0.683 0.183 0.183"/>
    <freejoint name="cylinder_14_fillet_5_normal_12"/>
    <geom mesh="cylinder_14_fillet_5_normal_12" name="cylinder_14_fillet_5_normal_12_geom" type="mesh"/>
  </body>
  <body name="cylinder_21_fillet_45_normal_4" pos="0 0 0">
    <inertial diaginertia="0.00040763273557427716 0.00040763273557427716 0.00015665516554672166" mass="0.04984077988338193" pos="0 0 0" quat="1 0 0 0"/>
    <freejoint name="cylinder_21_fillet_45_normal_4"/>
    <geom mesh="cylinder_21_fillet_45_normal_4" name="cylinder_21_fillet_45_normal_4_geom" type="mesh"/>
  </body>
  <body name="cylinder_13_fillet_15_sideways_15" pos="0 0 0">
    <inertial diaginertia="0.00032885999999999994 0.00032885999999999994 9.719999999999998e-06" mass="0.021599999999999998" pos="0 0 0" quat="0.683 0.683 0.183 0.183"/>
    <freejoint name="cylinder_13_fillet_15_sideways_15"/>
    <geom mesh="cylinder_13_fillet_15_sideways_15" name="cylinder_13_fillet_15_sideways_15_geom" type="mesh"/>
  </body>
  <body name="sphere_normal_3" pos="0 0 0">
    <inertial diaginertia="0.000515602967183315 0.000515602967183315 0.000515602967183315" mass="0.26754032159576635" pos="0 0 0" quat="1 0 0 0"/>
    <freejoint name="sphere_normal_3"/>
    <geom mesh="sphere_normal_3" name="sphere_normal_3_geom" type="mesh"/>
  </body>
  <body name="sphere_normal_59" pos="0 0 0">
    <inertial diaginertia="0.00013308157089058956 0.00013308157089058956 0.00013308157089058956" mass="0.11870547526969258" pos="0 0 0" quat="1 0 0 0"/>
    <freejoint name="sphere_normal_59"/>
    <geom mesh="sphere_normal_59" name="sphere_normal_59_geom" type="mesh"/>
  </body>
  <body name="sphere_normal_76" pos="0 0 0">
    <inertial diaginertia="8.103887718481509e-05 8.103887718481509e-05 8.103887718481509e-05" mass="0.08814872786484836" pos="0 0 0" quat="1 0 0 0"/>
    <freejoint name="sphere_normal_76"/>
    <geom mesh="sphere_normal_76" name="sphere_normal_76_geom" type="mesh"/>
  </body>
  <body name="sphere_normal_77" pos="0 0 0">
    <inertial diaginertia="7.85833367951843e-05 7.85833367951843e-05 7.85833367951843e-05" mass="0.08653629147160594" pos="0 0 0" quat="1 0 0 0"/>
    <freejoint name="sphere_normal_77"/>
    <geom mesh="sphere_normal_77" name="sphere_normal_77_geom" type="mesh"/>
  </body>
  <body name="sphere_normal_75" pos="0 0 0">
    <inertial diaginertia="8.355542130228605e-05 8.355542130228605e-05 8.355542130228605e-05" mass="0.0897810706289436" pos="0 0 0" quat="1 0 0 0"/>
    <freejoint name="sphere_normal_75"/>
    <geom mesh="sphere_normal_75" name="sphere_normal_75_geom" type="mesh"/>
  </body>
  <body name="cylinder_12_fillet_15_sideways_9" pos="0 0 0">
    <inertial diaginertia="0.0009285416790622954 0.0009285416790622954 5.7833045754745045e-05" mass="0.0629737609329446" pos="0 0 0" quat="0.683 0.683 0.183 0.183"/>
    <freejoint name="cylinder_12_fillet_15_sideways_9"/>
    <geom mesh="cylinder_12_fillet_15_sideways_9" name="cylinder_12_fillet_15_sideways_9_geom" type="mesh"/>
  </body>
  <body name="cylinder_11_fillet_25_normal_14" pos="0 0 0">
    <inertial diaginertia="0.0002785034179687501 0.0002785034179687501 2.966308593750001e-05" mass="0.0421875" pos="0 0 0" quat="1 0 0 0"/>
    <freejoint name="cylinder_11_fillet_25_normal_14"/>
    <geom mesh="cylinder_11_fillet_25_normal_14" name="cylinder_11_fillet_25_normal_14_geom" type="mesh"/>
  </body>
  <body name="cylinder_13_fillet_5_sideways_7" pos="0 0 0">
    <inertial diaginertia="0.0009024410150532518 0.0009024410150532518 3.414983518771942e-05" mass="0.04590787172011663" pos="0 0 0" quat="0.683 0.683 0.183 0.183"/>
    <freejoint name="cylinder_13_fillet_5_sideways_7"/>
    <geom mesh="cylinder_13_fillet_5_sideways_7" name="cylinder_13_fillet_5_sideways_7_geom" type="mesh"/>
  </body>
  <body name="cylinder_12_fillet_15_upright_14" pos="0 0 0">
    <inertial diaginertia="0.00023162710577523187 0.00023162710577523187 1.0312511911424553e-05" mass="0.022380648688046643" pos="0 0 0" quat="0 0.01 0 0"/>
    <freejoint name="cylinder_12_fillet_15_upright_14"/>
    <geom mesh="cylinder_12_fillet_15_upright_14" name="cylinder_12_fillet_15_upright_14_geom" type="mesh"/>
  </body>
  <body name="cylinder_21_fillet_45_normal_9" pos="0 0 0">
    <inertial diaginertia="0.00014052607192439662 0.00014052607192439662 4.3734290176712105e-05" mass="0.023179883381924202" pos="0 0 0" quat="1 0 0 0"/>
    <freejoint name="cylinder_21_fillet_45_normal_9"/>
    <geom mesh="cylinder_21_fillet_45_normal_9" name="cylinder_21_fillet_45_normal_9_geom" type="mesh"/>
  </body>
  <body name="cylinder_11_fillet_15_normal_7" pos="0 0 0">
    <inertial diaginertia="0.0013207402083333325 0.0013207402083333325 0.00020131374999999988" mass="0.13309999999999994" pos="0 0 0" quat="1 0 0 0"/>
    <freejoint name="cylinder_11_fillet_15_normal_7"/>
    <geom mesh="cylinder_11_fillet_15_normal_7" name="cylinder_11_fillet_15_normal_7_geom" type="mesh"/>
  </body>
  <body name="sphere_normal_13" pos="0 0 0">
    <inertial diaginertia="0.0004152384763930452 0.0004152384763930452 0.0004152384763930452" mass="0.23495167921840016" pos="0 0 0" quat="1 0 0 0"/>
    <freejoint name="sphere_normal_13"/>
    <geom mesh="sphere_normal_13" name="sphere_normal_13_geom" type="mesh"/>
  </body>
  <body name="sphere_normal_52" pos="0 0 0">
    <inertial diaginertia="0.00016105099999999992 0.00016105099999999992 0.00016105099999999992" mass="0.13309999999999994" pos="0 0 0" quat="1 0 0 0"/>
    <freejoint name="sphere_normal_52"/>
    <geom mesh="sphere_normal_52" name="sphere_normal_52_geom" type="mesh"/>
  </body>
  <body name="cube_fillet_25_normal_11" pos="0 0 0">
    <inertial diaginertia="6.508763888062512e-05 6.508763888062512e-05 6.508763888062512e-05" mass="0.05688396501457725" pos="0 0 0" quat="1 0 0 0"/>
    <freejoint name="cube_fillet_25_normal_11"/>
    <geom mesh="cube_fillet_25_normal_11" name="cube_fillet_25_normal_11_geom" type="mesh"/>
  </body>
  <body name="ground" pos="0 0 0">
    <geom name="ground_geom" size="1 1 1" type="plane"/>
  </body>
</mujoco>