<mujoco><body name="cylinder_14_fillet_5_normal_14" pos="0 0 0">
    <inertial diaginertia="0.0005028919288733396 0.0005028919288733396 1.15842013535097e-05" mass="0.023997922740524782" pos="0 0 0" quat="0.683 0.683 0.183 0.183"/>
    <freejoint name="cylinder_14_fillet_5_normal_14"/>
    <geom mesh="cylinder_14_fillet_5_normal_14" name="cylinder_14_fillet_5_normal_14_geom" type="mesh"/>
  </body>
  <body name="cylinder_11_fillet_45_normal_11" pos="0 0 0">
    <inertial diaginertia="0.0005836556249999998 0.0005836556249999998 7.381124999999998e-05" mass="0.07289999999999998" pos="0 0 0" quat="1 0 0 0"/>
    <freejoint name="cylinder_11_fillet_45_normal_11"/>
    <geom mesh="cylinder_11_fillet_45_normal_11" name="cylinder_11_fillet_45_normal_11_geom" type="mesh"/>
  </body>
  <body name="cylinder_21_fillet_5_normal_12" pos="0 0 0">
    <inertial diaginertia="6.351061786786507e-05 6.351061786786507e-05 1.6773417986181352e-05" mass="0.013043403790087463" pos="0 0 0" quat="1 0 0 0"/>
    <freejoint name="cylinder_21_fillet_5_normal_12"/>
    <geom mesh="cylinder_21_fillet_5_normal_12" name="cylinder_21_fillet_5_normal_12_geom" type="mesh"/>
  </body>
  <body name="cube_fillet_35_normal_13" pos="0 0 0">
    <inertial diaginertia="3.098907201364509e-05 3.098907201364509e-05 3.098907201364509e-05" mass="0.036443148688046635" pos="0 0 0" quat="1 0 0 0"/>
    <freejoint name="cube_fillet_35_normal_13"/>
    <geom mesh="cube_fillet_35_normal_13" name="cube_fillet_35_normal_13_geom" type="mesh"/>
  </body>
  <body name="cylinder_21_fillet_45_normal_11" pos="0 0 0">
    <inertial diaginertia="8.415643799210652e-05 8.415643799210652e-05 2.3572073540786596e-05" mass="0.01599766763848397" pos="0 0 0" quat="1 0 0 0"/>
    <freejoint name="cylinder_21_fillet_45_normal_11"/>
    <geom mesh="cylinder_21_fillet_45_normal_11" name="cylinder_21_fillet_45_normal_11_geom" type="mesh"/>
  </body>
  <body name="cylinder_21_fillet_15_normal_2" pos="0 0 0">
    <inertial diaginertia="0.0005855613038264688 0.0005855613038264688 0.00024113301564266388" mass="0.06456126093294462" pos="0 0 0" quat="1 0 0 0"/>
    <freejoint name="cylinder_21_fillet_15_normal_2"/>
    <geom mesh="cylinder_21_fillet_15_normal_2" name="cylinder_21_fillet_15_normal_2_geom" type="mesh"/>
  </body>
  <body name="cylinder_11_fillet_45_normal_1" pos="0 0 0">
    <inertial diaginertia="0.0035374733333333325 0.0035374733333333325 0.0006722799999999998" mass="0.2744" pos="0 0 0" quat="1 0 0 0"/>
    <freejoint name="cylinder_11_fillet_45_normal_1"/>
    <geom mesh="cylinder_11_fillet_45_normal_1" name="cylinder_11_fillet_45_normal_1_geom" type="mesh"/>
  </body>
  <body name="cylinder_14_fillet_15_normal_6" pos="0 0 0">
    <inertial diaginertia="0.0013368025068970055 0.0013368025068970055 3.916379138668041e-05" mass="0.049840779883381925" pos="0 0 0" quat="0.683 0.683 0.183 0.183"/>
    <freejoint name="cylinder_14_fillet_15_normal_6"/>
    <geom mesh="cylinder_14_fillet_15_normal_6" name="cylinder_14_fillet_15_normal_6_geom" type="mesh"/>
  </body>
  <body name="cylinder_11_fillet_35_normal_10" pos="0 0 0">
    <inertial diaginertia="0.0007271165169270833 0.0007271165169270833 9.67226171875e-05" mass="0.0857375" pos="0 0 0" quat="1 0 0 0"/>
    <freejoint name="cylinder_11_fillet_35_normal_10"/>
    <geom mesh="cylinder_11_fillet_35_normal_10" name="cylinder_11_fillet_35_normal_10_geom" type="mesh"/>
  </body>
  <body name="cylinder_12_fillet_15_sideways_7" pos="0 0 0">
    <inertial diaginertia="0.0013637115404295833 0.0013637115404295833 9.314069851847447e-05" mass="0.08381807580174928" pos="0 0 0" quat="0.683 0.683 0.183 0.183"/>
    <freejoint name="cylinder_12_fillet_15_sideways_7"/>
    <geom mesh="cylinder_12_fillet_15_sideways_7" name="cylinder_12_fillet_15_sideways_7_geom" type="mesh"/>
  </body>
  <body name="cylinder_11_fillet_45_normal_5" pos="0 0 0">
    <inertial diaginertia="0.0018835199999999996 0.0018835199999999996 0.00031103999999999995" mass="0.17279999999999998" pos="0 0 0" quat="1 0 0 0"/>
    <freejoint name="cylinder_11_fillet_45_normal_5"/>
    <geom mesh="cylinder_11_fillet_45_normal_5" name="cylinder_11_fillet_45_normal_5_geom" type="mesh"/>
  </body>
  <body name="cylinder_11_fillet_5_normal_7" pos="0 0 0">
    <inertial diaginertia="0.0013207402083333325 0.0013207402083333325 0.00020131374999999988" mass="0.13309999999999994" pos="0 0 0" quat="1 0 0 0"/>
    <freejoint name="cylinder_11_fillet_5_normal_7"/>
    <geom mesh="cylinder_11_fillet_5_normal_7" name="cylinder_11_fillet_5_normal_7_geom" type="mesh"/>
  </body>
  <body name="cube_fillet_35_normal_1" pos="0 0 0">
    <inertial diaginertia="0.0008963733333333331 0.0008963733333333331 0.0008963733333333331" mass="0.2744" pos="0 0 0" quat="1 0 0 0"/>
    <freejoint name="cube_fillet_35_normal_1"/>
    <geom mesh="cube_fillet_35_normal_1" name="cube_fillet_35_normal_1_geom" type="mesh"/>
  </body>
  <body name="cylinder_12_fillet_15_sideways_14" pos="0 0 0">
    <inertial diaginertia="0.00029150904849913707 0.00029150904849913707 1.3724052850002968e-05" mass="0.026567055393585996" pos="0 0 0" quat="0.683 0.683 0.183 0.183"/>
    <freejoint name="cylinder_12_fillet_15_sideways_14"/>
    <geom mesh="cylinder_12_fillet_15_sideways_14" name="cylinder_12_fillet_15_sideways_14_geom" type="mesh"/>
  </body>
  <body name="cube_fillet_25_normal_10" pos="0 0 0">
    <inertial diaginertia="9.084834017572043e-05 9.084834017572043e-05 9.084834017572043e-05" mass="0.06948338192419824" pos="0 0 0" quat="1 0 0 0"/>
    <freejoint name="cube_fillet_25_normal_10"/>
    <geom mesh="cube_fillet_25_normal_10" name="cube_fillet_25_normal_10_geom" type="mesh"/>
  </body>
  <body name="cube_fillet_45_normal_11" pos="0 0 0">
    <inertial diaginertia="6.508763888062512e-05 6.508763888062512e-05 6.508763888062512e-05" mass="0.05688396501457725" pos="0 0 0" quat="1 0 0 0"/>
    <freejoint name="cube_fillet_45_normal_11"/>
    <geom mesh="cube_fillet_45_normal_11" name="cube_fillet_45_normal_11_geom" type="mesh"/>
  </body>
  <body name="cube_fillet_45_normal_7" pos="0 0 0">
    <inertial diaginertia="0.00022004785942365268 0.00022004785942365268 0.00022004785942365268" mass="0.11814110787172005" pos="0 0 0" quat="1 0 0 0"/>
    <freejoint name="cube_fillet_45_normal_7"/>
    <geom mesh="cube_fillet_45_normal_7" name="cube_fillet_45_normal_7_geom" type="mesh"/>
  </body>
  <body name="cylinder_21_fillet_15_normal_14" pos="0 0 0">
    <inertial diaginertia="3.396087180781571e-05 3.396087180781571e-05 7.85197667824419e-06" mass="0.00827190233236152" pos="0 0 0" quat="1 0 0 0"/>
    <freejoint name="cylinder_21_fillet_15_normal_14"/>
    <geom mesh="cylinder_21_fillet_15_normal_14" name="cylinder_21_fillet_15_normal_14_geom" type="mesh"/>
  </body>
  <body name="cylinder_14_fillet_25_normal_6" pos="0 0 0">
    <inertial diaginertia="0.0013368025068970055 0.0013368025068970055 3.916379138668041e-05" mass="0.049840779883381925" pos="0 0 0" quat="0.683 0.683 0.183 0.183"/>
    <freejoint name="cylinder_14_fillet_25_normal_6"/>
    <geom mesh="cylinder_14_fillet_25_normal_6" name="cylinder_14_fillet_25_normal_6_geom" type="mesh"/>
  </body>
  <body name="cylinder_11_fillet_15_normal_13" pos="0 0 0">
    <inertial diaginertia="0.0003618133333333333 0.0003618133333333333 4.096e-05" mass="0.051199999999999996" pos="0 0 0" quat="1 0 0 0"/>
    <freejoint name="cylinder_11_fillet_15_normal_13"/>
    <geom mesh="cylinder_11_fillet_15_normal_13" name="cylinder_11_fillet_15_normal_13_geom" type="mesh"/>
  </body>
  <body name="ground" pos="0 0 0">
    <geom name="ground_geom" size="1 1 1" type="plane"/>
  </body>
</mujoco>