<mujoco><body name="cube_fillet_25_normal_7" pos="0 0 0">
    <inertial diaginertia="0.00022004785942365268 0.00022004785942365268 0.00022004785942365268" mass="0.11814110787172005" pos="0 0 0" quat="1 0 0 0"/>
    <freejoint name="cube_fillet_25_normal_7"/>
    <geom mesh="cube_fillet_25_normal_7" name="cube_fillet_25_normal_7_geom" type="mesh"/>
  </body>
  <body name="cylinder_12_fillet_15_sideways_8" pos="0 0 0">
    <inertial diaginertia="0.0011304056249999996 0.0011304056249999996 7.381124999999998e-05" mass="0.07289999999999998" pos="0 0 0" quat="0.683 0.683 0.183 0.183"/>
    <freejoint name="cylinder_12_fillet_15_sideways_8"/>
    <geom mesh="cylinder_12_fillet_15_sideways_8" name="cylinder_12_fillet_15_sideways_8_geom" type="mesh"/>
  </body>
  <body name="cylinder_14_fillet_5_normal_5" pos="0 0 0">
    <inertial diaginertia="0.0014878756789209855 0.0014878756789209855 4.475010836258703e-05" mass="0.05399212827988339" pos="0 0 0" quat="0.683 0.683 0.183 0.183"/>
    <freejoint name="cylinder_14_fillet_5_normal_5"/>
    <geom mesh="cylinder_14_fillet_5_normal_5" name="cylinder_14_fillet_5_normal_5_geom" type="mesh"/>
  </body>
  <body name="sphere_normal_72" pos="0 0 0">
    <inertial diaginertia="9.148244196915598e-05 9.148244196915598e-05 9.148244196915598e-05" mass="0.09479875839609195" pos="0 0 0" quat="1 0 0 0"/>
    <freejoint name="sphere_normal_72"/>
    <geom mesh="sphere_normal_72" name="sphere_normal_72_geom" type="mesh"/>
  </body>
  <body name="cylinder_11_fillet_35_normal_3" pos="0 0 0">
    <inertial diaginertia="0.0026121414583333315 0.0026121414583333315 0.0004641162499999997" mass="0.21969999999999992" pos="0 0 0" quat="1 0 0 0"/>
    <freejoint name="cylinder_11_fillet_35_normal_3"/>
    <geom mesh="cylinder_11_fillet_35_normal_3" name="cylinder_11_fillet_35_normal_3_geom" type="mesh"/>
  </body>
  <body name="cylinder_14_fillet_25_normal_4" pos="0 0 0">
    <inertial diaginertia="0.001651438943266059 0.001651438943266059 5.0956447548361555e-05" mass="0.05836782069970846" pos="0 0 0" quat="0.683 0.683 0.183 0.183"/>
    <freejoint name="cylinder_14_fillet_25_normal_4"/>
    <geom mesh="cylinder_14_fillet_25_normal_4" name="cylinder_14_fillet_25_normal_4_geom" type="mesh"/>
  </body>
  <body name="cylinder_21_fillet_25_normal_6" pos="0 0 0">
    <inertial diaginertia="0.00027458620741946583 0.00027458620741946583 9.770947838884107e-05" mass="0.03754741253644317" pos="0 0 0" quat="1 0 0 0"/>
    <freejoint name="cylinder_21_fillet_25_normal_6"/>
    <geom mesh="cylinder_21_fillet_25_normal_6" name="cylinder_21_fillet_25_normal_6_geom" type="mesh"/>
  </body>
  <body name="sphere_normal_93" pos="0 0 0">
    <inertial diaginertia="4.6721811404951335e-05 4.6721811404951335e-05 4.6721811404951335e-05" mass="0.06334492163647465" pos="0 0 0" quat="1 0 0 0"/>
    <freejoint name="sphere_normal_93"/>
    <geom mesh="sphere_normal_93" name="sphere_normal_93_geom" type="mesh"/>
  </body>
  <body name="sphere_normal_102" pos="0 0 0">
    <inertial diaginertia="3.3990552891594e-05 3.3990552891594e-05 3.3990552891594e-05" mass="0.052337736617138184" pos="0 0 0" quat="1 0 0 0"/>
    <freejoint name="sphere_normal_102"/>
    <geom mesh="sphere_normal_102" name="sphere_normal_102_geom" type="mesh"/>
  </body>
  <body name="cylinder_21_fillet_25_normal_7" pos="0 0 0">
    <inertial diaginertia="0.000222144696852502 0.000222144696852502 7.580292973165945e-05" mass="0.032242565597667645" pos="0 0 0" quat="1 0 0 0"/>
    <freejoint name="cylinder_21_fillet_25_normal_7"/>
    <geom mesh="cylinder_21_fillet_25_normal_7" name="cylinder_21_fillet_25_normal_7_geom" type="mesh"/>
  </body>
  <body name="cylinder_13_fillet_15_sideways_3" pos="0 0 0">
    <inertial diaginertia="0.0013783542571547576 0.0013783542571547576 5.7833045754745086e-05" mass="0.06297376093294463" pos="0 0 0" quat="0.683 0.683 0.183 0.183"/>
    <freejoint name="cylinder_13_fillet_15_sideways_3"/>
    <geom mesh="cylinder_13_fillet_15_sideways_3" name="cylinder_13_fillet_15_sideways_3_geom" type="mesh"/>
  </body>
  <body name="sphere_normal_66" pos="0 0 0">
    <inertial diaginertia="0.00010914049238268358 0.00010914049238268358 0.00010914049238268358" mass="0.10538809281498064" pos="0 0 0" quat="1 0 0 0"/>
    <freejoint name="sphere_normal_66"/>
    <geom mesh="sphere_normal_66" name="sphere_normal_66_geom" type="mesh"/>
  </body>
  <body name="sphere_normal_118" pos="0 0 0">
    <inertial diaginertia="1.826763160022452e-05 1.826763160022452e-05 1.826763160022452e-05" mass="0.036058640341949916" pos="0 0 0" quat="1 0 0 0"/>
    <freejoint name="sphere_normal_118"/>
    <geom mesh="sphere_normal_118" name="sphere_normal_118_geom" type="mesh"/>
  </body>
  <body name="cylinder_21_fillet_25_normal_1" pos="0 0 0">
    <inertial diaginertia="0.0006943725000000002 0.0006943725000000002 0.00029524500000000013" mass="0.07290000000000002" pos="0 0 0" quat="1 0 0 0"/>
    <freejoint name="cylinder_21_fillet_25_normal_1"/>
    <geom mesh="cylinder_21_fillet_25_normal_1" name="cylinder_21_fillet_25_normal_1_geom" type="mesh"/>
  </body>
  <body name="sphere_normal_40" pos="0 0 0">
    <inertial diaginertia="0.0002197965013371064 0.0002197965013371064 0.0002197965013371064" mass="0.1604029920618766" pos="0 0 0" quat="1 0 0 0"/>
    <freejoint name="sphere_normal_40"/>
    <geom mesh="sphere_normal_40" name="sphere_normal_40_geom" type="mesh"/>
  </body>
  <body name="cylinder_12_fillet_5_upright_2" pos="0 0 0">
    <inertial diaginertia="0.0003940609009526505 0.0003940609009526505 1.99585279222385e-05" mass="0.033260677842565596" pos="0 0 0" quat="0 0.01 0 0"/>
    <freejoint name="cylinder_12_fillet_5_upright_2"/>
    <geom mesh="cylinder_12_fillet_5_upright_2" name="cylinder_12_fillet_5_upright_2_geom" type="mesh"/>
  </body>
  <body name="cylinder_11_fillet_15_normal_1" pos="0 0 0">
    <inertial diaginertia="0.0035374733333333325 0.0035374733333333325 0.0006722799999999998" mass="0.2744" pos="0 0 0" quat="1 0 0 0"/>
    <freejoint name="cylinder_11_fillet_15_normal_1"/>
    <geom mesh="cylinder_11_fillet_15_normal_1" name="cylinder_11_fillet_15_normal_1_geom" type="mesh"/>
  </body>
  <body name="cylinder_21_fillet_45_normal_5" pos="0 0 0">
    <inertial diaginertia="0.0003360664791951766 0.0003360664791951766 0.00012441110638424467" mass="0.04340437317784256" pos="0 0 0" quat="1 0 0 0"/>
    <freejoint name="cylinder_21_fillet_45_normal_5"/>
    <geom mesh="cylinder_21_fillet_45_normal_5" name="cylinder_21_fillet_45_normal_5_geom" type="mesh"/>
  </body>
  <body name="cube_fillet_35_normal_9" pos="0 0 0">
    <inertial diaginertia="0.00012418759802463263 0.00012418759802463263 0.00012418759802463263" mass="0.08381807580174928" pos="0 0 0" quat="1 0 0 0"/>
    <freejoint name="cube_fillet_35_normal_9"/>
    <geom mesh="cube_fillet_35_normal_9" name="cube_fillet_35_normal_9_geom" type="mesh"/>
  </body>
  <body name="cylinder_11_fillet_5_normal_15" pos="0 0 0">
    <inertial diaginertia="0.00021058770833333327 0.00021058770833333327 2.1008749999999994e-05" mass="0.0343" pos="0 0 0" quat="1 0 0 0"/>
    <freejoint name="cylinder_11_fillet_5_normal_15"/>
    <geom mesh="cylinder_11_fillet_5_normal_15" name="cylinder_11_fillet_5_normal_15_geom" type="mesh"/>
  </body>
  <body name="ground" pos="0 0 0">
    <geom name="ground_geom" size="1 1 1" type="plane"/>
  </body>
</mujoco>