<mujoco><mesh file="models/cuboid_221/cuboid_221_fillet_15.STL" name="cuboid_221_fillet_15_normal_4" refquat="0.7071 -0.7071 0 0" scale="0.5875 0.5875 0.5875"/>
  <mesh file="models/cuboid_211/cuboid_211_fillet_5.STL" name="cuboid_211_fillet_5_upright_8" refquat="0.707 0 -0.707 0" scale="0.525 0.525 0.525"/>
  <mesh file="models/sphere/sphere.STL" name="sphere_normal_89" refquat="1 0 0 0" scale="0.8823529411764706 0.8823529411764706 0.8823529411764706"/>
  <mesh file="models/cylinder_14/cylinder_14_fillet_25.STL" name="cylinder_14_fillet_25_normal_10" refquat="0.683 -0.683 -0.183 -0.183" scale="0.7071428571428571 0.7071428571428571 0.7071428571428571"/>
  <mesh file="models/cube/cube_fillet_15.STL" name="cube_fillet_15_normal_3" refquat="1 0 0 0" scale="1.2857142857142856 1.2857142857142856 1.2857142857142856"/>
  <mesh file="models/sphere/sphere.STL" name="sphere_normal_73" refquat="1 0 0 0" scale="0.976470588235294 0.976470588235294 0.976470588235294"/>
  <mesh file="models/cylinder_13/cylinder_13_fillet_25.STL" name="cylinder_13_fillet_25_sideways_5" refquat="0.683 -0.683 -0.183 -0.183" scale="0.8142857142857143 0.8142857142857143 0.8142857142857143"/>
  <mesh file="models/cube/cube_fillet_15.STL" name="cube_fillet_15_normal_6" refquat="1 0 0 0" scale="1.1142857142857143 1.1142857142857143 1.1142857142857143"/>
  <mesh file="models/cuboid_211/cuboid_211_fillet_25.STL" name="cuboid_211_fillet_25_normal_8" refquat="1 0 0 0" scale="0.6375 0.6375 0.6375"/>
  <mesh file="models/sphere/sphere.STL" name="sphere_normal_52" refquat="1 0 0 0" scale="1.0999999999999999 1.0999999999999999 1.0999999999999999"/>
  <mesh file="models/cube/cube_fillet_5.STL" name="cube_fillet_5_normal_10" refquat="1 0 0 0" scale="0.8857142857142857 0.8857142857142857 0.8857142857142857"/>
  <mesh file="models/cylinder_13/cylinder_13_fillet_25.STL" name="cylinder_13_fillet_25_sideways_9" refquat="0.683 -0.683 -0.183 -0.183" scale="0.7285714285714285 0.7285714285714285 0.7285714285714285"/>
  <mesh file="models/cylinder_11/cylinder_11_fillet_15.STL" name="cylinder_11_fillet_15_normal_8" refquat="1 0 0 0" scale="1.0499999999999998 1.0499999999999998 1.0499999999999998"/>
  <mesh file="models/cuboid_321/cuboid_321_fillet_45.STL" name="cuboid_321_fillet_45_normal_8" refquat="0.7071 -0.7071 0 0" scale="0.41250000000000003 0.41250000000000003 0.41250000000000003"/>
  <mesh file="models/cylinder_12/cylinder_12_fillet_25.STL" name="cylinder_12_fillet_25_upright_8" refquat="0 -0.01 0 0" scale="0.6499999999999999 0.6499999999999999 0.6499999999999999"/>
  <mesh file="models/cuboid_311/cuboid_311_fillet_25.STL" name="cuboid_311_fillet_25_normal_8" refquat="1 0 0 0" scale="0.625 0.625 0.625"/>
  <mesh file="models/cylinder_21/cylinder_21_fillet_45.STL" name="cylinder_21_fillet_45_normal_6" refquat="1 0 0 0" scale="0.7214285714285715 0.7214285714285715 0.7214285714285715"/>
  <mesh file="models/cylinder_12/cylinder_12_fillet_5.STL" name="cylinder_12_fillet_5_upright_1" refquat="0 -0.01 0 0" scale="0.7 0.7 0.7"/>
  <mesh file="models/cuboid_221/cuboid_221_fillet_35.STL" name="cuboid_221_fillet_35_normal_8" refquat="0.7071 -0.7071 0 0" scale="0.4375 0.4375 0.4375"/>
  <mesh file="models/sphere/sphere.STL" name="sphere_normal_96" refquat="1 0 0 0" scale="0.8411764705882352 0.8411764705882352 0.8411764705882352"/>
  </mujoco>