<mujoco><mesh file="models/cylinder_14/cylinder_14_fillet_5.STL" name="cylinder_14_fillet_5_normal_4" refquat="0.683 -0.683 -0.183 -0.183" scale="0.8357142857142857 0.8357142857142857 0.8357142857142857"/>
  <mesh file="models/cube/cube_fillet_25.STL" name="cube_fillet_25_normal_4" refquat="1 0 0 0" scale="1.2285714285714284 1.2285714285714284 1.2285714285714284"/>
  <mesh file="models/cuboid_311/cuboid_311_fillet_15.STL" name="cuboid_311_fillet_15_normal_9" refquat="1 0 0 0" scale="0.6 0.6 0.6"/>
  <mesh file="models/sphere/sphere.STL" name="sphere_normal_61" refquat="1 0 0 0" scale="1.0470588235294116 1.0470588235294116 1.0470588235294116"/>
  <mesh file="models/cylinder_13/cylinder_13_fillet_5.STL" name="cylinder_13_fillet_5_sideways_6" refquat="0.683 -0.683 -0.183 -0.183" scale="0.7928571428571428 0.7928571428571428 0.7928571428571428"/>
  <mesh file="models/cuboid_321/cuboid_321_fillet_15.STL" name="cuboid_321_fillet_15_normal_9" refquat="0.7071 -0.7071 0 0" scale="0.4 0.4 0.4"/>
  <mesh file="models/sphere/sphere.STL" name="sphere_normal_100" refquat="1 0 0 0" scale="0.8176470588235293 0.8176470588235293 0.8176470588235293"/>
  <mesh file="models/cube/cube_fillet_35.STL" name="cube_fillet_35_normal_13" refquat="1 0 0 0" scale="0.7142857142857142 0.7142857142857142 0.7142857142857142"/>
  <mesh file="models/cylinder_14/cylinder_14_fillet_15.STL" name="cylinder_14_fillet_15_normal_15" refquat="0.683 -0.683 -0.183 -0.183" scale="0.6 0.6 0.6"/>
  <mesh file="models/cuboid_311/cuboid_311_fillet_45.STL" name="cuboid_311_fillet_45_thinner_9" refquat="1 0 0 0" scale="1.2 0.6 0.6"/>
  <mesh file="models/cylinder_14/cylinder_14_fillet_5.STL" name="cylinder_14_fillet_5_normal_2" refquat="0.683 -0.683 -0.183 -0.183" scale="0.8785714285714286 0.8785714285714286 0.8785714285714286"/>
  <mesh file="models/cylinder_21/cylinder_21_fillet_35.STL" name="cylinder_21_fillet_35_normal_13" refquat="1 0 0 0" scale="0.4714285714285715 0.4714285714285715 0.4714285714285715"/>
  <mesh file="models/sphere/sphere.STL" name="sphere_normal_33" refquat="1 0 0 0" scale="1.2117647058823529 1.2117647058823529 1.2117647058823529"/>
  <mesh file="models/cylinder_11/cylinder_11_fillet_5.STL" name="cylinder_11_fillet_5_normal_11" refquat="1 0 0 0" scale="0.8999999999999999 0.8999999999999999 0.8999999999999999"/>
  <mesh file="models/cuboid_211/cuboid_211_fillet_25.STL" name="cuboid_211_fillet_25_upright_7" refquat="0.707 0 -0.707 0" scale="0.55 0.55 0.55"/>
  <mesh file="models/cylinder_21/cylinder_21_fillet_45.STL" name="cylinder_21_fillet_45_normal_10" refquat="1 0 0 0" scale="0.5785714285714286 0.5785714285714286 0.5785714285714286"/>
  <mesh file="models/cuboid_311/cuboid_311_fillet_45.STL" name="cuboid_311_fillet_45_normal_7" refquat="1 0 0 0" scale="0.65 0.65 0.65"/>
  <mesh file="models/cylinder_12/cylinder_12_fillet_25.STL" name="cylinder_12_fillet_25_upright_9" refquat="0 -0.01 0 0" scale="0.6428571428571428 0.6428571428571428 0.6428571428571428"/>
  <mesh file="models/cuboid_221/cuboid_221_fillet_5.STL" name="cuboid_221_fillet_5_normal_3" refquat="0.7071 -0.7071 0 0" scale="0.625 0.625 0.625"/>
  <mesh file="models/cylinder_14/cylinder_14_fillet_5.STL" name="cylinder_14_fillet_5_normal_12" refquat="0.683 -0.683 -0.183 -0.183" scale="0.6642857142857143 0.6642857142857143 0.6642857142857143"/>
  </mujoco>