<mujoco><mesh file="models/sphere/sphere.STL" name="sphere_normal_101" refquat="1 0 0 0" scale="0.8117647058823528 0.8117647058823528 0.8117647058823528"/>
  <mesh file="models/cuboid_211/cuboid_211_fillet_25.STL" name="cuboid_211_fillet_25_normal_5" refquat="1 0 0 0" scale="0.75 0.75 0.75"/>
  <mesh file="models/cylinder_12/cylinder_12_fillet_25.STL" name="cylinder_12_fillet_25_sideways_6" refquat="0.683 -0.683 -0.183 -0.183" scale="0.9857142857142857 0.9857142857142857 0.9857142857142857"/>
  <mesh file="models/sphere/sphere.STL" name="sphere_normal_16" refquat="1 0 0 0" scale="1.311764705882353 1.311764705882353 1.311764705882353"/>
  <mesh file="models/cuboid_311/cuboid_311_fillet_35.STL" name="cuboid_311_fillet_35_thinner_8" refquat="1 0 0 0" scale="1.2 0.625 0.625"/>
  <mesh file="models/cylinder_21/cylinder_21_fillet_25.STL" name="cylinder_21_fillet_25_normal_8" refquat="1 0 0 0" scale="0.65 0.65 0.65"/>
  <mesh file="models/sphere/sphere.STL" name="sphere_normal_11" refquat="1 0 0 0" scale="1.3411764705882352 1.3411764705882352 1.3411764705882352"/>
  <mesh file="models/cylinder_21/cylinder_21_fillet_25.STL" name="cylinder_21_fillet_25_normal_7" refquat="1 0 0 0" scale="0.6857142857142857 0.6857142857142857 0.6857142857142857"/>
  <mesh file="models/sphere/sphere.STL" name="sphere_normal_24" refquat="1 0 0 0" scale="1.2647058823529411 1.2647058823529411 1.2647058823529411"/>
  <mesh file="models/sphere/sphere.STL" name="sphere_normal_26" refquat="1 0 0 0" scale="1.2529411764705882 1.2529411764705882 1.2529411764705882"/>
  <mesh file="models/cylinder_14/cylinder_14_fillet_5.STL" name="cylinder_14_fillet_5_normal_6" refquat="0.683 -0.683 -0.183 -0.183" scale="0.7928571428571428 0.7928571428571428 0.7928571428571428"/>
  <mesh file="models/cylinder_12/cylinder_12_fillet_25.STL" name="cylinder_12_fillet_25_sideways_15" refquat="0.683 -0.683 -0.183 -0.183" scale="0.6 0.6 0.6"/>
  <mesh file="models/cuboid_211/cuboid_211_fillet_25.STL" name="cuboid_211_fillet_25_normal_1" refquat="1 0 0 0" scale="0.9 0.9 0.9"/>
  <mesh file="models/cuboid_221/cuboid_221_fillet_45.STL" name="cuboid_221_fillet_45_normal_6" refquat="0.7071 -0.7071 0 0" scale="0.5125 0.5125 0.5125"/>
  <mesh file="models/cuboid_211/cuboid_211_fillet_25.STL" name="cuboid_211_fillet_25_upright_2" refquat="0.707 0 -0.707 0" scale="0.6749999999999999 0.6749999999999999 0.6749999999999999"/>
  <mesh file="models/cylinder_12/cylinder_12_fillet_5.STL" name="cylinder_12_fillet_5_sideways_8" refquat="0.683 -0.683 -0.183 -0.183" scale="0.8999999999999999 0.8999999999999999 0.8999999999999999"/>
  <mesh file="models/cylinder_21/cylinder_21_fillet_15.STL" name="cylinder_21_fillet_15_normal_1" refquat="1 0 0 0" scale="0.9 0.9 0.9"/>
  <mesh file="models/cylinder_11/cylinder_11_fillet_25.STL" name="cylinder_11_fillet_25_normal_11" refquat="1 0 0 0" scale="0.8999999999999999 0.8999999999999999 0.8999999999999999"/>
  <mesh file="models/cuboid_211/cuboid_211_fillet_5.STL" name="cuboid_211_fillet_5_upright_7" refquat="0.707 0 -0.707 0" scale="0.55 0.55 0.55"/>
  <mesh file="models/sphere/sphere.STL" name="sphere_normal_68" refquat="1 0 0 0" scale="1.0058823529411764 1.0058823529411764 1.0058823529411764"/>
  </mujoco>