<mujoco><mesh file="models/cylinder_21/cylinder_21_fillet_5.STL" name="cylinder_21_fillet_5_normal_1" refquat="1 0 0 0" scale="0.9 0.9 0.9"/>
  <mesh file="models/cuboid_221/cuboid_221_fillet_35.STL" name="cuboid_221_fillet_35_normal_3" refquat="0.7071 -0.7071 0 0" scale="0.625 0.625 0.625"/>
  <mesh file="models/cube/cube_fillet_45.STL" name="cube_fillet_45_normal_15" refquat="1 0 0 0" scale="0.6 0.6 0.6"/>
  <mesh file="models/cuboid_211/cuboid_211_fillet_15.STL" name="cuboid_211_fillet_15_normal_3" refquat="1 0 0 0" scale="0.825 0.825 0.825"/>
  <mesh file="models/cuboid_211/cuboid_211_fillet_5.STL" name="cuboid_211_fillet_5_upright_4" refquat="0.707 0 -0.707 0" scale="0.625 0.625 0.625"/>
  <mesh file="models/cuboid_311/cuboid_311_fillet_15.STL" name="cuboid_311_fillet_15_thinner_9" refquat="1 0 0 0" scale="1.2 0.6 0.6"/>
  <mesh file="models/sphere/sphere.STL" name="sphere_normal_51" refquat="1 0 0 0" scale="1.1058823529411763 1.1058823529411763 1.1058823529411763"/>
  <mesh file="models/cuboid_321/cuboid_321_fillet_25.STL" name="cuboid_321_fillet_25_normal_4" refquat="0.7071 -0.7071 0 0" scale="0.4625 0.4625 0.4625"/>
  <mesh file="models/cylinder_21/cylinder_21_fillet_25.STL" name="cylinder_21_fillet_25_normal_9" refquat="1 0 0 0" scale="0.6142857142857143 0.6142857142857143 0.6142857142857143"/>
  <mesh file="models/cuboid_221/cuboid_221_fillet_45.STL" name="cuboid_221_fillet_45_normal_9" refquat="0.7071 -0.7071 0 0" scale="0.4 0.4 0.4"/>
  <mesh file="models/cylinder_12/cylinder_12_fillet_5.STL" name="cylinder_12_fillet_5_upright_8" refquat="0 -0.01 0 0" scale="0.6499999999999999 0.6499999999999999 0.6499999999999999"/>
  <mesh file="models/cube/cube_fillet_15.STL" name="cube_fillet_15_normal_8" refquat="1 0 0 0" scale="1.0 1.0 1.0"/>
  <mesh file="models/cuboid_311/cuboid_311_fillet_45.STL" name="cuboid_311_fillet_45_thinner_3" refquat="1 0 0 0" scale="1.2 0.75 0.75"/>
  <mesh file="models/cylinder_11/cylinder_11_fillet_25.STL" name="cylinder_11_fillet_25_normal_4" refquat="1 0 0 0" scale="1.25 1.25 1.25"/>
  <mesh file="models/cylinder_11/cylinder_11_fillet_5.STL" name="cylinder_11_fillet_5_normal_1" refquat="1 0 0 0" scale="1.4 1.4 1.4"/>
  <mesh file="models/sphere/sphere.STL" name="sphere_normal_111" refquat="1 0 0 0" scale="0.7529411764705881 0.7529411764705881 0.7529411764705881"/>
  <mesh file="models/cylinder_12/cylinder_12_fillet_25.STL" name="cylinder_12_fillet_25_sideways_9" refquat="0.683 -0.683 -0.183 -0.183" scale="0.8571428571428571 0.8571428571428571 0.8571428571428571"/>
  <mesh file="models/cylinder_13/cylinder_13_fillet_15.STL" name="cylinder_13_fillet_15_sideways_5" refquat="0.683 -0.683 -0.183 -0.183" scale="0.8142857142857143 0.8142857142857143 0.8142857142857143"/>
  <mesh file="models/cylinder_12/cylinder_12_fillet_15.STL" name="cylinder_12_fillet_15_upright_10" refquat="0 -0.01 0 0" scale="0.6357142857142857 0.6357142857142857 0.6357142857142857"/>
  <mesh file="models/cuboid_311/cuboid_311_fillet_45.STL" name="cuboid_311_fillet_45_normal_6" refquat="1 0 0 0" scale="0.675 0.675 0.675"/>
  </mujoco>