<mujoco><mesh file="models/cylinder_11/cylinder_11_fillet_15.STL" name="cylinder_11_fillet_15_normal_11" refquat="1 0 0 0" scale="0.8999999999999999 0.8999999999999999 0.8999999999999999"/>
  <mesh file="models/cuboid_311/cuboid_311_fillet_35.STL" name="cuboid_311_fillet_35_thinner_4" refquat="1 0 0 0" scale="1.2 0.725 0.725"/>
  <mesh file="models/cuboid_221/cuboid_221_fillet_35.STL" name="cuboid_221_fillet_35_normal_1" refquat="0.7071 -0.7071 0 0" scale="0.7 0.7 0.7"/>
  <mesh file="models/cylinder_13/cylinder_13_fillet_15.STL" name="cylinder_13_fillet_15_sideways_12" refquat="0.683 -0.683 -0.183 -0.183" scale="0.6642857142857143 0.6642857142857143 0.6642857142857143"/>
  <mesh file="models/cylinder_12/cylinder_12_fillet_15.STL" name="cylinder_12_fillet_15_upright_9" refquat="0 -0.01 0 0" scale="0.6428571428571428 0.6428571428571428 0.6428571428571428"/>
  <mesh file="models/cube/cube_fillet_5.STL" name="cube_fillet_5_normal_8" refquat="1 0 0 0" scale="1.0 1.0 1.0"/>
  <mesh file="models/cube/cube_fillet_45.STL" name="cube_fillet_45_normal_8" refquat="1 0 0 0" scale="1.0 1.0 1.0"/>
  <mesh file="models/cylinder_11/cylinder_11_fillet_45.STL" name="cylinder_11_fillet_45_normal_9" refquat="1 0 0 0" scale="1.0 1.0 1.0"/>
  <mesh file="models/sphere/sphere.STL" name="sphere_normal_105" refquat="1 0 0 0" scale="0.7882352941176469 0.7882352941176469 0.7882352941176469"/>
  <mesh file="models/cylinder_12/cylinder_12_fillet_25.STL" name="cylinder_12_fillet_25_upright_1" refquat="0 -0.01 0 0" scale="0.7 0.7 0.7"/>
  <mesh file="models/cuboid_321/cuboid_321_fillet_25.STL" name="cuboid_321_fillet_25_normal_6" refquat="0.7071 -0.7071 0 0" scale="0.4375 0.4375 0.4375"/>
  <mesh file="models/cuboid_221/cuboid_221_fillet_35.STL" name="cuboid_221_fillet_35_normal_5" refquat="0.7071 -0.7071 0 0" scale="0.55 0.55 0.55"/>
  <mesh file="models/cuboid_311/cuboid_311_fillet_25.STL" name="cuboid_311_fillet_25_thinner_2" refquat="1 0 0 0" scale="1.2 0.775 0.775"/>
  <mesh file="models/cylinder_11/cylinder_11_fillet_5.STL" name="cylinder_11_fillet_5_normal_2" refquat="1 0 0 0" scale="1.3499999999999999 1.3499999999999999 1.3499999999999999"/>
  <mesh file="models/sphere/sphere.STL" name="sphere_normal_4" refquat="1 0 0 0" scale="1.3823529411764706 1.3823529411764706 1.3823529411764706"/>
  <mesh file="models/cylinder_11/cylinder_11_fillet_45.STL" name="cylinder_11_fillet_45_normal_15" refquat="1 0 0 0" scale="0.7 0.7 0.7"/>
  <mesh file="models/sphere/sphere.STL" name="sphere_normal_97" refquat="1 0 0 0" scale="0.8352941176470587 0.8352941176470587 0.8352941176470587"/>
  <mesh file="models/cuboid_211/cuboid_211_fillet_25.STL" name="cuboid_211_fillet_25_upright_8" refquat="0.707 0 -0.707 0" scale="0.525 0.525 0.525"/>
  <mesh file="models/sphere/sphere.STL" name="sphere_normal_37" refquat="1 0 0 0" scale="1.188235294117647 1.188235294117647 1.188235294117647"/>
  <mesh file="models/cube/cube_fillet_5.STL" name="cube_fillet_5_normal_2" refquat="1 0 0 0" scale="1.3428571428571427 1.3428571428571427 1.3428571428571427"/>
  </mujoco>