<mujoco><mesh file="models/cylinder_11/cylinder_11_fillet_25.STL" name="cylinder_11_fillet_25_normal_13" refquat="1 0 0 0" scale="0.7999999999999999 0.7999999999999999 0.7999999999999999"/>
  <mesh file="models/cuboid_221/cuboid_221_fillet_15.STL" name="cuboid_221_fillet_15_normal_8" refquat="0.7071 -0.7071 0 0" scale="0.4375 0.4375 0.4375"/>
  <mesh file="models/cylinder_13/cylinder_13_fillet_5.STL" name="cylinder_13_fillet_5_sideways_7" refquat="0.683 -0.683 -0.183 -0.183" scale="0.7714285714285715 0.7714285714285715 0.7714285714285715"/>
  <mesh file="models/cylinder_21/cylinder_21_fillet_45.STL" name="cylinder_21_fillet_45_normal_11" refquat="1 0 0 0" scale="0.5428571428571429 0.5428571428571429 0.5428571428571429"/>
  <mesh file="models/cuboid_211/cuboid_211_fillet_5.STL" name="cuboid_211_fillet_5_normal_9" refquat="1 0 0 0" scale="0.6 0.6 0.6"/>
  <mesh file="models/cuboid_311/cuboid_311_fillet_15.STL" name="cuboid_311_fillet_15_normal_2" refquat="1 0 0 0" scale="0.775 0.775 0.775"/>
  <mesh file="models/cuboid_321/cuboid_321_fillet_5.STL" name="cuboid_321_fillet_5_normal_3" refquat="0.7071 -0.7071 0 0" scale="0.475 0.475 0.475"/>
  <mesh file="models/cube/cube_fillet_5.STL" name="cube_fillet_5_normal_15" refquat="1 0 0 0" scale="0.6 0.6 0.6"/>
  <mesh file="models/sphere/sphere.STL" name="sphere_normal_55" refquat="1 0 0 0" scale="1.0823529411764705 1.0823529411764705 1.0823529411764705"/>
  <mesh file="models/cylinder_13/cylinder_13_fillet_15.STL" name="cylinder_13_fillet_15_sideways_1" refquat="0.683 -0.683 -0.183 -0.183" scale="0.9 0.9 0.9"/>
  <mesh file="models/cylinder_13/cylinder_13_fillet_5.STL" name="cylinder_13_fillet_5_sideways_1" refquat="0.683 -0.683 -0.183 -0.183" scale="0.9 0.9 0.9"/>
  <mesh file="models/sphere/sphere.STL" name="sphere_normal_115" refquat="1 0 0 0" scale="0.7294117647058823 0.7294117647058823 0.7294117647058823"/>
  <mesh file="models/sphere/sphere.STL" name="sphere_normal_67" refquat="1 0 0 0" scale="1.011764705882353 1.011764705882353 1.011764705882353"/>
  <mesh file="models/cylinder_12/cylinder_12_fillet_5.STL" name="cylinder_12_fillet_5_sideways_4" refquat="0.683 -0.683 -0.183 -0.183" scale="1.0714285714285714 1.0714285714285714 1.0714285714285714"/>
  <mesh file="models/cuboid_211/cuboid_211_fillet_45.STL" name="cuboid_211_fillet_45_upright_8" refquat="0.707 0 -0.707 0" scale="0.525 0.525 0.525"/>
  <mesh file="models/cylinder_13/cylinder_13_fillet_5.STL" name="cylinder_13_fillet_5_sideways_13" refquat="0.683 -0.683 -0.183 -0.183" scale="0.6428571428571428 0.6428571428571428 0.6428571428571428"/>
  <mesh file="models/cylinder_12/cylinder_12_fillet_25.STL" name="cylinder_12_fillet_25_upright_3" refquat="0 -0.01 0 0" scale="0.6857142857142857 0.6857142857142857 0.6857142857142857"/>
  <mesh file="models/cylinder_14/cylinder_14_fillet_25.STL" name="cylinder_14_fillet_25_normal_5" refquat="0.683 -0.683 -0.183 -0.183" scale="0.8142857142857143 0.8142857142857143 0.8142857142857143"/>
  <mesh file="models/sphere/sphere.STL" name="sphere_normal_120" refquat="1 0 0 0" scale="0.7 0.7 0.7"/>
  <mesh file="models/sphere/sphere.STL" name="sphere_normal_60" refquat="1 0 0 0" scale="1.052941176470588 1.052941176470588 1.052941176470588"/>
  </mujoco>