<mujoco><mesh file="models/sphere/sphere.STL" name="sphere_normal_36" refquat="1 0 0 0" scale="1.1941176470588235 1.1941176470588235 1.1941176470588235"/>
  <mesh file="models/sphere/sphere.STL" name="sphere_normal_99" refquat="1 0 0 0" scale="0.8235294117647058 0.8235294117647058 0.8235294117647058"/>
  <mesh file="models/sphere/sphere.STL" name="sphere_normal_57" refquat="1 0 0 0" scale="1.0705882352941176 1.0705882352941176 1.0705882352941176"/>
  <mesh file="models/sphere/sphere.STL" name="sphere_normal_110" refquat="1 0 0 0" scale="0.7588235294117647 0.7588235294117647 0.7588235294117647"/>
  <mesh file="models/cylinder_21/cylinder_21_fillet_45.STL" name="cylinder_21_fillet_45_normal_5" refquat="1 0 0 0" scale="0.7571428571428571 0.7571428571428571 0.7571428571428571"/>
  <mesh file="models/cuboid_321/cuboid_321_fillet_45.STL" name="cuboid_321_fillet_45_normal_3" refquat="0.7071 -0.7071 0 0" scale="0.475 0.475 0.475"/>
  <mesh file="models/sphere/sphere.STL" name="sphere_normal_25" refquat="1 0 0 0" scale="1.2588235294117647 1.2588235294117647 1.2588235294117647"/>
  <mesh file="models/cuboid_211/cuboid_211_fillet_45.STL" name="cuboid_211_fillet_45_normal_9" refquat="1 0 0 0" scale="0.6 0.6 0.6"/>
  <mesh file="models/cylinder_13/cylinder_13_fillet_25.STL" name="cylinder_13_fillet_25_sideways_3" refquat="0.683 -0.683 -0.183 -0.183" scale="0.8571428571428572 0.8571428571428572 0.8571428571428572"/>
  <mesh file="models/cuboid_321/cuboid_321_fillet_5.STL" name="cuboid_321_fillet_5_normal_7" refquat="0.7071 -0.7071 0 0" scale="0.42500000000000004 0.42500000000000004 0.42500000000000004"/>
  <mesh file="models/cuboid_211/cuboid_211_fillet_35.STL" name="cuboid_211_fillet_35_upright_6" refquat="0.707 0 -0.707 0" scale="0.575 0.575 0.575"/>
  <mesh file="models/cylinder_21/cylinder_21_fillet_45.STL" name="cylinder_21_fillet_45_normal_7" refquat="1 0 0 0" scale="0.6857142857142857 0.6857142857142857 0.6857142857142857"/>
  <mesh file="models/cube/cube_fillet_5.STL" name="cube_fillet_5_normal_12" refquat="1 0 0 0" scale="0.7714285714285714 0.7714285714285714 0.7714285714285714"/>
  <mesh file="models/cuboid_221/cuboid_221_fillet_45.STL" name="cuboid_221_fillet_45_normal_5" refquat="0.7071 -0.7071 0 0" scale="0.55 0.55 0.55"/>
  <mesh file="models/cylinder_14/cylinder_14_fillet_25.STL" name="cylinder_14_fillet_25_normal_9" refquat="0.683 -0.683 -0.183 -0.183" scale="0.7285714285714285 0.7285714285714285 0.7285714285714285"/>
  <mesh file="models/cylinder_21/cylinder_21_fillet_35.STL" name="cylinder_21_fillet_35_normal_15" refquat="1 0 0 0" scale="0.4 0.4 0.4"/>
  <mesh file="models/cylinder_12/cylinder_12_fillet_15.STL" name="cylinder_12_fillet_15_upright_14" refquat="0 -0.01 0 0" scale="0.6071428571428571 0.6071428571428571 0.6071428571428571"/>
  <mesh file="models/cuboid_211/cuboid_211_fillet_5.STL" name="cuboid_211_fillet_5_upright_9" refquat="0.707 0 -0.707 0" scale="0.5 0.5 0.5"/>
  <mesh file="models/cylinder_14/cylinder_14_fillet_15.STL" name="cylinder_14_fillet_15_normal_14" refquat="0.683 -0.683 -0.183 -0.183" scale="0.6214285714285714 0.6214285714285714 0.6214285714285714"/>
  <mesh file="models/cuboid_321/cuboid_321_fillet_5.STL" name="cuboid_321_fillet_5_normal_8" refquat="0.7071 -0.7071 0 0" scale="0.41250000000000003 0.41250000000000003 0.41250000000000003"/>
  </mujoco>