<mujoco><mesh file="models/cuboid_321/cuboid_321_fillet_45.STL" name="cuboid_321_fillet_45_normal_7" refquat="0.7071 -0.7071 0 0" scale="0.42500000000000004 0.42500000000000004 0.42500000000000004"/>
  <mesh file="models/cuboid_221/cuboid_221_fillet_35.STL" name="cuboid_221_fillet_35_normal_6" refquat="0.7071 -0.7071 0 0" scale="0.5125 0.5125 0.5125"/>
  <mesh file="models/cylinder_11/cylinder_11_fillet_25.STL" name="cylinder_11_fillet_25_normal_15" refquat="1 0 0 0" scale="0.7 0.7 0.7"/>
  <mesh file="models/cuboid_211/cuboid_211_fillet_5.STL" name="cuboid_211_fillet_5_normal_1" refquat="1 0 0 0" scale="0.9 0.9 0.9"/>
  <mesh file="models/cuboid_311/cuboid_311_fillet_15.STL" name="cuboid_311_fillet_15_normal_6" refquat="1 0 0 0" scale="0.675 0.675 0.675"/>
  <mesh file="models/cylinder_12/cylinder_12_fillet_25.STL" name="cylinder_12_fillet_25_sideways_13" refquat="0.683 -0.683 -0.183 -0.183" scale="0.6857142857142857 0.6857142857142857 0.6857142857142857"/>
  <mesh file="models/cuboid_211/cuboid_211_fillet_45.STL" name="cuboid_211_fillet_45_normal_7" refquat="1 0 0 0" scale="0.675 0.675 0.675"/>
  <mesh file="models/cuboid_321/cuboid_321_fillet_35.STL" name="cuboid_321_fillet_35_normal_1" refquat="0.7071 -0.7071 0 0" scale="0.5 0.5 0.5"/>
  <mesh file="models/cuboid_211/cuboid_211_fillet_35.STL" name="cuboid_211_fillet_35_normal_2" refquat="1 0 0 0" scale="0.8625 0.8625 0.8625"/>
  <mesh file="models/cuboid_321/cuboid_321_fillet_45.STL" name="cuboid_321_fillet_45_normal_4" refquat="0.7071 -0.7071 0 0" scale="0.4625 0.4625 0.4625"/>
  <mesh file="models/cuboid_311/cuboid_311_fillet_35.STL" name="cuboid_311_fillet_35_normal_7" refquat="1 0 0 0" scale="0.65 0.65 0.65"/>
  <mesh file="models/cuboid_311/cuboid_311_fillet_25.STL" name="cuboid_311_fillet_25_thinner_1" refquat="1 0 0 0" scale="1.2 0.8 0.8"/>
  <mesh file="models/cylinder_21/cylinder_21_fillet_5.STL" name="cylinder_21_fillet_5_normal_14" refquat="1 0 0 0" scale="0.4357142857142858 0.4357142857142858 0.4357142857142858"/>
  <mesh file="models/sphere/sphere.STL" name="sphere_normal_13" refquat="1 0 0 0" scale="1.3294117647058823 1.3294117647058823 1.3294117647058823"/>
  <mesh file="models/cuboid_321/cuboid_321_fillet_25.STL" name="cuboid_321_fillet_25_normal_2" refquat="0.7071 -0.7071 0 0" scale="0.4875 0.4875 0.4875"/>
  <mesh file="models/cuboid_221/cuboid_221_fillet_25.STL" name="cuboid_221_fillet_25_normal_8" refquat="0.7071 -0.7071 0 0" scale="0.4375 0.4375 0.4375"/>
  <mesh file="models/cylinder_14/cylinder_14_fillet_15.STL" name="cylinder_14_fillet_15_normal_2" refquat="0.683 -0.683 -0.183 -0.183" scale="0.8785714285714286 0.8785714285714286 0.8785714285714286"/>
  <mesh file="models/cylinder_12/cylinder_12_fillet_25.STL" name="cylinder_12_fillet_25_upright_7" refquat="0 -0.01 0 0" scale="0.6571428571428571 0.6571428571428571 0.6571428571428571"/>
  <mesh file="models/cylinder_12/cylinder_12_fillet_25.STL" name="cylinder_12_fillet_25_sideways_7" refquat="0.683 -0.683 -0.183 -0.183" scale="0.9428571428571428 0.9428571428571428 0.9428571428571428"/>
  <mesh file="models/cylinder_11/cylinder_11_fillet_45.STL" name="cylinder_11_fillet_45_normal_12" refquat="1 0 0 0" scale="0.85 0.85 0.85"/>
  </mujoco>