<mujoco><mesh file="models/cylinder_12/cylinder_12_fillet_5.STL" name="cylinder_12_fillet_5_upright_11" refquat="0 -0.01 0 0" scale="0.6285714285714286 0.6285714285714286 0.6285714285714286"/>
  <mesh file="models/cylinder_13/cylinder_13_fillet_25.STL" name="cylinder_13_fillet_25_sideways_13" refquat="0.683 -0.683 -0.183 -0.183" scale="0.6428571428571428 0.6428571428571428 0.6428571428571428"/>
  <mesh file="models/sphere/sphere.STL" name="sphere_normal_79" refquat="1 0 0 0" scale="0.9411764705882353 0.9411764705882353 0.9411764705882353"/>
  <mesh file="models/cuboid_211/cuboid_211_fillet_15.STL" name="cuboid_211_fillet_15_upright_2" refquat="0.707 0 -0.707 0" scale="0.6749999999999999 0.6749999999999999 0.6749999999999999"/>
  <mesh file="models/cuboid_311/cuboid_311_fillet_45.STL" name="cuboid_311_fillet_45_normal_9" refquat="1 0 0 0" scale="0.6 0.6 0.6"/>
  <mesh file="models/cuboid_211/cuboid_211_fillet_5.STL" name="cuboid_211_fillet_5_normal_5" refquat="1 0 0 0" scale="0.75 0.75 0.75"/>
  <mesh file="models/cylinder_11/cylinder_11_fillet_35.STL" name="cylinder_11_fillet_35_normal_5" refquat="1 0 0 0" scale="1.2 1.2 1.2"/>
  <mesh file="models/cuboid_311/cuboid_311_fillet_5.STL" name="cuboid_311_fillet_5_thinner_3" refquat="1 0 0 0" scale="1.2 0.75 0.75"/>
  <mesh file="models/cylinder_14/cylinder_14_fillet_25.STL" name="cylinder_14_fillet_25_normal_2" refquat="0.683 -0.683 -0.183 -0.183" scale="0.8785714285714286 0.8785714285714286 0.8785714285714286"/>
  <mesh file="models/cuboid_211/cuboid_211_fillet_15.STL" name="cuboid_211_fillet_15_upright_7" refquat="0.707 0 -0.707 0" scale="0.55 0.55 0.55"/>
  <mesh file="models/cuboid_211/cuboid_211_fillet_45.STL" name="cuboid_211_fillet_45_normal_1" refquat="1 0 0 0" scale="0.9 0.9 0.9"/>
  <mesh file="models/sphere/sphere.STL" name="sphere_normal_39" refquat="1 0 0 0" scale="1.176470588235294 1.176470588235294 1.176470588235294"/>
  <mesh file="models/cuboid_211/cuboid_211_fillet_35.STL" name="cuboid_211_fillet_35_normal_5" refquat="1 0 0 0" scale="0.75 0.75 0.75"/>
  <mesh file="models/cylinder_11/cylinder_11_fillet_35.STL" name="cylinder_11_fillet_35_normal_6" refquat="1 0 0 0" scale="1.15 1.15 1.15"/>
  <mesh file="models/cylinder_11/cylinder_11_fillet_15.STL" name="cylinder_11_fillet_15_normal_3" refquat="1 0 0 0" scale="1.2999999999999998 1.2999999999999998 1.2999999999999998"/>
  <mesh file="models/cylinder_13/cylinder_13_fillet_25.STL" name="cylinder_13_fillet_25_sideways_1" refquat="0.683 -0.683 -0.183 -0.183" scale="0.9 0.9 0.9"/>
  <mesh file="models/cylinder_21/cylinder_21_fillet_5.STL" name="cylinder_21_fillet_5_normal_5" refquat="1 0 0 0" scale="0.7571428571428571 0.7571428571428571 0.7571428571428571"/>
  <mesh file="models/cuboid_211/cuboid_211_fillet_45.STL" name="cuboid_211_fillet_45_upright_3" refquat="0.707 0 -0.707 0" scale="0.6499999999999999 0.6499999999999999 0.6499999999999999"/>
  <mesh file="models/cube/cube_fillet_35.STL" name="cube_fillet_35_normal_3" refquat="1 0 0 0" scale="1.2857142857142856 1.2857142857142856 1.2857142857142856"/>
  <mesh file="models/cube/cube_fillet_15.STL" name="cube_fillet_15_normal_2" refquat="1 0 0 0" scale="1.3428571428571427 1.3428571428571427 1.3428571428571427"/>
  </mujoco>