<mujoco><mesh file="models/cylinder_11/cylinder_11_fillet_25.STL" name="cylinder_11_fillet_25_normal_2" refquat="1 0 0 0" scale="1.3499999999999999 1.3499999999999999 1.3499999999999999"/>
  <mesh file="models/cylinder_11/cylinder_11_fillet_5.STL" name="cylinder_11_fillet_5_normal_12" refquat="1 0 0 0" scale="0.85 0.85 0.85"/>
  <mesh file="models/cuboid_321/cuboid_321_fillet_45.STL" name="cuboid_321_fillet_45_normal_5" refquat="0.7071 -0.7071 0 0" scale="0.45 0.45 0.45"/>
  <mesh file="models/cylinder_13/cylinder_13_fillet_5.STL" name="cylinder_13_fillet_5_sideways_12" refquat="0.683 -0.683 -0.183 -0.183" scale="0.6642857142857143 0.6642857142857143 0.6642857142857143"/>
  <mesh file="models/cuboid_311/cuboid_311_fillet_25.STL" name="cuboid_311_fillet_25_normal_7" refquat="1 0 0 0" scale="0.65 0.65 0.65"/>
  <mesh file="models/cuboid_321/cuboid_321_fillet_45.STL" name="cuboid_321_fillet_45_normal_9" refquat="0.7071 -0.7071 0 0" scale="0.4 0.4 0.4"/>
  <mesh file="models/cuboid_311/cuboid_311_fillet_5.STL" name="cuboid_311_fillet_5_normal_6" refquat="1 0 0 0" scale="0.675 0.675 0.675"/>
  <mesh file="models/cylinder_12/cylinder_12_fillet_5.STL" name="cylinder_12_fillet_5_upright_10" refquat="0 -0.01 0 0" scale="0.6357142857142857 0.6357142857142857 0.6357142857142857"/>
  <mesh file="models/sphere/sphere.STL" name="sphere_normal_102" refquat="1 0 0 0" scale="0.8058823529411764 0.8058823529411764 0.8058823529411764"/>
  <mesh file="models/cuboid_321/cuboid_321_fillet_25.STL" name="cuboid_321_fillet_25_normal_8" refquat="0.7071 -0.7071 0 0" scale="0.41250000000000003 0.41250000000000003 0.41250000000000003"/>
  <mesh file="models/cuboid_221/cuboid_221_fillet_45.STL" name="cuboid_221_fillet_45_normal_2" refquat="0.7071 -0.7071 0 0" scale="0.6625 0.6625 0.6625"/>
  <mesh file="models/sphere/sphere.STL" name="sphere_normal_35" refquat="1 0 0 0" scale="1.2 1.2 1.2"/>
  <mesh file="models/cylinder_11/cylinder_11_fillet_35.STL" name="cylinder_11_fillet_35_normal_13" refquat="1 0 0 0" scale="0.7999999999999999 0.7999999999999999 0.7999999999999999"/>
  <mesh file="models/sphere/sphere.STL" name="sphere_normal_72" refquat="1 0 0 0" scale="0.9823529411764704 0.9823529411764704 0.9823529411764704"/>
  <mesh file="models/cylinder_14/cylinder_14_fillet_5.STL" name="cylinder_14_fillet_5_normal_11" refquat="0.683 -0.683 -0.183 -0.183" scale="0.6857142857142857 0.6857142857142857 0.6857142857142857"/>
  <mesh file="models/cuboid_311/cuboid_311_fillet_5.STL" name="cuboid_311_fillet_5_thinner_1" refquat="1 0 0 0" scale="1.2 0.8 0.8"/>
  <mesh file="models/cuboid_211/cuboid_211_fillet_45.STL" name="cuboid_211_fillet_45_upright_4" refquat="0.707 0 -0.707 0" scale="0.625 0.625 0.625"/>
  <mesh file="models/cube/cube_fillet_25.STL" name="cube_fillet_25_normal_9" refquat="1 0 0 0" scale="0.9428571428571428 0.9428571428571428 0.9428571428571428"/>
  <mesh file="models/cylinder_13/cylinder_13_fillet_15.STL" name="cylinder_13_fillet_15_sideways_14" refquat="0.683 -0.683 -0.183 -0.183" scale="0.6214285714285714 0.6214285714285714 0.6214285714285714"/>
  <mesh file="models/cylinder_11/cylinder_11_fillet_35.STL" name="cylinder_11_fillet_35_normal_3" refquat="1 0 0 0" scale="1.2999999999999998 1.2999999999999998 1.2999999999999998"/>
  </mujoco>