<mujoco><mesh file="models/cube/cube_fillet_45.STL" name="cube_fillet_45_normal_13" refquat="1 0 0 0" scale="0.7142857142857142 0.7142857142857142 0.7142857142857142"/>
  <mesh file="models/cube/cube_fillet_35.STL" name="cube_fillet_35_normal_4" refquat="1 0 0 0" scale="1.2285714285714284 1.2285714285714284 1.2285714285714284"/>
  <mesh file="models/cylinder_12/cylinder_12_fillet_5.STL" name="cylinder_12_fillet_5_sideways_1" refquat="0.683 -0.683 -0.183 -0.183" scale="1.2 1.2 1.2"/>
  <mesh file="models/cylinder_21/cylinder_21_fillet_15.STL" name="cylinder_21_fillet_15_normal_11" refquat="1 0 0 0" scale="0.5428571428571429 0.5428571428571429 0.5428571428571429"/>
  <mesh file="models/cylinder_12/cylinder_12_fillet_15.STL" name="cylinder_12_fillet_15_sideways_2" refquat="0.683 -0.683 -0.183 -0.183" scale="1.157142857142857 1.157142857142857 1.157142857142857"/>
  <mesh file="models/sphere/sphere.STL" name="sphere_normal_98" refquat="1 0 0 0" scale="0.8294117647058823 0.8294117647058823 0.8294117647058823"/>
  <mesh file="models/cylinder_11/cylinder_11_fillet_5.STL" name="cylinder_11_fillet_5_normal_9" refquat="1 0 0 0" scale="1.0 1.0 1.0"/>
  <mesh file="models/cylinder_14/cylinder_14_fillet_25.STL" name="cylinder_14_fillet_25_normal_8" refquat="0.683 -0.683 -0.183 -0.183" scale="0.75 0.75 0.75"/>
  <mesh file="models/sphere/sphere.STL" name="sphere_normal_95" refquat="1 0 0 0" scale="0.8470588235294116 0.8470588235294116 0.8470588235294116"/>
  <mesh file="models/cuboid_221/cuboid_221_fillet_25.STL" name="cuboid_221_fillet_25_normal_3" refquat="0.7071 -0.7071 0 0" scale="0.625 0.625 0.625"/>
  <mesh file="models/cuboid_321/cuboid_321_fillet_35.STL" name="cuboid_321_fillet_35_normal_5" refquat="0.7071 -0.7071 0 0" scale="0.45 0.45 0.45"/>
  <mesh file="models/cylinder_13/cylinder_13_fillet_15.STL" name="cylinder_13_fillet_15_sideways_8" refquat="0.683 -0.683 -0.183 -0.183" scale="0.75 0.75 0.75"/>
  <mesh file="models/cuboid_221/cuboid_221_fillet_45.STL" name="cuboid_221_fillet_45_normal_3" refquat="0.7071 -0.7071 0 0" scale="0.625 0.625 0.625"/>
  <mesh file="models/cylinder_21/cylinder_21_fillet_5.STL" name="cylinder_21_fillet_5_normal_6" refquat="1 0 0 0" scale="0.7214285714285715 0.7214285714285715 0.7214285714285715"/>
  <mesh file="models/cuboid_311/cuboid_311_fillet_15.STL" name="cuboid_311_fillet_15_thinner_6" refquat="1 0 0 0" scale="1.2 0.675 0.675"/>
  <mesh file="models/cuboid_221/cuboid_221_fillet_25.STL" name="cuboid_221_fillet_25_normal_2" refquat="0.7071 -0.7071 0 0" scale="0.6625 0.6625 0.6625"/>
  <mesh file="models/cylinder_11/cylinder_11_fillet_45.STL" name="cylinder_11_fillet_45_normal_10" refquat="1 0 0 0" scale="0.95 0.95 0.95"/>
  <mesh file="models/cube/cube_fillet_35.STL" name="cube_fillet_35_normal_6" refquat="1 0 0 0" scale="1.1142857142857143 1.1142857142857143 1.1142857142857143"/>
  <mesh file="models/cylinder_12/cylinder_12_fillet_15.STL" name="cylinder_12_fillet_15_upright_11" refquat="0 -0.01 0 0" scale="0.6285714285714286 0.6285714285714286 0.6285714285714286"/>
  <mesh file="models/cylinder_11/cylinder_11_fillet_25.STL" name="cylinder_11_fillet_25_normal_14" refquat="1 0 0 0" scale="0.75 0.75 0.75"/>
  </mujoco>