<mujoco><mesh file="models/cube/cube_fillet_25.STL" name="cube_fillet_25_normal_2" refquat="1 0 0 0" scale="1.3428571428571427 1.3428571428571427 1.3428571428571427"/>
  <mesh file="models/cylinder_11/cylinder_11_fillet_5.STL" name="cylinder_11_fillet_5_normal_7" refquat="1 0 0 0" scale="1.0999999999999999 1.0999999999999999 1.0999999999999999"/>
  <mesh file="models/sphere/sphere.STL" name="sphere_normal_23" refquat="1 0 0 0" scale="1.2705882352941176 1.2705882352941176 1.2705882352941176"/>
  <mesh file="models/sphere/sphere.STL" name="sphere_normal_87" refquat="1 0 0 0" scale="0.8941176470588235 0.8941176470588235 0.8941176470588235"/>
  <mesh file="models/cylinder_12/cylinder_12_fillet_15.STL" name="cylinder_12_fillet_15_upright_2" refquat="0 -0.01 0 0" scale="0.6928571428571428 0.6928571428571428 0.6928571428571428"/>
  <mesh file="models/cube/cube_fillet_15.STL" name="cube_fillet_15_normal_7" refquat="1 0 0 0" scale="1.057142857142857 1.057142857142857 1.057142857142857"/>
  <mesh file="models/cube/cube_fillet_35.STL" name="cube_fillet_35_normal_7" refquat="1 0 0 0" scale="1.057142857142857 1.057142857142857 1.057142857142857"/>
  <mesh file="models/cylinder_21/cylinder_21_fillet_35.STL" name="cylinder_21_fillet_35_normal_10" refquat="1 0 0 0" scale="0.5785714285714286 0.5785714285714286 0.5785714285714286"/>
  <mesh file="models/cylinder_11/cylinder_11_fillet_35.STL" name="cylinder_11_fillet_35_normal_2" refquat="1 0 0 0" scale="1.3499999999999999 1.3499999999999999 1.3499999999999999"/>
  <mesh file="models/sphere/sphere.STL" name="sphere_normal_85" refquat="1 0 0 0" scale="0.9058823529411764 0.9058823529411764 0.9058823529411764"/>
  <mesh file="models/sphere/sphere.STL" name="sphere_normal_8" refquat="1 0 0 0" scale="1.3588235294117645 1.3588235294117645 1.3588235294117645"/>
  <mesh file="models/cuboid_221/cuboid_221_fillet_15.STL" name="cuboid_221_fillet_15_normal_2" refquat="0.7071 -0.7071 0 0" scale="0.6625 0.6625 0.6625"/>
  <mesh file="models/cuboid_321/cuboid_321_fillet_15.STL" name="cuboid_321_fillet_15_normal_4" refquat="0.7071 -0.7071 0 0" scale="0.4625 0.4625 0.4625"/>
  <mesh file="models/cuboid_311/cuboid_311_fillet_45.STL" name="cuboid_311_fillet_45_normal_3" refquat="1 0 0 0" scale="0.75 0.75 0.75"/>
  <mesh file="models/cuboid_211/cuboid_211_fillet_35.STL" name="cuboid_211_fillet_35_upright_5" refquat="0.707 0 -0.707 0" scale="0.6 0.6 0.6"/>
  <mesh file="models/cylinder_12/cylinder_12_fillet_15.STL" name="cylinder_12_fillet_15_sideways_15" refquat="0.683 -0.683 -0.183 -0.183" scale="0.6 0.6 0.6"/>
  <mesh file="models/sphere/sphere.STL" name="sphere_normal_113" refquat="1 0 0 0" scale="0.7411764705882352 0.7411764705882352 0.7411764705882352"/>
  <mesh file="models/cuboid_211/cuboid_211_fillet_15.STL" name="cuboid_211_fillet_15_upright_8" refquat="0.707 0 -0.707 0" scale="0.525 0.525 0.525"/>
  <mesh file="models/cylinder_12/cylinder_12_fillet_25.STL" name="cylinder_12_fillet_25_upright_12" refquat="0 -0.01 0 0" scale="0.6214285714285714 0.6214285714285714 0.6214285714285714"/>
  <mesh file="models/cylinder_13/cylinder_13_fillet_15.STL" name="cylinder_13_fillet_15_sideways_15" refquat="0.683 -0.683 -0.183 -0.183" scale="0.6 0.6 0.6"/>
  </mujoco>