<mujoco><body name="cuboid_311_fillet_35_normal_8" pos="0 0 0">
    <inertial diaginertia="1.5894571940104164e-05 7.947285970052082e-05 7.947285970052082e-05" mass="0.0244140625" pos="0 0 0" quat="1 0 0 0"/>
    <freejoint name="cuboid_311_fillet_35_normal_8"/>
    <geom mesh="cuboid_311_fillet_35_normal_8" name="cuboid_311_fillet_35_normal_8_geom" type="mesh"/>
  </body>
  <body name="cube_fillet_35_normal_7" pos="0 0 0">
    <inertial diaginertia="0.00022004785942365268 0.00022004785942365268 0.00022004785942365268" mass="0.11814110787172005" pos="0 0 0" quat="1 0 0 0"/>
    <freejoint name="cube_fillet_35_normal_7"/>
    <geom mesh="cube_fillet_35_normal_7" name="cube_fillet_35_normal_7_geom" type="mesh"/>
  </body>
  <body name="cylinder_13_fillet_25_sideways_3" pos="0 0 0">
    <inertial diaginertia="0.0013783542571547576 0.0013783542571547576 5.7833045754745086e-05" mass="0.06297376093294463" pos="0 0 0" quat="0.683 0.683 0.183 0.183"/>
    <freejoint name="cylinder_13_fillet_25_sideways_3"/>
    <geom mesh="cylinder_13_fillet_25_sideways_3" name="cylinder_13_fillet_25_sideways_3_geom" type="mesh"/>
  </body>
  <body name="sphere_normal_46" pos="0 0 0">
    <inertial diaginertia="0.00018860010845669667 0.00018860010845669667 0.00018860010845669667" mass="0.14632723386932628" pos="0 0 0" quat="1 0 0 0"/>
    <freejoint name="sphere_normal_46"/>
    <geom mesh="sphere_normal_46" name="sphere_normal_46_geom" type="mesh"/>
  </body>
  <body name="cuboid_311_fillet_45_thinner_6" pos="0 0 0">
    <inertial diaginertia="4.151882812500001e-05 0.0006112494140625001 0.0006112494140625001" mass="0.05467500000000001" pos="0 0 0" quat="1 0 0 0"/>
    <freejoint name="cuboid_311_fillet_45_thinner_6"/>
    <geom mesh="cuboid_311_fillet_45_thinner_6" name="cuboid_311_fillet_45_thinner_6_geom" type="mesh"/>
  </body>
  <body name="sphere_normal_28" pos="0 0 0">
    <inertial diaginertia="0.0002945558616473351 0.0002945558616473351 0.0002945558616473351" mass="0.19120559739466725" pos="0 0 0" quat="1 0 0 0"/>
    <freejoint name="sphere_normal_28"/>
    <geom mesh="sphere_normal_28" name="sphere_normal_28_geom" type="mesh"/>
  </body>
  <body name="cuboid_211_fillet_35_upright_7" pos="0 0 0">
    <inertial diaginertia="8.38807291666667e-06 2.0970182291666673e-05 2.0970182291666673e-05" mass="0.016637500000000003" pos="0 0 0" quat="0.707 0 0.707 0"/>
    <freejoint name="cuboid_211_fillet_35_upright_7"/>
    <geom mesh="cuboid_211_fillet_35_upright_7" name="cuboid_211_fillet_35_upright_7_geom" type="mesh"/>
  </body>
  <body name="cylinder_11_fillet_25_normal_2" pos="0 0 0">
    <inertial diaginertia="0.0030481739648437487 0.0030481739648437487 0.0005605041796874997" mass="0.24603749999999994" pos="0 0 0" quat="1 0 0 0"/>
    <freejoint name="cylinder_11_fillet_25_normal_2"/>
    <geom mesh="cylinder_11_fillet_25_normal_2" name="cylinder_11_fillet_25_normal_2_geom" type="mesh"/>
  </body>
  <body name="cylinder_11_fillet_15_normal_3" pos="0 0 0">
    <inertial diaginertia="0.0026121414583333315 0.0026121414583333315 0.0004641162499999997" mass="0.21969999999999992" pos="0 0 0" quat="1 0 0 0"/>
    <freejoint name="cylinder_11_fillet_15_normal_3"/>
    <geom mesh="cylinder_11_fillet_15_normal_3" name="cylinder_11_fillet_15_normal_3_geom" type="mesh"/>
  </body>
  <body name="cylinder_12_fillet_5_sideways_9" pos="0 0 0">
    <inertial diaginertia="0.0009285416790622954 0.0009285416790622954 5.7833045754745045e-05" mass="0.0629737609329446" pos="0 0 0" quat="0.683 0.683 0.183 0.183"/>
    <freejoint name="cylinder_12_fillet_5_sideways_9"/>
    <geom mesh="cylinder_12_fillet_5_sideways_9" name="cylinder_12_fillet_5_sideways_9_geom" type="mesh"/>
  </body>
  <body name="cube_fillet_25_normal_6" pos="0 0 0">
    <inertial diaginertia="0.00028630673409888737 0.00028630673409888737 0.00028630673409888737" mass="0.1383533527696793" pos="0 0 0" quat="1 0 0 0"/>
    <freejoint name="cube_fillet_25_normal_6"/>
    <geom mesh="cube_fillet_25_normal_6" name="cube_fillet_25_normal_6_geom" type="mesh"/>
  </body>
  <body name="cylinder_12_fillet_25_sideways_10" pos="0 0 0">
    <inertial diaginertia="0.0007551253665511394 0.0007551253665511394 4.475010836258703e-05" mass="0.05399212827988339" pos="0 0 0" quat="0.683 0.683 0.183 0.183"/>
    <freejoint name="cylinder_12_fillet_25_sideways_10"/>
    <geom mesh="cylinder_12_fillet_25_sideways_10" name="cylinder_12_fillet_25_sideways_10_geom" type="mesh"/>
  </body>
  <body name="cylinder_11_fillet_15_normal_5" pos="0 0 0">
    <inertial diaginertia="0.0018835199999999996 0.0018835199999999996 0.00031103999999999995" mass="0.17279999999999998" pos="0 0 0" quat="1 0 0 0"/>
    <freejoint name="cylinder_11_fillet_15_normal_5"/>
    <geom mesh="cylinder_11_fillet_15_normal_5" name="cylinder_11_fillet_15_normal_5_geom" type="mesh"/>
  </body>
  <body name="cylinder_14_fillet_25_normal_6" pos="0 0 0">
    <inertial diaginertia="0.0013368025068970055 0.0013368025068970055 3.916379138668041e-05" mass="0.049840779883381925" pos="0 0 0" quat="0.683 0.683 0.183 0.183"/>
    <freejoint name="cylinder_14_fillet_25_normal_6"/>
    <geom mesh="cylinder_14_fillet_25_normal_6" name="cylinder_14_fillet_25_normal_6_geom" type="mesh"/>
  </body>
  <body name="cube_fillet_5_normal_11" pos="0 0 0">
    <inertial diaginertia="6.508763888062512e-05 6.508763888062512e-05 6.508763888062512e-05" mass="0.05688396501457725" pos="0 0 0" quat="1 0 0 0"/>
    <freejoint name="cube_fillet_5_normal_11"/>
    <geom mesh="cube_fillet_5_normal_11" name="cube_fillet_5_normal_11_geom" type="mesh"/>
  </body>
  <body name="cylinder_11_fillet_45_normal_8" pos="0 0 0">
    <inertial diaginertia="0.0010926894726562492 0.0010926894726562492 0.00015953519531249985" mass="0.11576249999999993" pos="0 0 0" quat="1 0 0 0"/>
    <freejoint name="cylinder_11_fillet_45_normal_8"/>
    <geom mesh="cylinder_11_fillet_45_normal_8" name="cylinder_11_fillet_45_normal_8_geom" type="mesh"/>
  </body>
  <body name="cuboid_321_fillet_15_normal_6" pos="0 0 0">
    <inertial diaginertia="6.67850176493327e-06 1.73641045888265e-05 1.3357003529866538e-05" mass="0.008374023437500001" pos="0 0 0" quat="0.7071 0.7071 0 0"/>
    <freejoint name="cuboid_321_fillet_15_normal_6"/>
    <geom mesh="cuboid_321_fillet_15_normal_6" name="cuboid_321_fillet_15_normal_6_geom" type="mesh"/>
  </body>
  <body name="cuboid_311_fillet_5_normal_8" pos="0 0 0">
    <inertial diaginertia="1.5894571940104164e-05 7.947285970052082e-05 7.947285970052082e-05" mass="0.0244140625" pos="0 0 0" quat="1 0 0 0"/>
    <freejoint name="cuboid_311_fillet_5_normal_8"/>
    <geom mesh="cuboid_311_fillet_5_normal_8" name="cuboid_311_fillet_5_normal_8_geom" type="mesh"/>
  </body>
  <body name="cylinder_14_fillet_5_normal_12" pos="0 0 0">
    <inertial diaginertia="0.00065716477938531 0.00065716477938531 1.6169052731469775e-05" mass="0.029313301749271135" pos="0 0 0" quat="0.683 0.683 0.183 0.183"/>
    <freejoint name="cylinder_14_fillet_5_normal_12"/>
    <geom mesh="cylinder_14_fillet_5_normal_12" name="cylinder_14_fillet_5_normal_12_geom" type="mesh"/>
  </body>
  <body name="cuboid_321_fillet_35_normal_6" pos="0 0 0">
    <inertial diaginertia="6.67850176493327e-06 1.73641045888265e-05 1.3357003529866538e-05" mass="0.008374023437500001" pos="0 0 0" quat="0.7071 0.7071 0 0"/>
    <freejoint name="cuboid_321_fillet_35_normal_6"/>
    <geom mesh="cuboid_321_fillet_35_normal_6" name="cuboid_321_fillet_35_normal_6_geom" type="mesh"/>
  </body>
  <body name="ground" pos="0 0 0">
    <geom name="ground_geom" size="1 1 1" type="plane"/>
  </body>
</mujoco>