<mujoco><body name="cylinder_11_fillet_15_normal_12" pos="0 0 0">
    <inertial diaginertia="0.00046273679036458335 0.00046273679036458335 5.5463164062500016e-05" mass="0.06141250000000001" pos="0 0 0" quat="1 0 0 0"/>
    <freejoint name="cylinder_11_fillet_15_normal_12"/>
    <geom mesh="cylinder_11_fillet_15_normal_12" name="cylinder_11_fillet_15_normal_12_geom" type="mesh"/>
  </body>
  <body name="sphere_normal_36" pos="0 0 0">
    <inertial diaginertia="0.00024279267647587044 0.00024279267647587044 0.00024279267647587044" mass="0.17027125992265416" pos="0 0 0" quat="1 0 0 0"/>
    <freejoint name="sphere_normal_36"/>
    <geom mesh="sphere_normal_36" name="sphere_normal_36_geom" type="mesh"/>
  </body>
  <body name="cylinder_14_fillet_5_normal_4" pos="0 0 0">
    <inertial diaginertia="0.001651438943266059 0.001651438943266059 5.0956447548361555e-05" mass="0.05836782069970846" pos="0 0 0" quat="0.683 0.683 0.183 0.183"/>
    <freejoint name="cylinder_14_fillet_5_normal_4"/>
    <geom mesh="cylinder_14_fillet_5_normal_4" name="cylinder_14_fillet_5_normal_4_geom" type="mesh"/>
  </body>
  <body name="sphere_normal_112" pos="0 0 0">
    <inertial diaginertia="2.326880059541206e-05 2.326880059541206e-05 2.326880059541206e-05" mass="0.04169312029309992" pos="0 0 0" quat="1 0 0 0"/>
    <freejoint name="sphere_normal_112"/>
    <geom mesh="sphere_normal_112" name="sphere_normal_112_geom" type="mesh"/>
  </body>
  <body name="sphere_normal_64" pos="0 0 0">
    <inertial diaginertia="0.00011559675331741151 0.00011559675331741151 0.00011559675331741151" mass="0.10908558925300221" pos="0 0 0" quat="1 0 0 0"/>
    <freejoint name="sphere_normal_64"/>
    <geom mesh="sphere_normal_64" name="sphere_normal_64_geom" type="mesh"/>
  </body>
  <body name="cuboid_211_fillet_25_normal_6" pos="0 0 0">
    <inertial diaginertia="3.060364059448244e-05 7.650910148620609e-05 7.650910148620609e-05" mass="0.03617050781250001" pos="0 0 0" quat="1 0 0 0"/>
    <freejoint name="cuboid_211_fillet_25_normal_6"/>
    <geom mesh="cuboid_211_fillet_25_normal_6" name="cuboid_211_fillet_25_normal_6_geom" type="mesh"/>
  </body>
  <body name="cylinder_14_fillet_5_normal_10" pos="0 0 0">
    <inertial diaginertia="0.0008445547722152132 0.0008445547722152132 2.2102724355458288e-05" mass="0.035360750728862966" pos="0 0 0" quat="0.683 0.683 0.183 0.183"/>
    <freejoint name="cylinder_14_fillet_5_normal_10"/>
    <geom mesh="cylinder_14_fillet_5_normal_10" name="cylinder_14_fillet_5_normal_10_geom" type="mesh"/>
  </body>
  <body name="cylinder_14_fillet_5_normal_1" pos="0 0 0">
    <inertial diaginertia="0.0022239056250000005 0.0022239056250000005 7.381125000000003e-05" mass="0.07290000000000002" pos="0 0 0" quat="0.683 0.683 0.183 0.183"/>
    <freejoint name="cylinder_14_fillet_5_normal_1"/>
    <geom mesh="cylinder_14_fillet_5_normal_1" name="cylinder_14_fillet_5_normal_1_geom" type="mesh"/>
  </body>
  <body name="cube_fillet_35_normal_8" pos="0 0 0">
    <inertial diaginertia="0.0001666666666666667 0.0001666666666666667 0.0001666666666666667" mass="0.1" pos="0 0 0" quat="1 0 0 0"/>
    <freejoint name="cube_fillet_35_normal_8"/>
    <geom mesh="cube_fillet_35_normal_8" name="cube_fillet_35_normal_8_geom" type="mesh"/>
  </body>
  <body name="cylinder_13_fillet_15_sideways_11" pos="0 0 0">
    <inertial diaginertia="0.0005622050621764741 0.0005622050621764741 1.8950732432914862e-05" mass="0.032242565597667645" pos="0 0 0" quat="0.683 0.683 0.183 0.183"/>
    <freejoint name="cylinder_13_fillet_15_sideways_11"/>
    <geom mesh="cylinder_13_fillet_15_sideways_11" name="cylinder_13_fillet_15_sideways_11_geom" type="mesh"/>
  </body>
  <body name="cuboid_221_fillet_15_normal_3" pos="0 0 0">
    <inertial diaginertia="3.973642985026041e-05 6.357828776041666e-05 3.973642985026041e-05" mass="0.0244140625" pos="0 0 0" quat="0.7071 0.7071 0 0"/>
    <freejoint name="cuboid_221_fillet_15_normal_3"/>
    <geom mesh="cuboid_221_fillet_15_normal_3" name="cuboid_221_fillet_15_normal_3_geom" type="mesh"/>
  </body>
  <body name="sphere_normal_49" pos="0 0 0">
    <inertial diaginertia="0.00017439073089754818 0.00017439073089754818 0.00017439073089754818" mass="0.13960920008141667" pos="0 0 0" quat="1 0 0 0"/>
    <freejoint name="sphere_normal_49"/>
    <geom mesh="sphere_normal_49" name="sphere_normal_49_geom" type="mesh"/>
  </body>
  <body name="cube_fillet_15_normal_2" pos="0 0 0">
    <inertial diaginertia="0.000727776147240237 0.000727776147240237 0.000727776147240237" mass="0.24215276967930024" pos="0 0 0" quat="1 0 0 0"/>
    <freejoint name="cube_fillet_15_normal_2"/>
    <geom mesh="cube_fillet_15_normal_2" name="cube_fillet_15_normal_2_geom" type="mesh"/>
  </body>
  <body name="cylinder_12_fillet_5_sideways_2" pos="0 0 0">
    <inertial diaginertia="0.0031177732344038187 0.0031177732344038187 0.0002593253109567441" mass="0.15493906705539354" pos="0 0 0" quat="0.683 0.683 0.183 0.183"/>
    <freejoint name="cylinder_12_fillet_5_sideways_2"/>
    <geom mesh="cylinder_12_fillet_5_sideways_2" name="cylinder_12_fillet_5_sideways_2_geom" type="mesh"/>
  </body>
  <body name="cylinder_13_fillet_25_sideways_11" pos="0 0 0">
    <inertial diaginertia="0.0005622050621764741 0.0005622050621764741 1.8950732432914862e-05" mass="0.032242565597667645" pos="0 0 0" quat="0.683 0.683 0.183 0.183"/>
    <freejoint name="cylinder_13_fillet_25_sideways_11"/>
    <geom mesh="cylinder_13_fillet_25_sideways_11" name="cylinder_13_fillet_25_sideways_11_geom" type="mesh"/>
  </body>
  <body name="cuboid_211_fillet_5_upright_8" pos="0 0 0">
    <inertial diaginertia="6.6472998046875015e-06 1.6618249511718753e-05 1.6618249511718753e-05" mass="0.014470312500000002" pos="0 0 0" quat="0.707 0 0.707 0"/>
    <freejoint name="cuboid_211_fillet_5_upright_8"/>
    <geom mesh="cuboid_211_fillet_5_upright_8" name="cuboid_211_fillet_5_upright_8_geom" type="mesh"/>
  </body>
  <body name="cuboid_221_fillet_5_normal_3" pos="0 0 0">
    <inertial diaginertia="3.973642985026041e-05 6.357828776041666e-05 3.973642985026041e-05" mass="0.0244140625" pos="0 0 0" quat="0.7071 0.7071 0 0"/>
    <freejoint name="cuboid_221_fillet_5_normal_3"/>
    <geom mesh="cuboid_221_fillet_5_normal_3" name="cuboid_221_fillet_5_normal_3_geom" type="mesh"/>
  </body>
  <body name="cylinder_12_fillet_25_sideways_4" pos="0 0 0">
    <inertial diaginertia="0.0022845967035684538 0.0022845967035684538 0.00017649244920271318" mass="0.12299562682215744" pos="0 0 0" quat="0.683 0.683 0.183 0.183"/>
    <freejoint name="cylinder_12_fillet_25_sideways_4"/>
    <geom mesh="cylinder_12_fillet_25_sideways_4" name="cylinder_12_fillet_25_sideways_4_geom" type="mesh"/>
  </body>
  <body name="cylinder_14_fillet_25_normal_1" pos="0 0 0">
    <inertial diaginertia="0.0022239056250000005 0.0022239056250000005 7.381125000000003e-05" mass="0.07290000000000002" pos="0 0 0" quat="0.683 0.683 0.183 0.183"/>
    <freejoint name="cylinder_14_fillet_25_normal_1"/>
    <geom mesh="cylinder_14_fillet_25_normal_1" name="cylinder_14_fillet_25_normal_1_geom" type="mesh"/>
  </body>
  <body name="cylinder_13_fillet_15_sideways_3" pos="0 0 0">
    <inertial diaginertia="0.0013783542571547576 0.0013783542571547576 5.7833045754745086e-05" mass="0.06297376093294463" pos="0 0 0" quat="0.683 0.683 0.183 0.183"/>
    <freejoint name="cylinder_13_fillet_15_sideways_3"/>
    <geom mesh="cylinder_13_fillet_15_sideways_3" name="cylinder_13_fillet_15_sideways_3_geom" type="mesh"/>
  </body>
  <body name="ground" pos="0 0 0">
    <geom name="ground_geom" size="1 1 1" type="plane"/>
  </body>
</mujoco>