<mujoco><body name="cylinder_12_fillet_15_sideways_8" pos="0 0 0">
    <inertial diaginertia="0.0011304056249999996 0.0011304056249999996 7.381124999999998e-05" mass="0.07289999999999998" pos="0 0 0" quat="0.683 0.683 0.183 0.183"/>
    <freejoint name="cylinder_12_fillet_15_sideways_8"/>
    <geom mesh="cylinder_12_fillet_15_sideways_8" name="cylinder_12_fillet_15_sideways_8_geom" type="mesh"/>
  </body>
  <body name="cube_fillet_45_normal_15" pos="0 0 0">
    <inertial diaginertia="1.2959999999999998e-05 1.2959999999999998e-05 1.2959999999999998e-05" mass="0.021599999999999998" pos="0 0 0" quat="1 0 0 0"/>
    <freejoint name="cube_fillet_45_normal_15"/>
    <geom mesh="cube_fillet_45_normal_15" name="cube_fillet_45_normal_15_geom" type="mesh"/>
  </body>
  <body name="cuboid_311_fillet_15_normal_2" pos="0 0 0">
    <inertial diaginertia="4.6596925455729194e-05 0.00023298462727864587 0.00023298462727864587" mass="0.04654843750000001" pos="0 0 0" quat="1 0 0 0"/>
    <freejoint name="cuboid_311_fillet_15_normal_2"/>
    <geom mesh="cuboid_311_fillet_15_normal_2" name="cuboid_311_fillet_15_normal_2_geom" type="mesh"/>
  </body>
  <body name="cylinder_12_fillet_25_sideways_2" pos="0 0 0">
    <inertial diaginertia="0.0031177732344038187 0.0031177732344038187 0.0002593253109567441" mass="0.15493906705539354" pos="0 0 0" quat="0.683 0.683 0.183 0.183"/>
    <freejoint name="cylinder_12_fillet_25_sideways_2"/>
    <geom mesh="cylinder_12_fillet_25_sideways_2" name="cylinder_12_fillet_25_sideways_2_geom" type="mesh"/>
  </body>
  <body name="cuboid_211_fillet_5_upright_3" pos="0 0 0">
    <inertial diaginertia="1.9338177083333318e-05 4.83454427083333e-05 4.83454427083333e-05" mass="0.02746249999999999" pos="0 0 0" quat="0.707 0 0.707 0"/>
    <freejoint name="cuboid_211_fillet_5_upright_3"/>
    <geom mesh="cuboid_211_fillet_5_upright_3" name="cuboid_211_fillet_5_upright_3_geom" type="mesh"/>
  </body>
  <body name="cylinder_14_fillet_5_normal_15" pos="0 0 0">
    <inertial diaginertia="0.0004368599999999999 0.0004368599999999999 9.719999999999998e-06" mass="0.021599999999999998" pos="0 0 0" quat="0.683 0.683 0.183 0.183"/>
    <freejoint name="cylinder_14_fillet_5_normal_15"/>
    <geom mesh="cylinder_14_fillet_5_normal_15" name="cylinder_14_fillet_5_normal_15_geom" type="mesh"/>
  </body>
  <body name="cuboid_311_fillet_25_normal_5" pos="0 0 0">
    <inertial diaginertia="2.8011666666666658e-05 0.0001400583333333333 0.0001400583333333333" mass="0.0343" pos="0 0 0" quat="1 0 0 0"/>
    <freejoint name="cuboid_311_fillet_25_normal_5"/>
    <geom mesh="cuboid_311_fillet_25_normal_5" name="cuboid_311_fillet_25_normal_5_geom" type="mesh"/>
  </body>
  <body name="sphere_normal_118" pos="0 0 0">
    <inertial diaginertia="1.826763160022452e-05 1.826763160022452e-05 1.826763160022452e-05" mass="0.036058640341949916" pos="0 0 0" quat="1 0 0 0"/>
    <freejoint name="sphere_normal_118"/>
    <geom mesh="sphere_normal_118" name="sphere_normal_118_geom" type="mesh"/>
  </body>
  <body name="cylinder_11_fillet_25_normal_11" pos="0 0 0">
    <inertial diaginertia="0.0005836556249999998 0.0005836556249999998 7.381124999999998e-05" mass="0.07289999999999998" pos="0 0 0" quat="1 0 0 0"/>
    <freejoint name="cylinder_11_fillet_25_normal_11"/>
    <geom mesh="cylinder_11_fillet_25_normal_11" name="cylinder_11_fillet_25_normal_11_geom" type="mesh"/>
  </body>
  <body name="cuboid_221_fillet_35_normal_1" pos="0 0 0">
    <inertial diaginertia="7.002916666666664e-05 0.00011204666666666663 7.002916666666664e-05" mass="0.0343" pos="0 0 0" quat="0.7071 0.7071 0 0"/>
    <freejoint name="cuboid_221_fillet_35_normal_1"/>
    <geom mesh="cuboid_221_fillet_35_normal_1" name="cuboid_221_fillet_35_normal_1_geom" type="mesh"/>
  </body>
  <body name="cylinder_21_fillet_35_normal_15" pos="0 0 0">
    <inertial diaginertia="2.3893333333333344e-05 2.3893333333333344e-05 5.120000000000004e-06" mass="0.006400000000000002" pos="0 0 0" quat="1 0 0 0"/>
    <freejoint name="cylinder_21_fillet_35_normal_15"/>
    <geom mesh="cylinder_21_fillet_35_normal_15" name="cylinder_21_fillet_35_normal_15_geom" type="mesh"/>
  </body>
  <body name="cuboid_311_fillet_25_normal_7" pos="0 0 0">
    <inertial diaginertia="1.933817708333334e-05 9.669088541666669e-05 9.669088541666669e-05" mass="0.027462500000000004" pos="0 0 0" quat="1 0 0 0"/>
    <freejoint name="cuboid_311_fillet_25_normal_7"/>
    <geom mesh="cuboid_311_fillet_25_normal_7" name="cuboid_311_fillet_25_normal_7_geom" type="mesh"/>
  </body>
  <body name="cylinder_21_fillet_5_normal_11" pos="0 0 0">
    <inertial diaginertia="8.415643799210652e-05 8.415643799210652e-05 2.3572073540786596e-05" mass="0.01599766763848397" pos="0 0 0" quat="1 0 0 0"/>
    <freejoint name="cylinder_21_fillet_5_normal_11"/>
    <geom mesh="cylinder_21_fillet_5_normal_11" name="cylinder_21_fillet_5_normal_11_geom" type="mesh"/>
  </body>
  <body name="cuboid_211_fillet_45_normal_2" pos="0 0 0">
    <inertial diaginertia="7.955074813842776e-05 0.00019887687034606942 0.00019887687034606942" mass="0.06416191406250002" pos="0 0 0" quat="1 0 0 0"/>
    <freejoint name="cuboid_211_fillet_45_normal_2"/>
    <geom mesh="cuboid_211_fillet_45_normal_2" name="cuboid_211_fillet_45_normal_2_geom" type="mesh"/>
  </body>
  <body name="sphere_normal_104" pos="0 0 0">
    <inertial diaginertia="3.1580880592200476e-05 3.1580880592200476e-05 3.1580880592200476e-05" mass="0.05007887237940158" pos="0 0 0" quat="1 0 0 0"/>
    <freejoint name="sphere_normal_104"/>
    <geom mesh="sphere_normal_104" name="sphere_normal_104_geom" type="mesh"/>
  </body>
  <body name="cuboid_221_fillet_5_normal_7" pos="0 0 0">
    <inertial diaginertia="1.0075272623697915e-05 1.6120436197916666e-05 1.0075272623697915e-05" mass="0.0107171875" pos="0 0 0" quat="0.7071 0.7071 0 0"/>
    <freejoint name="cuboid_221_fillet_5_normal_7"/>
    <geom mesh="cuboid_221_fillet_5_normal_7" name="cuboid_221_fillet_5_normal_7_geom" type="mesh"/>
  </body>
  <body name="sphere_normal_16" pos="0 0 0">
    <inertial diaginertia="0.0003884004356375327 0.0003884004356375327 0.0003884004356375327" mass="0.22571884795440672" pos="0 0 0" quat="1 0 0 0"/>
    <freejoint name="sphere_normal_16"/>
    <geom mesh="sphere_normal_16" name="sphere_normal_16_geom" type="mesh"/>
  </body>
  <body name="cylinder_12_fillet_5_upright_4" pos="0 0 0">
    <inertial diaginertia="0.00036236313216351113 0.00036236313216351113 1.7984064896229984e-05" mass="0.031245444606413982" pos="0 0 0" quat="0 0.01 0 0"/>
    <freejoint name="cylinder_12_fillet_5_upright_4"/>
    <geom mesh="cylinder_12_fillet_5_upright_4" name="cylinder_12_fillet_5_upright_4_geom" type="mesh"/>
  </body>
  <body name="cube_fillet_15_normal_9" pos="0 0 0">
    <inertial diaginertia="0.00012418759802463263 0.00012418759802463263 0.00012418759802463263" mass="0.08381807580174928" pos="0 0 0" quat="1 0 0 0"/>
    <freejoint name="cube_fillet_15_normal_9"/>
    <geom mesh="cube_fillet_15_normal_9" name="cube_fillet_15_normal_9_geom" type="mesh"/>
  </body>
  <body name="cuboid_311_fillet_45_thinner_5" pos="0 0 0">
    <inertial diaginertia="4.801999999999998e-05 0.0006590499999999998 0.0006590499999999998" mass="0.05879999999999999" pos="0 0 0" quat="1 0 0 0"/>
    <freejoint name="cuboid_311_fillet_45_thinner_5"/>
    <geom mesh="cuboid_311_fillet_45_thinner_5" name="cuboid_311_fillet_45_thinner_5_geom" type="mesh"/>
  </body>
  <body name="ground" pos="0 0 0">
    <geom name="ground_geom" size="1 1 1" type="plane"/>
  </body>
</mujoco>