<mujoco><body name="cuboid_311_fillet_45_thinner_7" pos="0 0 0">
    <inertial diaginertia="3.570125e-05 0.0005654106249999999 0.0005654106249999999" mass="0.0507" pos="0 0 0" quat="1 0 0 0"/>
    <freejoint name="cuboid_311_fillet_45_thinner_7"/>
    <geom mesh="cuboid_311_fillet_45_thinner_7" name="cuboid_311_fillet_45_thinner_7_geom" type="mesh"/>
  </body>
  <body name="cuboid_311_fillet_5_thinner_1" pos="0 0 0">
    <inertial diaginertia="8.192000000000004e-05 0.0008704000000000001 0.0008704000000000001" mass="0.07680000000000001" pos="0 0 0" quat="1 0 0 0"/>
    <freejoint name="cuboid_311_fillet_5_thinner_1"/>
    <geom mesh="cuboid_311_fillet_5_thinner_1" name="cuboid_311_fillet_5_thinner_1_geom" type="mesh"/>
  </body>
  <body name="cube_fillet_5_normal_5" pos="0 0 0">
    <inertial diaginertia="0.00036764427837607326 0.00036764427837607326 0.00036764427837607326" mass="0.16074868804664716" pos="0 0 0" quat="1 0 0 0"/>
    <freejoint name="cube_fillet_5_normal_5"/>
    <geom mesh="cube_fillet_5_normal_5" name="cube_fillet_5_normal_5_geom" type="mesh"/>
  </body>
  <body name="cylinder_21_fillet_25_normal_2" pos="0 0 0">
    <inertial diaginertia="0.0005855613038264688 0.0005855613038264688 0.00024113301564266388" mass="0.06456126093294462" pos="0 0 0" quat="1 0 0 0"/>
    <freejoint name="cylinder_21_fillet_25_normal_2"/>
    <geom mesh="cylinder_21_fillet_25_normal_2" name="cylinder_21_fillet_25_normal_2_geom" type="mesh"/>
  </body>
  <body name="cylinder_13_fillet_15_sideways_8" pos="0 0 0">
    <inertial diaginertia="0.00080584716796875 0.00080584716796875 2.966308593750001e-05" mass="0.0421875" pos="0 0 0" quat="0.683 0.683 0.183 0.183"/>
    <freejoint name="cylinder_13_fillet_15_sideways_8"/>
    <geom mesh="cylinder_13_fillet_15_sideways_8" name="cylinder_13_fillet_15_sideways_8_geom" type="mesh"/>
  </body>
  <body name="cuboid_221_fillet_15_normal_4" pos="0 0 0">
    <inertial diaginertia="2.9162725702921556e-05 4.6660361124674486e-05 2.9162725702921556e-05" mass="0.0202779296875" pos="0 0 0" quat="0.7071 0.7071 0 0"/>
    <freejoint name="cuboid_221_fillet_15_normal_4"/>
    <geom mesh="cuboid_221_fillet_15_normal_4" name="cuboid_221_fillet_15_normal_4_geom" type="mesh"/>
  </body>
  <body name="sphere_normal_68" pos="0 0 0">
    <inertial diaginertia="0.0001029759826876932 0.0001029759826876932 0.0001029759826876932" mass="0.10177510685935273" pos="0 0 0" quat="1 0 0 0"/>
    <freejoint name="sphere_normal_68"/>
    <geom mesh="sphere_normal_68" name="sphere_normal_68_geom" type="mesh"/>
  </body>
  <body name="cylinder_21_fillet_35_normal_2" pos="0 0 0">
    <inertial diaginertia="0.0005855613038264688 0.0005855613038264688 0.00024113301564266388" mass="0.06456126093294462" pos="0 0 0" quat="1 0 0 0"/>
    <freejoint name="cylinder_21_fillet_35_normal_2"/>
    <geom mesh="cylinder_21_fillet_35_normal_2" name="cylinder_21_fillet_35_normal_2_geom" type="mesh"/>
  </body>
  <body name="cuboid_211_fillet_45_normal_7" pos="0 0 0">
    <inertial diaginertia="2.3354340820312507e-05 5.8385852050781267e-05 5.8385852050781267e-05" mass="0.030754687500000006" pos="0 0 0" quat="1 0 0 0"/>
    <freejoint name="cuboid_211_fillet_45_normal_7"/>
    <geom mesh="cuboid_211_fillet_45_normal_7" name="cuboid_211_fillet_45_normal_7_geom" type="mesh"/>
  </body>
  <body name="cylinder_21_fillet_45_normal_12" pos="0 0 0">
    <inertial diaginertia="6.351061786786507e-05 6.351061786786507e-05 1.6773417986181352e-05" mass="0.013043403790087463" pos="0 0 0" quat="1 0 0 0"/>
    <freejoint name="cylinder_21_fillet_45_normal_12"/>
    <geom mesh="cylinder_21_fillet_45_normal_12" name="cylinder_21_fillet_45_normal_12_geom" type="mesh"/>
  </body>
  <body name="cylinder_13_fillet_5_sideways_1" pos="0 0 0">
    <inertial diaginertia="0.0016771556250000004 0.0016771556250000004 7.381125000000003e-05" mass="0.07290000000000002" pos="0 0 0" quat="0.683 0.683 0.183 0.183"/>
    <freejoint name="cylinder_13_fillet_5_sideways_1"/>
    <geom mesh="cylinder_13_fillet_5_sideways_1" name="cylinder_13_fillet_5_sideways_1_geom" type="mesh"/>
  </body>
  <body name="cylinder_12_fillet_15_sideways_10" pos="0 0 0">
    <inertial diaginertia="0.0007551253665511394 0.0007551253665511394 4.475010836258703e-05" mass="0.05399212827988339" pos="0 0 0" quat="0.683 0.683 0.183 0.183"/>
    <freejoint name="cylinder_12_fillet_15_sideways_10"/>
    <geom mesh="cylinder_12_fillet_15_sideways_10" name="cylinder_12_fillet_15_sideways_10_geom" type="mesh"/>
  </body>
  <body name="sphere_normal_20" pos="0 0 0">
    <inertial diaginertia="0.0003547937553563492 0.0003547937553563492 0.0003547937553563492" mass="0.21378911052310193" pos="0 0 0" quat="1 0 0 0"/>
    <freejoint name="sphere_normal_20"/>
    <geom mesh="sphere_normal_20" name="sphere_normal_20_geom" type="mesh"/>
  </body>
  <body name="cuboid_211_fillet_5_upright_4" pos="0 0 0">
    <inertial diaginertia="1.5894571940104164e-05 3.973642985026041e-05 3.973642985026041e-05" mass="0.0244140625" pos="0 0 0" quat="0.707 0 0.707 0"/>
    <freejoint name="cuboid_211_fillet_5_upright_4"/>
    <geom mesh="cuboid_211_fillet_5_upright_4" name="cuboid_211_fillet_5_upright_4_geom" type="mesh"/>
  </body>
  <body name="cube_fillet_15_normal_11" pos="0 0 0">
    <inertial diaginertia="6.508763888062512e-05 6.508763888062512e-05 6.508763888062512e-05" mass="0.05688396501457725" pos="0 0 0" quat="1 0 0 0"/>
    <freejoint name="cube_fillet_15_normal_11"/>
    <geom mesh="cube_fillet_15_normal_11" name="cube_fillet_15_normal_11_geom" type="mesh"/>
  </body>
  <body name="cylinder_12_fillet_25_upright_12" pos="0 0 0">
    <inertial diaginertia="0.00025434201477504725 0.00025434201477504725 1.15842013535097e-05" mass="0.023997922740524782" pos="0 0 0" quat="0 0.01 0 0"/>
    <freejoint name="cylinder_12_fillet_25_upright_12"/>
    <geom mesh="cylinder_12_fillet_25_upright_12" name="cylinder_12_fillet_25_upright_12_geom" type="mesh"/>
  </body>
  <body name="sphere_normal_88" pos="0 0 0">
    <inertial diaginertia="5.5289177537597097e-05 5.5289177537597097e-05 5.5289177537597097e-05" mass="0.07007838387950335" pos="0 0 0" quat="1 0 0 0"/>
    <freejoint name="sphere_normal_88"/>
    <geom mesh="sphere_normal_88" name="sphere_normal_88_geom" type="mesh"/>
  </body>
  <body name="cylinder_11_fillet_45_normal_5" pos="0 0 0">
    <inertial diaginertia="0.0018835199999999996 0.0018835199999999996 0.00031103999999999995" mass="0.17279999999999998" pos="0 0 0" quat="1 0 0 0"/>
    <freejoint name="cylinder_11_fillet_45_normal_5"/>
    <geom mesh="cylinder_11_fillet_45_normal_5" name="cylinder_11_fillet_45_normal_5_geom" type="mesh"/>
  </body>
  <body name="cylinder_12_fillet_5_upright_11" pos="0 0 0">
    <inertial diaginertia="0.0002663087586521489 0.0002663087586521489 1.2265441780210626e-05" mass="0.024834985422740524" pos="0 0 0" quat="0 0.01 0 0"/>
    <freejoint name="cylinder_12_fillet_5_upright_11"/>
    <geom mesh="cylinder_12_fillet_5_upright_11" name="cylinder_12_fillet_5_upright_11_geom" type="mesh"/>
  </body>
  <body name="cuboid_211_fillet_15_upright_3" pos="0 0 0">
    <inertial diaginertia="1.9338177083333318e-05 4.83454427083333e-05 4.83454427083333e-05" mass="0.02746249999999999" pos="0 0 0" quat="0.707 0 0.707 0"/>
    <freejoint name="cuboid_211_fillet_15_upright_3"/>
    <geom mesh="cuboid_211_fillet_15_upright_3" name="cuboid_211_fillet_15_upright_3_geom" type="mesh"/>
  </body>
  <body name="ground" pos="0 0 0">
    <geom name="ground_geom" size="1 1 1" type="plane"/>
  </body>
</mujoco>