<mujoco><body name="cylinder_13_fillet_15_sideways_13" pos="0 0 0">
    <inertial diaginertia="0.00043383255953620485 0.00043383255953620485 1.3724052850002968e-05" mass="0.026567055393585996" pos="0 0 0" quat="0.683 0.683 0.183 0.183"/>
    <freejoint name="cylinder_13_fillet_15_sideways_13"/>
    <geom mesh="cylinder_13_fillet_15_sideways_13" name="cylinder_13_fillet_15_sideways_13_geom" type="mesh"/>
  </body>
  <body name="cylinder_12_fillet_5_sideways_3" pos="0 0 0">
    <inertial diaginertia="0.002676784433866841 0.002676784433866841 0.00021473005057416554" mass="0.1383533527696793" pos="0 0 0" quat="0.683 0.683 0.183 0.183"/>
    <freejoint name="cylinder_12_fillet_5_sideways_3"/>
    <geom mesh="cylinder_12_fillet_5_sideways_3" name="cylinder_12_fillet_5_sideways_3_geom" type="mesh"/>
  </body>
  <body name="cylinder_11_fillet_45_normal_2" pos="0 0 0">
    <inertial diaginertia="0.0030481739648437487 0.0030481739648437487 0.0005605041796874997" mass="0.24603749999999994" pos="0 0 0" quat="1 0 0 0"/>
    <freejoint name="cylinder_11_fillet_45_normal_2"/>
    <geom mesh="cylinder_11_fillet_45_normal_2" name="cylinder_11_fillet_45_normal_2_geom" type="mesh"/>
  </body>
  <body name="cylinder_11_fillet_25_normal_6" pos="0 0 0">
    <inertial diaginertia="0.0015832150325520828 0.0015832150325520828 0.0002514196484374999" mass="0.15208749999999996" pos="0 0 0" quat="1 0 0 0"/>
    <freejoint name="cylinder_11_fillet_25_normal_6"/>
    <geom mesh="cylinder_11_fillet_25_normal_6" name="cylinder_11_fillet_25_normal_6_geom" type="mesh"/>
  </body>
  <body name="cube_fillet_35_normal_5" pos="0 0 0">
    <inertial diaginertia="0.00036764427837607326 0.00036764427837607326 0.00036764427837607326" mass="0.16074868804664716" pos="0 0 0" quat="1 0 0 0"/>
    <freejoint name="cube_fillet_35_normal_5"/>
    <geom mesh="cube_fillet_35_normal_5" name="cube_fillet_35_normal_5_geom" type="mesh"/>
  </body>
  <body name="cylinder_21_fillet_35_normal_5" pos="0 0 0">
    <inertial diaginertia="0.0003360664791951766 0.0003360664791951766 0.00012441110638424467" mass="0.04340437317784256" pos="0 0 0" quat="1 0 0 0"/>
    <freejoint name="cylinder_21_fillet_35_normal_5"/>
    <geom mesh="cylinder_21_fillet_35_normal_5" name="cylinder_21_fillet_35_normal_5_geom" type="mesh"/>
  </body>
  <body name="cuboid_311_fillet_15_thinner_2" pos="0 0 0">
    <inertial diaginertia="7.215007812500002e-05 0.0008144850390624999 0.0008144850390624999" mass="0.072075" pos="0 0 0" quat="1 0 0 0"/>
    <freejoint name="cuboid_311_fillet_15_thinner_2"/>
    <geom mesh="cuboid_311_fillet_15_thinner_2" name="cuboid_311_fillet_15_thinner_2_geom" type="mesh"/>
  </body>
  <body name="sphere_normal_14" pos="0 0 0">
    <inertial diaginertia="0.0004061327236651297 0.0004061327236651297 0.0004061327236651297" mass="0.23184663138611844" pos="0 0 0" quat="1 0 0 0"/>
    <freejoint name="sphere_normal_14"/>
    <geom mesh="sphere_normal_14" name="sphere_normal_14_geom" type="mesh"/>
  </body>
  <body name="cylinder_11_fillet_25_normal_10" pos="0 0 0">
    <inertial diaginertia="0.0007271165169270833 0.0007271165169270833 9.67226171875e-05" mass="0.0857375" pos="0 0 0" quat="1 0 0 0"/>
    <freejoint name="cylinder_11_fillet_25_normal_10"/>
    <geom mesh="cylinder_11_fillet_25_normal_10" name="cylinder_11_fillet_25_normal_10_geom" type="mesh"/>
  </body>
  <body name="sphere_normal_50" pos="0 0 0">
    <inertial diaginertia="0.0001698495552361964 0.0001698495552361964 0.0001698495552361964" mass="0.13741642580907798" pos="0 0 0" quat="1 0 0 0"/>
    <freejoint name="sphere_normal_50"/>
    <geom mesh="sphere_normal_50" name="sphere_normal_50_geom" type="mesh"/>
  </body>
  <body name="cuboid_311_fillet_5_normal_6" pos="0 0 0">
    <inertial diaginertia="2.3354340820312507e-05 0.00011677170410156253 0.00011677170410156253" mass="0.030754687500000006" pos="0 0 0" quat="1 0 0 0"/>
    <freejoint name="cuboid_311_fillet_5_normal_6"/>
    <geom mesh="cuboid_311_fillet_5_normal_6" name="cuboid_311_fillet_5_normal_6_geom" type="mesh"/>
  </body>
  <body name="cylinder_12_fillet_15_upright_9" pos="0 0 0">
    <inertial diaginertia="0.00029150904849913707 0.00029150904849913707 1.3724052850002968e-05" mass="0.026567055393585996" pos="0 0 0" quat="0 0.01 0 0"/>
    <freejoint name="cylinder_12_fillet_15_upright_9"/>
    <geom mesh="cylinder_12_fillet_15_upright_9" name="cylinder_12_fillet_15_upright_9_geom" type="mesh"/>
  </body>
  <body name="cuboid_321_fillet_35_normal_3" pos="0 0 0">
    <inertial diaginertia="1.0075272623697915e-05 2.6195708821614575e-05 2.015054524739583e-05" mass="0.0107171875" pos="0 0 0" quat="0.7071 0.7071 0 0"/>
    <freejoint name="cuboid_321_fillet_35_normal_3"/>
    <geom mesh="cuboid_321_fillet_35_normal_3" name="cuboid_321_fillet_35_normal_3_geom" type="mesh"/>
  </body>
  <body name="cylinder_13_fillet_15_sideways_1" pos="0 0 0">
    <inertial diaginertia="0.0016771556250000004 0.0016771556250000004 7.381125000000003e-05" mass="0.07290000000000002" pos="0 0 0" quat="0.683 0.683 0.183 0.183"/>
    <freejoint name="cylinder_13_fillet_15_sideways_1"/>
    <geom mesh="cylinder_13_fillet_15_sideways_1" name="cylinder_13_fillet_15_sideways_1_geom" type="mesh"/>
  </body>
  <body name="cube_fillet_25_normal_15" pos="0 0 0">
    <inertial diaginertia="1.2959999999999998e-05 1.2959999999999998e-05 1.2959999999999998e-05" mass="0.021599999999999998" pos="0 0 0" quat="1 0 0 0"/>
    <freejoint name="cube_fillet_25_normal_15"/>
    <geom mesh="cube_fillet_25_normal_15" name="cube_fillet_25_normal_15_geom" type="mesh"/>
  </body>
  <body name="cylinder_11_fillet_5_normal_12" pos="0 0 0">
    <inertial diaginertia="0.00046273679036458335 0.00046273679036458335 5.5463164062500016e-05" mass="0.06141250000000001" pos="0 0 0" quat="1 0 0 0"/>
    <freejoint name="cylinder_11_fillet_5_normal_12"/>
    <geom mesh="cylinder_11_fillet_5_normal_12" name="cylinder_11_fillet_5_normal_12_geom" type="mesh"/>
  </body>
  <body name="cuboid_221_fillet_5_normal_6" pos="0 0 0">
    <inertial diaginertia="1.4731877772013339e-05 2.3571004435221344e-05 1.4731877772013339e-05" mass="0.013461132812499997" pos="0 0 0" quat="0.7071 0.7071 0 0"/>
    <freejoint name="cuboid_221_fillet_5_normal_6"/>
    <geom mesh="cuboid_221_fillet_5_normal_6" name="cuboid_221_fillet_5_normal_6_geom" type="mesh"/>
  </body>
  <body name="cuboid_311_fillet_5_normal_9" pos="0 0 0">
    <inertial diaginertia="1.2959999999999998e-05 6.479999999999999e-05 6.479999999999999e-05" mass="0.021599999999999998" pos="0 0 0" quat="1 0 0 0"/>
    <freejoint name="cuboid_311_fillet_5_normal_9"/>
    <geom mesh="cuboid_311_fillet_5_normal_9" name="cuboid_311_fillet_5_normal_9_geom" type="mesh"/>
  </body>
  <body name="cylinder_14_fillet_15_normal_3" pos="0 0 0">
    <inertial diaginertia="0.0018281668352472193 0.0018281668352472193 5.7833045754745086e-05" mass="0.06297376093294463" pos="0 0 0" quat="0.683 0.683 0.183 0.183"/>
    <freejoint name="cylinder_14_fillet_15_normal_3"/>
    <geom mesh="cylinder_14_fillet_15_normal_3" name="cylinder_14_fillet_15_normal_3_geom" type="mesh"/>
  </body>
  <body name="sphere_normal_84" pos="0 0 0">
    <inertial diaginertia="6.301063901153423e-05 6.301063901153423e-05 6.301063901153423e-05" mass="0.07579635660492567" pos="0 0 0" quat="1 0 0 0"/>
    <freejoint name="sphere_normal_84"/>
    <geom mesh="sphere_normal_84" name="sphere_normal_84_geom" type="mesh"/>
  </body>
  <body name="ground" pos="0 0 0">
    <geom name="ground_geom" size="1 1 1" type="plane"/>
  </body>
</mujoco>