<mujoco><body name="cuboid_321_fillet_5_normal_3" pos="0 0 0">
    <inertial diaginertia="1.0075272623697915e-05 2.6195708821614575e-05 2.015054524739583e-05" mass="0.0107171875" pos="0 0 0" quat="0.7071 0.7071 0 0"/>
    <freejoint name="cuboid_321_fillet_5_normal_3"/>
    <geom mesh="cuboid_321_fillet_5_normal_3" name="cuboid_321_fillet_5_normal_3_geom" type="mesh"/>
  </body>
  <body name="cuboid_321_fillet_25_normal_9" pos="0 0 0">
    <inertial diaginertia="4.266666666666669e-06 1.1093333333333338e-05 8.533333333333335e-06" mass="0.006400000000000002" pos="0 0 0" quat="0.7071 0.7071 0 0"/>
    <freejoint name="cuboid_321_fillet_25_normal_9"/>
    <geom mesh="cuboid_321_fillet_25_normal_9" name="cuboid_321_fillet_25_normal_9_geom" type="mesh"/>
  </body>
  <body name="cylinder_12_fillet_25_upright_6" pos="0 0 0">
    <inertial diaginertia="0.0003326246528755225 0.0003326246528755225 1.6169052731469775e-05" mass="0.029313301749271135" pos="0 0 0" quat="0 0.01 0 0"/>
    <freejoint name="cylinder_12_fillet_25_upright_6"/>
    <geom mesh="cylinder_12_fillet_25_upright_6" name="cylinder_12_fillet_25_upright_6_geom" type="mesh"/>
  </body>
  <body name="cylinder_21_fillet_25_normal_12" pos="0 0 0">
    <inertial diaginertia="6.351061786786507e-05 6.351061786786507e-05 1.6773417986181352e-05" mass="0.013043403790087463" pos="0 0 0" quat="1 0 0 0"/>
    <freejoint name="cylinder_21_fillet_25_normal_12"/>
    <geom mesh="cylinder_21_fillet_25_normal_12" name="cylinder_21_fillet_25_normal_12_geom" type="mesh"/>
  </body>
  <body name="cylinder_11_fillet_35_normal_14" pos="0 0 0">
    <inertial diaginertia="0.0002785034179687501 0.0002785034179687501 2.966308593750001e-05" mass="0.0421875" pos="0 0 0" quat="1 0 0 0"/>
    <freejoint name="cylinder_11_fillet_35_normal_14"/>
    <geom mesh="cylinder_11_fillet_35_normal_14" name="cylinder_11_fillet_35_normal_14_geom" type="mesh"/>
  </body>
  <body name="cuboid_211_fillet_25_upright_3" pos="0 0 0">
    <inertial diaginertia="1.9338177083333318e-05 4.83454427083333e-05 4.83454427083333e-05" mass="0.02746249999999999" pos="0 0 0" quat="0.707 0 0.707 0"/>
    <freejoint name="cuboid_211_fillet_25_upright_3"/>
    <geom mesh="cuboid_211_fillet_25_upright_3" name="cuboid_211_fillet_25_upright_3_geom" type="mesh"/>
  </body>
  <body name="cylinder_21_fillet_15_normal_4" pos="0 0 0">
    <inertial diaginertia="0.00040763273557427716 0.00040763273557427716 0.00015665516554672166" mass="0.04984077988338193" pos="0 0 0" quat="1 0 0 0"/>
    <freejoint name="cylinder_21_fillet_15_normal_4"/>
    <geom mesh="cylinder_21_fillet_15_normal_4" name="cylinder_21_fillet_15_normal_4_geom" type="mesh"/>
  </body>
  <body name="cuboid_311_fillet_15_normal_5" pos="0 0 0">
    <inertial diaginertia="2.8011666666666658e-05 0.0001400583333333333 0.0001400583333333333" mass="0.0343" pos="0 0 0" quat="1 0 0 0"/>
    <freejoint name="cuboid_311_fillet_15_normal_5"/>
    <geom mesh="cuboid_311_fillet_15_normal_5" name="cuboid_311_fillet_15_normal_5_geom" type="mesh"/>
  </body>
  <body name="cuboid_321_fillet_25_normal_3" pos="0 0 0">
    <inertial diaginertia="1.0075272623697915e-05 2.6195708821614575e-05 2.015054524739583e-05" mass="0.0107171875" pos="0 0 0" quat="0.7071 0.7071 0 0"/>
    <freejoint name="cuboid_321_fillet_25_normal_3"/>
    <geom mesh="cuboid_321_fillet_25_normal_3" name="cuboid_321_fillet_25_normal_3_geom" type="mesh"/>
  </body>
  <body name="sphere_normal_4" pos="0 0 0">
    <inertial diaginertia="0.0005047713585769553 0.0005047713585769553 0.0005047713585769553" mass="0.26415377569713006" pos="0 0 0" quat="1 0 0 0"/>
    <freejoint name="sphere_normal_4"/>
    <geom mesh="sphere_normal_4" name="sphere_normal_4_geom" type="mesh"/>
  </body>
  <body name="cuboid_321_fillet_15_normal_2" pos="0 0 0">
    <inertial diaginertia="1.1472600173950195e-05 2.9828760452270503e-05 2.2945200347900387e-05" mass="0.0115857421875" pos="0 0 0" quat="0.7071 0.7071 0 0"/>
    <freejoint name="cuboid_321_fillet_15_normal_2"/>
    <geom mesh="cuboid_321_fillet_15_normal_2" name="cuboid_321_fillet_15_normal_2_geom" type="mesh"/>
  </body>
  <body name="cuboid_211_fillet_35_upright_5" pos="0 0 0">
    <inertial diaginertia="1.2959999999999998e-05 3.2399999999999995e-05 3.2399999999999995e-05" mass="0.021599999999999998" pos="0 0 0" quat="0.707 0 0.707 0"/>
    <freejoint name="cuboid_211_fillet_35_upright_5"/>
    <geom mesh="cuboid_211_fillet_35_upright_5" name="cuboid_211_fillet_35_upright_5_geom" type="mesh"/>
  </body>
  <body name="cuboid_221_fillet_25_normal_8" pos="0 0 0">
    <inertial diaginertia="6.67850176493327e-06 1.0685602823893232e-05 6.67850176493327e-06" mass="0.008374023437500001" pos="0 0 0" quat="0.7071 0.7071 0 0"/>
    <freejoint name="cuboid_221_fillet_25_normal_8"/>
    <geom mesh="cuboid_221_fillet_25_normal_8" name="cuboid_221_fillet_25_normal_8_geom" type="mesh"/>
  </body>
  <body name="cylinder_12_fillet_5_sideways_7" pos="0 0 0">
    <inertial diaginertia="0.0013637115404295833 0.0013637115404295833 9.314069851847447e-05" mass="0.08381807580174928" pos="0 0 0" quat="0.683 0.683 0.183 0.183"/>
    <freejoint name="cylinder_12_fillet_5_sideways_7"/>
    <geom mesh="cylinder_12_fillet_5_sideways_7" name="cylinder_12_fillet_5_sideways_7_geom" type="mesh"/>
  </body>
  <body name="cylinder_12_fillet_25_sideways_6" pos="0 0 0">
    <inertial diaginertia="0.0016316114769515673 0.0016316114769515673 0.0001163229122538228" mass="0.09577521865889212" pos="0 0 0" quat="0.683 0.683 0.183 0.183"/>
    <freejoint name="cylinder_12_fillet_25_sideways_6"/>
    <geom mesh="cylinder_12_fillet_25_sideways_6" name="cylinder_12_fillet_25_sideways_6_geom" type="mesh"/>
  </body>
  <body name="cuboid_211_fillet_45_upright_2" pos="0 0 0">
    <inertial diaginertia="2.3354340820312487e-05 5.838585205078121e-05 5.838585205078121e-05" mass="0.030754687499999992" pos="0 0 0" quat="0.707 0 0.707 0"/>
    <freejoint name="cuboid_211_fillet_45_upright_2"/>
    <geom mesh="cuboid_211_fillet_45_upright_2" name="cuboid_211_fillet_45_upright_2_geom" type="mesh"/>
  </body>
  <body name="cuboid_211_fillet_15_normal_6" pos="0 0 0">
    <inertial diaginertia="3.060364059448244e-05 7.650910148620609e-05 7.650910148620609e-05" mass="0.03617050781250001" pos="0 0 0" quat="1 0 0 0"/>
    <freejoint name="cuboid_211_fillet_15_normal_6"/>
    <geom mesh="cuboid_211_fillet_15_normal_6" name="cuboid_211_fillet_15_normal_6_geom" type="mesh"/>
  </body>
  <body name="cuboid_321_fillet_35_normal_8" pos="0 0 0">
    <inertial diaginertia="4.976322555541996e-06 1.2938438644409185e-05 9.952645111083987e-06" mass="0.007018945312500003" pos="0 0 0" quat="0.7071 0.7071 0 0"/>
    <freejoint name="cuboid_321_fillet_35_normal_8"/>
    <geom mesh="cuboid_321_fillet_35_normal_8" name="cuboid_321_fillet_35_normal_8_geom" type="mesh"/>
  </body>
  <body name="cylinder_21_fillet_5_normal_2" pos="0 0 0">
    <inertial diaginertia="0.0005855613038264688 0.0005855613038264688 0.00024113301564266388" mass="0.06456126093294462" pos="0 0 0" quat="1 0 0 0"/>
    <freejoint name="cylinder_21_fillet_5_normal_2"/>
    <geom mesh="cylinder_21_fillet_5_normal_2" name="cylinder_21_fillet_5_normal_2_geom" type="mesh"/>
  </body>
  <body name="cube_fillet_25_normal_12" pos="0 0 0">
    <inertial diaginertia="4.5533113583625855e-05 4.5533113583625855e-05 4.5533113583625855e-05" mass="0.04590787172011661" pos="0 0 0" quat="1 0 0 0"/>
    <freejoint name="cube_fillet_25_normal_12"/>
    <geom mesh="cube_fillet_25_normal_12" name="cube_fillet_25_normal_12_geom" type="mesh"/>
  </body>
  <body name="ground" pos="0 0 0">
    <geom name="ground_geom" size="1 1 1" type="plane"/>
  </body>
</mujoco>