<mujoco><body name="cube_fillet_5_normal_10" pos="0 0 0">
    <inertial diaginertia="9.084834017572043e-05 9.084834017572043e-05 9.084834017572043e-05" mass="0.06948338192419824" pos="0 0 0" quat="1 0 0 0"/>
    <freejoint name="cube_fillet_5_normal_10"/>
    <geom mesh="cube_fillet_5_normal_10" name="cube_fillet_5_normal_10_geom" type="mesh"/>
  </body>
  <body name="cuboid_311_fillet_35_normal_6" pos="0 0 0">
    <inertial diaginertia="2.3354340820312507e-05 0.00011677170410156253 0.00011677170410156253" mass="0.030754687500000006" pos="0 0 0" quat="1 0 0 0"/>
    <freejoint name="cuboid_311_fillet_35_normal_6"/>
    <geom mesh="cuboid_311_fillet_35_normal_6" name="cuboid_311_fillet_35_normal_6_geom" type="mesh"/>
  </body>
  <body name="cylinder_12_fillet_25_upright_4" pos="0 0 0">
    <inertial diaginertia="0.00036236313216351113 0.00036236313216351113 1.7984064896229984e-05" mass="0.031245444606413982" pos="0 0 0" quat="0 0.01 0 0"/>
    <freejoint name="cylinder_12_fillet_25_upright_4"/>
    <geom mesh="cylinder_12_fillet_25_upright_4" name="cylinder_12_fillet_25_upright_4_geom" type="mesh"/>
  </body>
  <body name="cylinder_13_fillet_25_sideways_2" pos="0 0 0">
    <inertial diaginertia="0.001522243157662869 0.001522243157662869 6.543278294339782e-05" mass="0.06781585276967929" pos="0 0 0" quat="0.683 0.683 0.183 0.183"/>
    <freejoint name="cylinder_13_fillet_25_sideways_2"/>
    <geom mesh="cylinder_13_fillet_25_sideways_2" name="cylinder_13_fillet_25_sideways_2_geom" type="mesh"/>
  </body>
  <body name="sphere_normal_1" pos="0 0 0">
    <inertial diaginertia="0.0005378239999999999 0.0005378239999999999 0.0005378239999999999" mass="0.2744" pos="0 0 0" quat="1 0 0 0"/>
    <freejoint name="sphere_normal_1"/>
    <geom mesh="sphere_normal_1" name="sphere_normal_1_geom" type="mesh"/>
  </body>
  <body name="cuboid_321_fillet_15_normal_3" pos="0 0 0">
    <inertial diaginertia="1.0075272623697915e-05 2.6195708821614575e-05 2.015054524739583e-05" mass="0.0107171875" pos="0 0 0" quat="0.7071 0.7071 0 0"/>
    <freejoint name="cuboid_321_fillet_15_normal_3"/>
    <geom mesh="cuboid_321_fillet_15_normal_3" name="cuboid_321_fillet_15_normal_3_geom" type="mesh"/>
  </body>
  <body name="cylinder_21_fillet_35_normal_8" pos="0 0 0">
    <inertial diaginertia="0.00017776247395833336 0.00017776247395833336 5.8014531250000016e-05" mass="0.027462500000000004" pos="0 0 0" quat="1 0 0 0"/>
    <freejoint name="cylinder_21_fillet_35_normal_8"/>
    <geom mesh="cylinder_21_fillet_35_normal_8" name="cylinder_21_fillet_35_normal_8_geom" type="mesh"/>
  </body>
  <body name="cube_fillet_25_normal_2" pos="0 0 0">
    <inertial diaginertia="0.000727776147240237 0.000727776147240237 0.000727776147240237" mass="0.24215276967930024" pos="0 0 0" quat="1 0 0 0"/>
    <freejoint name="cube_fillet_25_normal_2"/>
    <geom mesh="cube_fillet_25_normal_2" name="cube_fillet_25_normal_2_geom" type="mesh"/>
  </body>
  <body name="cylinder_12_fillet_5_sideways_4" pos="0 0 0">
    <inertial diaginertia="0.0022845967035684538 0.0022845967035684538 0.00017649244920271318" mass="0.12299562682215744" pos="0 0 0" quat="0.683 0.683 0.183 0.183"/>
    <freejoint name="cylinder_12_fillet_5_sideways_4"/>
    <geom mesh="cylinder_12_fillet_5_sideways_4" name="cylinder_12_fillet_5_sideways_4_geom" type="mesh"/>
  </body>
  <body name="cuboid_311_fillet_25_thinner_6" pos="0 0 0">
    <inertial diaginertia="4.151882812500001e-05 0.0006112494140625001 0.0006112494140625001" mass="0.05467500000000001" pos="0 0 0" quat="1 0 0 0"/>
    <freejoint name="cuboid_311_fillet_25_thinner_6"/>
    <geom mesh="cuboid_311_fillet_25_thinner_6" name="cuboid_311_fillet_25_thinner_6_geom" type="mesh"/>
  </body>
  <body name="cuboid_211_fillet_5_normal_4" pos="0 0 0">
    <inertial diaginertia="5.04779328918457e-05 0.00012619483222961426 0.00012619483222961426" mass="0.0488373046875" pos="0 0 0" quat="1 0 0 0"/>
    <freejoint name="cuboid_211_fillet_5_normal_4"/>
    <geom mesh="cuboid_211_fillet_5_normal_4" name="cuboid_211_fillet_5_normal_4_geom" type="mesh"/>
  </body>
  <body name="cylinder_14_fillet_25_normal_7" pos="0 0 0">
    <inertial diaginertia="0.001197563047539716 0.001197563047539716 3.414983518771942e-05" mass="0.04590787172011663" pos="0 0 0" quat="0.683 0.683 0.183 0.183"/>
    <freejoint name="cylinder_14_fillet_25_normal_7"/>
    <geom mesh="cylinder_14_fillet_25_normal_7" name="cylinder_14_fillet_25_normal_7_geom" type="mesh"/>
  </body>
  <body name="cylinder_12_fillet_15_upright_1" pos="0 0 0">
    <inertial diaginertia="0.0004106710416666666 0.0004106710416666666 2.1008749999999994e-05" mass="0.0343" pos="0 0 0" quat="0 0.01 0 0"/>
    <freejoint name="cylinder_12_fillet_15_upright_1"/>
    <geom mesh="cylinder_12_fillet_15_upright_1" name="cylinder_12_fillet_15_upright_1_geom" type="mesh"/>
  </body>
  <body name="cylinder_14_fillet_15_normal_6" pos="0 0 0">
    <inertial diaginertia="0.0013368025068970055 0.0013368025068970055 3.916379138668041e-05" mass="0.049840779883381925" pos="0 0 0" quat="0.683 0.683 0.183 0.183"/>
    <freejoint name="cylinder_14_fillet_15_normal_6"/>
    <geom mesh="cylinder_14_fillet_15_normal_6" name="cylinder_14_fillet_15_normal_6_geom" type="mesh"/>
  </body>
  <body name="cuboid_311_fillet_35_thinner_6" pos="0 0 0">
    <inertial diaginertia="4.151882812500001e-05 0.0006112494140625001 0.0006112494140625001" mass="0.05467500000000001" pos="0 0 0" quat="1 0 0 0"/>
    <freejoint name="cuboid_311_fillet_35_thinner_6"/>
    <geom mesh="cuboid_311_fillet_35_thinner_6" name="cuboid_311_fillet_35_thinner_6_geom" type="mesh"/>
  </body>
  <body name="cuboid_211_fillet_15_upright_2" pos="0 0 0">
    <inertial diaginertia="2.3354340820312487e-05 5.838585205078121e-05 5.838585205078121e-05" mass="0.030754687499999992" pos="0 0 0" quat="0.707 0 0.707 0"/>
    <freejoint name="cuboid_211_fillet_15_upright_2"/>
    <geom mesh="cuboid_211_fillet_15_upright_2" name="cuboid_211_fillet_15_upright_2_geom" type="mesh"/>
  </body>
  <body name="cuboid_311_fillet_45_normal_2" pos="0 0 0">
    <inertial diaginertia="4.6596925455729194e-05 0.00023298462727864587 0.00023298462727864587" mass="0.04654843750000001" pos="0 0 0" quat="1 0 0 0"/>
    <freejoint name="cuboid_311_fillet_45_normal_2"/>
    <geom mesh="cuboid_311_fillet_45_normal_2" name="cuboid_311_fillet_45_normal_2_geom" type="mesh"/>
  </body>
  <body name="cylinder_12_fillet_25_upright_2" pos="0 0 0">
    <inertial diaginertia="0.0003940609009526505 0.0003940609009526505 1.99585279222385e-05" mass="0.033260677842565596" pos="0 0 0" quat="0 0.01 0 0"/>
    <freejoint name="cylinder_12_fillet_25_upright_2"/>
    <geom mesh="cylinder_12_fillet_25_upright_2" name="cylinder_12_fillet_25_upright_2_geom" type="mesh"/>
  </body>
  <body name="cylinder_12_fillet_15_sideways_11" pos="0 0 0">
    <inertial diaginertia="0.0006073189825667874 0.0006073189825667874 3.414983518771939e-05" mass="0.04590787172011661" pos="0 0 0" quat="0.683 0.683 0.183 0.183"/>
    <freejoint name="cylinder_12_fillet_15_sideways_11"/>
    <geom mesh="cylinder_12_fillet_15_sideways_11" name="cylinder_12_fillet_15_sideways_11_geom" type="mesh"/>
  </body>
  <body name="sphere_normal_25" pos="0 0 0">
    <inertial diaginertia="0.000316099828239041 0.000316099828239041 0.000316099828239041" mass="0.199477793608793" pos="0 0 0" quat="1 0 0 0"/>
    <freejoint name="sphere_normal_25"/>
    <geom mesh="sphere_normal_25" name="sphere_normal_25_geom" type="mesh"/>
  </body>
  <body name="ground" pos="0 0 0">
    <geom name="ground_geom" size="1 1 1" type="plane"/>
  </body>
</mujoco>