<mujoco><body name="cuboid_211_fillet_45_normal_8" pos="0 0 0">
    <inertial diaginertia="1.754889175415039e-05 4.387222938537597e-05 4.387222938537597e-05" mass="0.025908398437499997" pos="0 0 0" quat="1 0 0 0"/>
    <freejoint name="cuboid_211_fillet_45_normal_8"/>
    <geom mesh="cuboid_211_fillet_45_normal_8" name="cuboid_211_fillet_45_normal_8_geom" type="mesh"/>
  </body>
  <body name="cylinder_14_fillet_5_normal_3" pos="0 0 0">
    <inertial diaginertia="0.0018281668352472193 0.0018281668352472193 5.7833045754745086e-05" mass="0.06297376093294463" pos="0 0 0" quat="0.683 0.683 0.183 0.183"/>
    <freejoint name="cylinder_14_fillet_5_normal_3"/>
    <geom mesh="cylinder_14_fillet_5_normal_3" name="cylinder_14_fillet_5_normal_3_geom" type="mesh"/>
  </body>
  <body name="cylinder_13_fillet_25_sideways_15" pos="0 0 0">
    <inertial diaginertia="0.00032885999999999994 0.00032885999999999994 9.719999999999998e-06" mass="0.021599999999999998" pos="0 0 0" quat="0.683 0.683 0.183 0.183"/>
    <freejoint name="cylinder_13_fillet_25_sideways_15"/>
    <geom mesh="cylinder_13_fillet_25_sideways_15" name="cylinder_13_fillet_25_sideways_15_geom" type="mesh"/>
  </body>
  <body name="cuboid_211_fillet_45_upright_6" pos="0 0 0">
    <inertial diaginertia="1.0475818684895828e-05 2.618954671223957e-05 2.618954671223957e-05" mass="0.019010937499999995" pos="0 0 0" quat="0.707 0 0.707 0"/>
    <freejoint name="cuboid_211_fillet_45_upright_6"/>
    <geom mesh="cuboid_211_fillet_45_upright_6" name="cuboid_211_fillet_45_upright_6_geom" type="mesh"/>
  </body>
  <body name="cylinder_11_fillet_15_normal_2" pos="0 0 0">
    <inertial diaginertia="0.0030481739648437487 0.0030481739648437487 0.0005605041796874997" mass="0.24603749999999994" pos="0 0 0" quat="1 0 0 0"/>
    <freejoint name="cylinder_11_fillet_15_normal_2"/>
    <geom mesh="cylinder_11_fillet_15_normal_2" name="cylinder_11_fillet_15_normal_2_geom" type="mesh"/>
  </body>
  <body name="cube_fillet_25_normal_4" pos="0 0 0">
    <inertial diaginertia="0.0004664990952182619 0.0004664990952182619 0.0004664990952182619" mass="0.1854390670553935" pos="0 0 0" quat="1 0 0 0"/>
    <freejoint name="cube_fillet_25_normal_4"/>
    <geom mesh="cube_fillet_25_normal_4" name="cube_fillet_25_normal_4_geom" type="mesh"/>
  </body>
  <body name="cylinder_21_fillet_25_normal_4" pos="0 0 0">
    <inertial diaginertia="0.00040763273557427716 0.00040763273557427716 0.00015665516554672166" mass="0.04984077988338193" pos="0 0 0" quat="1 0 0 0"/>
    <freejoint name="cylinder_21_fillet_25_normal_4"/>
    <geom mesh="cylinder_21_fillet_25_normal_4" name="cylinder_21_fillet_25_normal_4_geom" type="mesh"/>
  </body>
  <body name="cylinder_12_fillet_5_sideways_6" pos="0 0 0">
    <inertial diaginertia="0.0016316114769515673 0.0016316114769515673 0.0001163229122538228" mass="0.09577521865889212" pos="0 0 0" quat="0.683 0.683 0.183 0.183"/>
    <freejoint name="cylinder_12_fillet_5_sideways_6"/>
    <geom mesh="cylinder_12_fillet_5_sideways_6" name="cylinder_12_fillet_5_sideways_6_geom" type="mesh"/>
  </body>
  <body name="cylinder_11_fillet_5_normal_4" pos="0 0 0">
    <inertial diaginertia="0.002225240071614583 0.002225240071614583 0.0003814697265625" mass="0.1953125" pos="0 0 0" quat="1 0 0 0"/>
    <freejoint name="cylinder_11_fillet_5_normal_4"/>
    <geom mesh="cylinder_11_fillet_5_normal_4" name="cylinder_11_fillet_5_normal_4_geom" type="mesh"/>
  </body>
  <body name="cylinder_11_fillet_5_normal_10" pos="0 0 0">
    <inertial diaginertia="0.0007271165169270833 0.0007271165169270833 9.67226171875e-05" mass="0.0857375" pos="0 0 0" quat="1 0 0 0"/>
    <freejoint name="cylinder_11_fillet_5_normal_10"/>
    <geom mesh="cylinder_11_fillet_5_normal_10" name="cylinder_11_fillet_5_normal_10_geom" type="mesh"/>
  </body>
  <body name="cylinder_11_fillet_5_normal_8" pos="0 0 0">
    <inertial diaginertia="0.0010926894726562492 0.0010926894726562492 0.00015953519531249985" mass="0.11576249999999993" pos="0 0 0" quat="1 0 0 0"/>
    <freejoint name="cylinder_11_fillet_5_normal_8"/>
    <geom mesh="cylinder_11_fillet_5_normal_8" name="cylinder_11_fillet_5_normal_8_geom" type="mesh"/>
  </body>
  <body name="cylinder_21_fillet_15_normal_12" pos="0 0 0">
    <inertial diaginertia="6.351061786786507e-05 6.351061786786507e-05 1.6773417986181352e-05" mass="0.013043403790087463" pos="0 0 0" quat="1 0 0 0"/>
    <freejoint name="cylinder_21_fillet_15_normal_12"/>
    <geom mesh="cylinder_21_fillet_15_normal_12" name="cylinder_21_fillet_15_normal_12_geom" type="mesh"/>
  </body>
  <body name="cuboid_321_fillet_45_normal_3" pos="0 0 0">
    <inertial diaginertia="1.0075272623697915e-05 2.6195708821614575e-05 2.015054524739583e-05" mass="0.0107171875" pos="0 0 0" quat="0.7071 0.7071 0 0"/>
    <freejoint name="cuboid_321_fillet_45_normal_3"/>
    <geom mesh="cuboid_321_fillet_45_normal_3" name="cuboid_321_fillet_45_normal_3_geom" type="mesh"/>
  </body>
  <body name="sphere_normal_62" pos="0 0 0">
    <inertial diaginertia="0.00012235500100150925 0.00012235500100150925 0.00012235500100150925" mass="0.11286857317321389" pos="0 0 0" quat="1 0 0 0"/>
    <freejoint name="sphere_normal_62"/>
    <geom mesh="sphere_normal_62" name="sphere_normal_62_geom" type="mesh"/>
  </body>
  <body name="cuboid_221_fillet_25_normal_6" pos="0 0 0">
    <inertial diaginertia="1.4731877772013339e-05 2.3571004435221344e-05 1.4731877772013339e-05" mass="0.013461132812499997" pos="0 0 0" quat="0.7071 0.7071 0 0"/>
    <freejoint name="cuboid_221_fillet_25_normal_6"/>
    <geom mesh="cuboid_221_fillet_25_normal_6" name="cuboid_221_fillet_25_normal_6_geom" type="mesh"/>
  </body>
  <body name="cuboid_221_fillet_35_normal_5" pos="0 0 0">
    <inertial diaginertia="2.0970182291666673e-05 3.355229166666668e-05 2.0970182291666673e-05" mass="0.016637500000000003" pos="0 0 0" quat="0.7071 0.7071 0 0"/>
    <freejoint name="cuboid_221_fillet_35_normal_5"/>
    <geom mesh="cuboid_221_fillet_35_normal_5" name="cuboid_221_fillet_35_normal_5_geom" type="mesh"/>
  </body>
  <body name="cube_fillet_45_normal_10" pos="0 0 0">
    <inertial diaginertia="9.084834017572043e-05 9.084834017572043e-05 9.084834017572043e-05" mass="0.06948338192419824" pos="0 0 0" quat="1 0 0 0"/>
    <freejoint name="cube_fillet_45_normal_10"/>
    <geom mesh="cube_fillet_45_normal_10" name="cube_fillet_45_normal_10_geom" type="mesh"/>
  </body>
  <body name="cuboid_211_fillet_25_upright_7" pos="0 0 0">
    <inertial diaginertia="8.38807291666667e-06 2.0970182291666673e-05 2.0970182291666673e-05" mass="0.016637500000000003" pos="0 0 0" quat="0.707 0 0.707 0"/>
    <freejoint name="cuboid_211_fillet_25_upright_7"/>
    <geom mesh="cuboid_211_fillet_25_upright_7" name="cuboid_211_fillet_25_upright_7_geom" type="mesh"/>
  </body>
  <body name="cube_fillet_35_normal_14" pos="0 0 0">
    <inertial diaginertia="2.0424324785307697e-05 2.0424324785307697e-05 2.0424324785307697e-05" mass="0.028377842565597656" pos="0 0 0" quat="1 0 0 0"/>
    <freejoint name="cube_fillet_35_normal_14"/>
    <geom mesh="cube_fillet_35_normal_14" name="cube_fillet_35_normal_14_geom" type="mesh"/>
  </body>
  <body name="cylinder_12_fillet_15_sideways_9" pos="0 0 0">
    <inertial diaginertia="0.0009285416790622954 0.0009285416790622954 5.7833045754745045e-05" mass="0.0629737609329446" pos="0 0 0" quat="0.683 0.683 0.183 0.183"/>
    <freejoint name="cylinder_12_fillet_15_sideways_9"/>
    <geom mesh="cylinder_12_fillet_15_sideways_9" name="cylinder_12_fillet_15_sideways_9_geom" type="mesh"/>
  </body>
  <body name="ground" pos="0 0 0">
    <geom name="ground_geom" size="1 1 1" type="plane"/>
  </body>
</mujoco>