<mujoco><body name="cuboid_211_fillet_5_normal_1" pos="0 0 0">
    <inertial diaginertia="9.841500000000004e-05 0.0002460375000000001 0.0002460375000000001" mass="0.07290000000000002" pos="0 0 0" quat="1 0 0 0"/>
    <freejoint name="cuboid_211_fillet_5_normal_1"/>
    <geom mesh="cuboid_211_fillet_5_normal_1" name="cuboid_211_fillet_5_normal_1_geom" type="mesh"/>
  </body>
  <body name="cylinder_14_fillet_25_normal_15" pos="0 0 0">
    <inertial diaginertia="0.0004368599999999999 0.0004368599999999999 9.719999999999998e-06" mass="0.021599999999999998" pos="0 0 0" quat="0.683 0.683 0.183 0.183"/>
    <freejoint name="cylinder_14_fillet_25_normal_15"/>
    <geom mesh="cylinder_14_fillet_25_normal_15" name="cylinder_14_fillet_25_normal_15_geom" type="mesh"/>
  </body>
  <body name="cylinder_12_fillet_25_upright_9" pos="0 0 0">
    <inertial diaginertia="0.00029150904849913707 0.00029150904849913707 1.3724052850002968e-05" mass="0.026567055393585996" pos="0 0 0" quat="0 0.01 0 0"/>
    <freejoint name="cylinder_12_fillet_25_upright_9"/>
    <geom mesh="cylinder_12_fillet_25_upright_9" name="cylinder_12_fillet_25_upright_9_geom" type="mesh"/>
  </body>
  <body name="cylinder_12_fillet_15_sideways_7" pos="0 0 0">
    <inertial diaginertia="0.0013637115404295833 0.0013637115404295833 9.314069851847447e-05" mass="0.08381807580174928" pos="0 0 0" quat="0.683 0.683 0.183 0.183"/>
    <freejoint name="cylinder_12_fillet_15_sideways_7"/>
    <geom mesh="cylinder_12_fillet_15_sideways_7" name="cylinder_12_fillet_15_sideways_7_geom" type="mesh"/>
  </body>
  <body name="cuboid_311_fillet_5_normal_7" pos="0 0 0">
    <inertial diaginertia="1.933817708333334e-05 9.669088541666669e-05 9.669088541666669e-05" mass="0.027462500000000004" pos="0 0 0" quat="1 0 0 0"/>
    <freejoint name="cuboid_311_fillet_5_normal_7"/>
    <geom mesh="cuboid_311_fillet_5_normal_7" name="cuboid_311_fillet_5_normal_7_geom" type="mesh"/>
  </body>
  <body name="cuboid_321_fillet_5_normal_9" pos="0 0 0">
    <inertial diaginertia="4.266666666666669e-06 1.1093333333333338e-05 8.533333333333335e-06" mass="0.006400000000000002" pos="0 0 0" quat="0.7071 0.7071 0 0"/>
    <freejoint name="cuboid_321_fillet_5_normal_9"/>
    <geom mesh="cuboid_321_fillet_5_normal_9" name="cuboid_321_fillet_5_normal_9_geom" type="mesh"/>
  </body>
  <body name="cylinder_12_fillet_15_sideways_13" pos="0 0 0">
    <inertial diaginertia="0.00037796183018980195 0.00037796183018980195 1.8950732432914862e-05" mass="0.032242565597667645" pos="0 0 0" quat="0.683 0.683 0.183 0.183"/>
    <freejoint name="cylinder_12_fillet_15_sideways_13"/>
    <geom mesh="cylinder_12_fillet_15_sideways_13" name="cylinder_12_fillet_15_sideways_13_geom" type="mesh"/>
  </body>
  <body name="cylinder_12_fillet_25_upright_3" pos="0 0 0">
    <inertial diaginertia="0.00037796183018980195 0.00037796183018980195 1.8950732432914862e-05" mass="0.032242565597667645" pos="0 0 0" quat="0 0.01 0 0"/>
    <freejoint name="cylinder_12_fillet_25_upright_3"/>
    <geom mesh="cylinder_12_fillet_25_upright_3" name="cylinder_12_fillet_25_upright_3_geom" type="mesh"/>
  </body>
  <body name="cylinder_11_fillet_15_normal_6" pos="0 0 0">
    <inertial diaginertia="0.0015832150325520828 0.0015832150325520828 0.0002514196484374999" mass="0.15208749999999996" pos="0 0 0" quat="1 0 0 0"/>
    <freejoint name="cylinder_11_fillet_15_normal_6"/>
    <geom mesh="cylinder_11_fillet_15_normal_6" name="cylinder_11_fillet_15_normal_6_geom" type="mesh"/>
  </body>
  <body name="cuboid_311_fillet_25_normal_8" pos="0 0 0">
    <inertial diaginertia="1.5894571940104164e-05 7.947285970052082e-05 7.947285970052082e-05" mass="0.0244140625" pos="0 0 0" quat="1 0 0 0"/>
    <freejoint name="cuboid_311_fillet_25_normal_8"/>
    <geom mesh="cuboid_311_fillet_25_normal_8" name="cuboid_311_fillet_25_normal_8_geom" type="mesh"/>
  </body>
  <body name="cuboid_311_fillet_45_thinner_9" pos="0 0 0">
    <inertial diaginertia="2.5919999999999996e-05 0.0004795199999999999 0.0004795199999999999" mass="0.043199999999999995" pos="0 0 0" quat="1 0 0 0"/>
    <freejoint name="cuboid_311_fillet_45_thinner_9"/>
    <geom mesh="cuboid_311_fillet_45_thinner_9" name="cuboid_311_fillet_45_thinner_9_geom" type="mesh"/>
  </body>
  <body name="cylinder_13_fillet_25_sideways_6" pos="0 0 0">
    <inertial diaginertia="0.0010074973540960888 0.0010074973540960888 3.916379138668041e-05" mass="0.049840779883381925" pos="0 0 0" quat="0.683 0.683 0.183 0.183"/>
    <freejoint name="cylinder_13_fillet_25_sideways_6"/>
    <geom mesh="cylinder_13_fillet_25_sideways_6" name="cylinder_13_fillet_25_sideways_6_geom" type="mesh"/>
  </body>
  <body name="cuboid_311_fillet_25_thinner_9" pos="0 0 0">
    <inertial diaginertia="2.5919999999999996e-05 0.0004795199999999999 0.0004795199999999999" mass="0.043199999999999995" pos="0 0 0" quat="1 0 0 0"/>
    <freejoint name="cuboid_311_fillet_25_thinner_9"/>
    <geom mesh="cuboid_311_fillet_25_thinner_9" name="cuboid_311_fillet_25_thinner_9_geom" type="mesh"/>
  </body>
  <body name="sphere_normal_85" pos="0 0 0">
    <inertial diaginertia="6.1004096204054326e-05 6.1004096204054326e-05 6.1004096204054326e-05" mass="0.07433877467942192" pos="0 0 0" quat="1 0 0 0"/>
    <freejoint name="sphere_normal_85"/>
    <geom mesh="sphere_normal_85" name="sphere_normal_85_geom" type="mesh"/>
  </body>
  <body name="cylinder_21_fillet_15_normal_7" pos="0 0 0">
    <inertial diaginertia="0.000222144696852502 0.000222144696852502 7.580292973165945e-05" mass="0.032242565597667645" pos="0 0 0" quat="1 0 0 0"/>
    <freejoint name="cylinder_21_fillet_15_normal_7"/>
    <geom mesh="cylinder_21_fillet_15_normal_7" name="cylinder_21_fillet_15_normal_7_geom" type="mesh"/>
  </body>
  <body name="cuboid_311_fillet_45_thinner_1" pos="0 0 0">
    <inertial diaginertia="8.192000000000004e-05 0.0008704000000000001 0.0008704000000000001" mass="0.07680000000000001" pos="0 0 0" quat="1 0 0 0"/>
    <freejoint name="cuboid_311_fillet_45_thinner_1"/>
    <geom mesh="cuboid_311_fillet_45_thinner_1" name="cuboid_311_fillet_45_thinner_1_geom" type="mesh"/>
  </body>
  <body name="cylinder_11_fillet_45_normal_14" pos="0 0 0">
    <inertial diaginertia="0.0002785034179687501 0.0002785034179687501 2.966308593750001e-05" mass="0.0421875" pos="0 0 0" quat="1 0 0 0"/>
    <freejoint name="cylinder_11_fillet_45_normal_14"/>
    <geom mesh="cylinder_11_fillet_45_normal_14" name="cylinder_11_fillet_45_normal_14_geom" type="mesh"/>
  </body>
  <body name="cylinder_21_fillet_45_normal_14" pos="0 0 0">
    <inertial diaginertia="3.396087180781571e-05 3.396087180781571e-05 7.85197667824419e-06" mass="0.00827190233236152" pos="0 0 0" quat="1 0 0 0"/>
    <freejoint name="cylinder_21_fillet_45_normal_14"/>
    <geom mesh="cylinder_21_fillet_45_normal_14" name="cylinder_21_fillet_45_normal_14_geom" type="mesh"/>
  </body>
  <body name="cuboid_211_fillet_15_normal_1" pos="0 0 0">
    <inertial diaginertia="9.841500000000004e-05 0.0002460375000000001 0.0002460375000000001" mass="0.07290000000000002" pos="0 0 0" quat="1 0 0 0"/>
    <freejoint name="cuboid_211_fillet_15_normal_1"/>
    <geom mesh="cuboid_211_fillet_15_normal_1" name="cuboid_211_fillet_15_normal_1_geom" type="mesh"/>
  </body>
  <body name="sphere_normal_52" pos="0 0 0">
    <inertial diaginertia="0.00016105099999999992 0.00016105099999999992 0.00016105099999999992" mass="0.13309999999999994" pos="0 0 0" quat="1 0 0 0"/>
    <freejoint name="sphere_normal_52"/>
    <geom mesh="sphere_normal_52" name="sphere_normal_52_geom" type="mesh"/>
  </body>
  <body name="ground" pos="0 0 0">
    <geom name="ground_geom" size="1 1 1" type="plane"/>
  </body>
</mujoco>