<mujoco><body name="cylinder_11_fillet_25_normal_15" pos="0 0 0">
    <inertial diaginertia="0.00021058770833333327 0.00021058770833333327 2.1008749999999994e-05" mass="0.0343" pos="0 0 0" quat="1 0 0 0"/>
    <freejoint name="cylinder_11_fillet_25_normal_15"/>
    <geom mesh="cylinder_11_fillet_25_normal_15" name="cylinder_11_fillet_25_normal_15_geom" type="mesh"/>
  </body>
  <body name="cylinder_12_fillet_5_sideways_15" pos="0 0 0">
    <inertial diaginertia="0.00022085999999999997 0.00022085999999999997 9.719999999999998e-06" mass="0.021599999999999998" pos="0 0 0" quat="0.683 0.683 0.183 0.183"/>
    <freejoint name="cylinder_12_fillet_5_sideways_15"/>
    <geom mesh="cylinder_12_fillet_5_sideways_15" name="cylinder_12_fillet_5_sideways_15_geom" type="mesh"/>
  </body>
  <body name="sphere_normal_26" pos="0 0 0">
    <inertial diaginertia="0.0003087830199048215 0.0003087830199048215 0.0003087830199048215" mass="0.19669442295949524" pos="0 0 0" quat="1 0 0 0"/>
    <freejoint name="sphere_normal_26"/>
    <geom mesh="sphere_normal_26" name="sphere_normal_26_geom" type="mesh"/>
  </body>
  <body name="cuboid_211_fillet_25_normal_8" pos="0 0 0">
    <inertial diaginertia="1.754889175415039e-05 4.387222938537597e-05 4.387222938537597e-05" mass="0.025908398437499997" pos="0 0 0" quat="1 0 0 0"/>
    <freejoint name="cuboid_211_fillet_25_normal_8"/>
    <geom mesh="cuboid_211_fillet_25_normal_8" name="cuboid_211_fillet_25_normal_8_geom" type="mesh"/>
  </body>
  <body name="cuboid_311_fillet_15_thinner_9" pos="0 0 0">
    <inertial diaginertia="2.5919999999999996e-05 0.0004795199999999999 0.0004795199999999999" mass="0.043199999999999995" pos="0 0 0" quat="1 0 0 0"/>
    <freejoint name="cuboid_311_fillet_15_thinner_9"/>
    <geom mesh="cuboid_311_fillet_15_thinner_9" name="cuboid_311_fillet_15_thinner_9_geom" type="mesh"/>
  </body>
  <body name="cuboid_311_fillet_45_normal_1" pos="0 0 0">
    <inertial diaginertia="5.4613333333333375e-05 0.0002730666666666667 0.0002730666666666667" mass="0.051200000000000016" pos="0 0 0" quat="1 0 0 0"/>
    <freejoint name="cuboid_311_fillet_45_normal_1"/>
    <geom mesh="cuboid_311_fillet_45_normal_1" name="cuboid_311_fillet_45_normal_1_geom" type="mesh"/>
  </body>
  <body name="cylinder_12_fillet_25_sideways_8" pos="0 0 0">
    <inertial diaginertia="0.0011304056249999996 0.0011304056249999996 7.381124999999998e-05" mass="0.07289999999999998" pos="0 0 0" quat="0.683 0.683 0.183 0.183"/>
    <freejoint name="cylinder_12_fillet_25_sideways_8"/>
    <geom mesh="cylinder_12_fillet_25_sideways_8" name="cylinder_12_fillet_25_sideways_8_geom" type="mesh"/>
  </body>
  <body name="cylinder_12_fillet_25_upright_1" pos="0 0 0">
    <inertial diaginertia="0.0004106710416666666 0.0004106710416666666 2.1008749999999994e-05" mass="0.0343" pos="0 0 0" quat="0 0.01 0 0"/>
    <freejoint name="cylinder_12_fillet_25_upright_1"/>
    <geom mesh="cylinder_12_fillet_25_upright_1" name="cylinder_12_fillet_25_upright_1_geom" type="mesh"/>
  </body>
  <body name="cylinder_13_fillet_5_sideways_11" pos="0 0 0">
    <inertial diaginertia="0.0005622050621764741 0.0005622050621764741 1.8950732432914862e-05" mass="0.032242565597667645" pos="0 0 0" quat="0.683 0.683 0.183 0.183"/>
    <freejoint name="cylinder_13_fillet_5_sideways_11"/>
    <geom mesh="cylinder_13_fillet_5_sideways_11" name="cylinder_13_fillet_5_sideways_11_geom" type="mesh"/>
  </body>
  <body name="cylinder_21_fillet_35_normal_13" pos="0 0 0">
    <inertial diaginertia="4.698195588147798e-05 4.698195588147798e-05 1.1642587314809316e-05" mass="0.010477259475218662" pos="0 0 0" quat="1 0 0 0"/>
    <freejoint name="cylinder_21_fillet_35_normal_13"/>
    <geom mesh="cylinder_21_fillet_35_normal_13" name="cylinder_21_fillet_35_normal_13_geom" type="mesh"/>
  </body>
  <body name="cuboid_211_fillet_25_normal_4" pos="0 0 0">
    <inertial diaginertia="5.04779328918457e-05 0.00012619483222961426 0.00012619483222961426" mass="0.0488373046875" pos="0 0 0" quat="1 0 0 0"/>
    <freejoint name="cuboid_211_fillet_25_normal_4"/>
    <geom mesh="cuboid_211_fillet_25_normal_4" name="cuboid_211_fillet_25_normal_4_geom" type="mesh"/>
  </body>
  <body name="cuboid_211_fillet_5_upright_1" pos="0 0 0">
    <inertial diaginertia="2.8011666666666658e-05 7.002916666666664e-05 7.002916666666664e-05" mass="0.0343" pos="0 0 0" quat="0.707 0 0.707 0"/>
    <freejoint name="cuboid_211_fillet_5_upright_1"/>
    <geom mesh="cuboid_211_fillet_5_upright_1" name="cuboid_211_fillet_5_upright_1_geom" type="mesh"/>
  </body>
  <body name="cylinder_12_fillet_25_sideways_7" pos="0 0 0">
    <inertial diaginertia="0.0013637115404295833 0.0013637115404295833 9.314069851847447e-05" mass="0.08381807580174928" pos="0 0 0" quat="0.683 0.683 0.183 0.183"/>
    <freejoint name="cylinder_12_fillet_25_sideways_7"/>
    <geom mesh="cylinder_12_fillet_25_sideways_7" name="cylinder_12_fillet_25_sideways_7_geom" type="mesh"/>
  </body>
  <body name="cuboid_311_fillet_45_normal_9" pos="0 0 0">
    <inertial diaginertia="1.2959999999999998e-05 6.479999999999999e-05 6.479999999999999e-05" mass="0.021599999999999998" pos="0 0 0" quat="1 0 0 0"/>
    <freejoint name="cuboid_311_fillet_45_normal_9"/>
    <geom mesh="cuboid_311_fillet_45_normal_9" name="cuboid_311_fillet_45_normal_9_geom" type="mesh"/>
  </body>
  <body name="cuboid_311_fillet_5_thinner_8" pos="0 0 0">
    <inertial diaginertia="3.0517578125e-05 0.0005215087890625 0.0005215087890625" mass="0.046875" pos="0 0 0" quat="1 0 0 0"/>
    <freejoint name="cuboid_311_fillet_5_thinner_8"/>
    <geom mesh="cuboid_311_fillet_5_thinner_8" name="cuboid_311_fillet_5_thinner_8_geom" type="mesh"/>
  </body>
  <body name="cuboid_311_fillet_25_thinner_5" pos="0 0 0">
    <inertial diaginertia="4.801999999999998e-05 0.0006590499999999998 0.0006590499999999998" mass="0.05879999999999999" pos="0 0 0" quat="1 0 0 0"/>
    <freejoint name="cuboid_311_fillet_25_thinner_5"/>
    <geom mesh="cuboid_311_fillet_25_thinner_5" name="cuboid_311_fillet_25_thinner_5_geom" type="mesh"/>
  </body>
  <body name="cylinder_12_fillet_25_sideways_13" pos="0 0 0">
    <inertial diaginertia="0.00037796183018980195 0.00037796183018980195 1.8950732432914862e-05" mass="0.032242565597667645" pos="0 0 0" quat="0.683 0.683 0.183 0.183"/>
    <freejoint name="cylinder_12_fillet_25_sideways_13"/>
    <geom mesh="cylinder_12_fillet_25_sideways_13" name="cylinder_12_fillet_25_sideways_13_geom" type="mesh"/>
  </body>
  <body name="cylinder_11_fillet_45_normal_15" pos="0 0 0">
    <inertial diaginertia="0.00021058770833333327 0.00021058770833333327 2.1008749999999994e-05" mass="0.0343" pos="0 0 0" quat="1 0 0 0"/>
    <freejoint name="cylinder_11_fillet_45_normal_15"/>
    <geom mesh="cylinder_11_fillet_45_normal_15" name="cylinder_11_fillet_45_normal_15_geom" type="mesh"/>
  </body>
  <body name="cuboid_211_fillet_25_normal_7" pos="0 0 0">
    <inertial diaginertia="2.3354340820312507e-05 5.8385852050781267e-05 5.8385852050781267e-05" mass="0.030754687500000006" pos="0 0 0" quat="1 0 0 0"/>
    <freejoint name="cuboid_211_fillet_25_normal_7"/>
    <geom mesh="cuboid_211_fillet_25_normal_7" name="cuboid_211_fillet_25_normal_7_geom" type="mesh"/>
  </body>
  <body name="cylinder_12_fillet_25_sideways_5" pos="0 0 0">
    <inertial diaginertia="0.0019374162860712795 0.0019374162860712795 0.00014390712441244714" mass="0.10881865889212826" pos="0 0 0" quat="0.683 0.683 0.183 0.183"/>
    <freejoint name="cylinder_12_fillet_25_sideways_5"/>
    <geom mesh="cylinder_12_fillet_25_sideways_5" name="cylinder_12_fillet_25_sideways_5_geom" type="mesh"/>
  </body>
  <body name="ground" pos="0 0 0">
    <geom name="ground_geom" size="1 1 1" type="plane"/>
  </body>
</mujoco>