<mujoco><body name="sphere_normal_39" pos="0 0 0">
    <inertial diaginertia="0.00022537480887159747 0.00022537480887159747 0.00022537480887159747" mass="0.1628332994097292" pos="0 0 0" quat="1 0 0 0"/>
    <freejoint name="sphere_normal_39"/>
    <geom mesh="sphere_normal_39" name="sphere_normal_39_geom" type="mesh"/>
  </body>
  <body name="cube_fillet_15_normal_4" pos="0 0 0">
    <inertial diaginertia="0.0004664990952182619 0.0004664990952182619 0.0004664990952182619" mass="0.1854390670553935" pos="0 0 0" quat="1 0 0 0"/>
    <freejoint name="cube_fillet_15_normal_4"/>
    <geom mesh="cube_fillet_15_normal_4" name="cube_fillet_15_normal_4_geom" type="mesh"/>
  </body>
  <body name="cube_fillet_5_normal_7" pos="0 0 0">
    <inertial diaginertia="0.00022004785942365268 0.00022004785942365268 0.00022004785942365268" mass="0.11814110787172005" pos="0 0 0" quat="1 0 0 0"/>
    <freejoint name="cube_fillet_5_normal_7"/>
    <geom mesh="cube_fillet_5_normal_7" name="cube_fillet_5_normal_7_geom" type="mesh"/>
  </body>
  <body name="cuboid_211_fillet_45_upright_7" pos="0 0 0">
    <inertial diaginertia="8.38807291666667e-06 2.0970182291666673e-05 2.0970182291666673e-05" mass="0.016637500000000003" pos="0 0 0" quat="0.707 0 0.707 0"/>
    <freejoint name="cuboid_211_fillet_45_upright_7"/>
    <geom mesh="cuboid_211_fillet_45_upright_7" name="cuboid_211_fillet_45_upright_7_geom" type="mesh"/>
  </body>
  <body name="cuboid_311_fillet_45_normal_3" pos="0 0 0">
    <inertial diaginertia="3.9550781250000015e-05 0.00019775390624999999 0.00019775390624999999" mass="0.0421875" pos="0 0 0" quat="1 0 0 0"/>
    <freejoint name="cuboid_311_fillet_45_normal_3"/>
    <geom mesh="cuboid_311_fillet_45_normal_3" name="cuboid_311_fillet_45_normal_3_geom" type="mesh"/>
  </body>
  <body name="cylinder_11_fillet_35_normal_5" pos="0 0 0">
    <inertial diaginertia="0.0018835199999999996 0.0018835199999999996 0.00031103999999999995" mass="0.17279999999999998" pos="0 0 0" quat="1 0 0 0"/>
    <freejoint name="cylinder_11_fillet_35_normal_5"/>
    <geom mesh="cylinder_11_fillet_35_normal_5" name="cylinder_11_fillet_35_normal_5_geom" type="mesh"/>
  </body>
  <body name="cylinder_21_fillet_35_normal_1" pos="0 0 0">
    <inertial diaginertia="0.0006943725000000002 0.0006943725000000002 0.00029524500000000013" mass="0.07290000000000002" pos="0 0 0" quat="1 0 0 0"/>
    <freejoint name="cylinder_21_fillet_35_normal_1"/>
    <geom mesh="cylinder_21_fillet_35_normal_1" name="cylinder_21_fillet_35_normal_1_geom" type="mesh"/>
  </body>
  <body name="cube_fillet_5_normal_6" pos="0 0 0">
    <inertial diaginertia="0.00028630673409888737 0.00028630673409888737 0.00028630673409888737" mass="0.1383533527696793" pos="0 0 0" quat="1 0 0 0"/>
    <freejoint name="cube_fillet_5_normal_6"/>
    <geom mesh="cube_fillet_5_normal_6" name="cube_fillet_5_normal_6_geom" type="mesh"/>
  </body>
  <body name="cuboid_311_fillet_35_thinner_2" pos="0 0 0">
    <inertial diaginertia="7.215007812500002e-05 0.0008144850390624999 0.0008144850390624999" mass="0.072075" pos="0 0 0" quat="1 0 0 0"/>
    <freejoint name="cuboid_311_fillet_35_thinner_2"/>
    <geom mesh="cuboid_311_fillet_35_thinner_2" name="cuboid_311_fillet_35_thinner_2_geom" type="mesh"/>
  </body>
  <body name="sphere_normal_70" pos="0 0 0">
    <inertial diaginertia="9.709322266185959e-05 9.709322266185959e-05 9.709322266185959e-05" mass="0.09824565438632198" pos="0 0 0" quat="1 0 0 0"/>
    <freejoint name="sphere_normal_70"/>
    <geom mesh="sphere_normal_70" name="sphere_normal_70_geom" type="mesh"/>
  </body>
  <body name="cuboid_221_fillet_25_normal_1" pos="0 0 0">
    <inertial diaginertia="7.002916666666664e-05 0.00011204666666666663 7.002916666666664e-05" mass="0.0343" pos="0 0 0" quat="0.7071 0.7071 0 0"/>
    <freejoint name="cuboid_221_fillet_25_normal_1"/>
    <geom mesh="cuboid_221_fillet_25_normal_1" name="cuboid_221_fillet_25_normal_1_geom" type="mesh"/>
  </body>
  <body name="sphere_normal_9" pos="0 0 0">
    <inertial diaginertia="0.00045330924170532654 0.00045330924170532654 0.00045330924170532654" mass="0.24764909423977197" pos="0 0 0" quat="1 0 0 0"/>
    <freejoint name="sphere_normal_9"/>
    <geom mesh="sphere_normal_9" name="sphere_normal_9_geom" type="mesh"/>
  </body>
  <body name="cuboid_211_fillet_15_normal_5" pos="0 0 0">
    <inertial diaginertia="3.9550781250000015e-05 9.887695312500003e-05 9.887695312500003e-05" mass="0.0421875" pos="0 0 0" quat="1 0 0 0"/>
    <freejoint name="cuboid_211_fillet_15_normal_5"/>
    <geom mesh="cuboid_211_fillet_15_normal_5" name="cuboid_211_fillet_15_normal_5_geom" type="mesh"/>
  </body>
  <body name="cylinder_11_fillet_25_normal_14" pos="0 0 0">
    <inertial diaginertia="0.0002785034179687501 0.0002785034179687501 2.966308593750001e-05" mass="0.0421875" pos="0 0 0" quat="1 0 0 0"/>
    <freejoint name="cylinder_11_fillet_25_normal_14"/>
    <geom mesh="cylinder_11_fillet_25_normal_14" name="cylinder_11_fillet_25_normal_14_geom" type="mesh"/>
  </body>
  <body name="cylinder_14_fillet_5_normal_5" pos="0 0 0">
    <inertial diaginertia="0.0014878756789209855 0.0014878756789209855 4.475010836258703e-05" mass="0.05399212827988339" pos="0 0 0" quat="0.683 0.683 0.183 0.183"/>
    <freejoint name="cylinder_14_fillet_5_normal_5"/>
    <geom mesh="cylinder_14_fillet_5_normal_5" name="cylinder_14_fillet_5_normal_5_geom" type="mesh"/>
  </body>
  <body name="cylinder_12_fillet_15_upright_2" pos="0 0 0">
    <inertial diaginertia="0.0003940609009526505 0.0003940609009526505 1.99585279222385e-05" mass="0.033260677842565596" pos="0 0 0" quat="0 0.01 0 0"/>
    <freejoint name="cylinder_12_fillet_15_upright_2"/>
    <geom mesh="cylinder_12_fillet_15_upright_2" name="cylinder_12_fillet_15_upright_2_geom" type="mesh"/>
  </body>
  <body name="cylinder_11_fillet_15_normal_11" pos="0 0 0">
    <inertial diaginertia="0.0005836556249999998 0.0005836556249999998 7.381124999999998e-05" mass="0.07289999999999998" pos="0 0 0" quat="1 0 0 0"/>
    <freejoint name="cylinder_11_fillet_15_normal_11"/>
    <geom mesh="cylinder_11_fillet_15_normal_11" name="cylinder_11_fillet_15_normal_11_geom" type="mesh"/>
  </body>
  <body name="cuboid_211_fillet_45_normal_1" pos="0 0 0">
    <inertial diaginertia="9.841500000000004e-05 0.0002460375000000001 0.0002460375000000001" mass="0.07290000000000002" pos="0 0 0" quat="1 0 0 0"/>
    <freejoint name="cuboid_211_fillet_45_normal_1"/>
    <geom mesh="cuboid_211_fillet_45_normal_1" name="cuboid_211_fillet_45_normal_1_geom" type="mesh"/>
  </body>
  <body name="cylinder_11_fillet_15_normal_1" pos="0 0 0">
    <inertial diaginertia="0.0035374733333333325 0.0035374733333333325 0.0006722799999999998" mass="0.2744" pos="0 0 0" quat="1 0 0 0"/>
    <freejoint name="cylinder_11_fillet_15_normal_1"/>
    <geom mesh="cylinder_11_fillet_15_normal_1" name="cylinder_11_fillet_15_normal_1_geom" type="mesh"/>
  </body>
  <body name="cuboid_321_fillet_15_normal_1" pos="0 0 0">
    <inertial diaginertia="1.3020833333333336e-05 3.3854166666666665e-05 2.604166666666667e-05" mass="0.0125" pos="0 0 0" quat="0.7071 0.7071 0 0"/>
    <freejoint name="cuboid_321_fillet_15_normal_1"/>
    <geom mesh="cuboid_321_fillet_15_normal_1" name="cuboid_321_fillet_15_normal_1_geom" type="mesh"/>
  </body>
  <body name="ground" pos="0 0 0">
    <geom name="ground_geom" size="1 1 1" type="plane"/>
  </body>
</mujoco>