<mujoco><body name="cylinder_14_fillet_5_normal_9" pos="0 0 0">
    <inertial diaginertia="0.0009520503231912296 0.0009520503231912296 2.5660829639435942e-05" mass="0.0386737609329446" pos="0 0 0" quat="0.683 0.683 0.183 0.183"/>
    <freejoint name="cylinder_14_fillet_5_normal_9"/>
    <geom mesh="cylinder_14_fillet_5_normal_9" name="cylinder_14_fillet_5_normal_9_geom" type="mesh"/>
  </body>
  <body name="cylinder_13_fillet_5_sideways_14" pos="0 0 0">
    <inertial diaginertia="0.00037861697182419335 0.00037861697182419335 1.15842013535097e-05" mass="0.023997922740524782" pos="0 0 0" quat="0.683 0.683 0.183 0.183"/>
    <freejoint name="cylinder_13_fillet_5_sideways_14"/>
    <geom mesh="cylinder_13_fillet_5_sideways_14" name="cylinder_13_fillet_5_sideways_14_geom" type="mesh"/>
  </body>
  <body name="cylinder_13_fillet_5_sideways_4" pos="0 0 0">
    <inertial diaginertia="0.0012449487633930897 0.0012449487633930897 5.0956447548361555e-05" mass="0.05836782069970846" pos="0 0 0" quat="0.683 0.683 0.183 0.183"/>
    <freejoint name="cylinder_13_fillet_5_sideways_4"/>
    <geom mesh="cylinder_13_fillet_5_sideways_4" name="cylinder_13_fillet_5_sideways_4_geom" type="mesh"/>
  </body>
  <body name="cylinder_13_fillet_15_sideways_15" pos="0 0 0">
    <inertial diaginertia="0.00032885999999999994 0.00032885999999999994 9.719999999999998e-06" mass="0.021599999999999998" pos="0 0 0" quat="0.683 0.683 0.183 0.183"/>
    <freejoint name="cylinder_13_fillet_15_sideways_15"/>
    <geom mesh="cylinder_13_fillet_15_sideways_15" name="cylinder_13_fillet_15_sideways_15_geom" type="mesh"/>
  </body>
  <body name="cuboid_221_fillet_35_normal_7" pos="0 0 0">
    <inertial diaginertia="1.0075272623697915e-05 1.6120436197916666e-05 1.0075272623697915e-05" mass="0.0107171875" pos="0 0 0" quat="0.7071 0.7071 0 0"/>
    <freejoint name="cuboid_221_fillet_35_normal_7"/>
    <geom mesh="cuboid_221_fillet_35_normal_7" name="cuboid_221_fillet_35_normal_7_geom" type="mesh"/>
  </body>
  <body name="sphere_normal_101" pos="0 0 0">
    <inertial diaginertia="3.5249326635006193e-05 3.5249326635006193e-05 3.5249326635006193e-05" mass="0.05349220435579074" pos="0 0 0" quat="1 0 0 0"/>
    <freejoint name="sphere_normal_101"/>
    <geom mesh="sphere_normal_101" name="sphere_normal_101_geom" type="mesh"/>
  </body>
  <body name="cylinder_12_fillet_5_sideways_11" pos="0 0 0">
    <inertial diaginertia="0.0006073189825667874 0.0006073189825667874 3.414983518771939e-05" mass="0.04590787172011661" pos="0 0 0" quat="0.683 0.683 0.183 0.183"/>
    <freejoint name="cylinder_12_fillet_5_sideways_11"/>
    <geom mesh="cylinder_12_fillet_5_sideways_11" name="cylinder_12_fillet_5_sideways_11_geom" type="mesh"/>
  </body>
  <body name="cuboid_211_fillet_15_normal_7" pos="0 0 0">
    <inertial diaginertia="2.3354340820312507e-05 5.8385852050781267e-05 5.8385852050781267e-05" mass="0.030754687500000006" pos="0 0 0" quat="1 0 0 0"/>
    <freejoint name="cuboid_211_fillet_15_normal_7"/>
    <geom mesh="cuboid_211_fillet_15_normal_7" name="cuboid_211_fillet_15_normal_7_geom" type="mesh"/>
  </body>
  <body name="cuboid_321_fillet_5_normal_2" pos="0 0 0">
    <inertial diaginertia="1.1472600173950195e-05 2.9828760452270503e-05 2.2945200347900387e-05" mass="0.0115857421875" pos="0 0 0" quat="0.7071 0.7071 0 0"/>
    <freejoint name="cuboid_321_fillet_5_normal_2"/>
    <geom mesh="cuboid_321_fillet_5_normal_2" name="cuboid_321_fillet_5_normal_2_geom" type="mesh"/>
  </body>
  <body name="cylinder_11_fillet_35_normal_7" pos="0 0 0">
    <inertial diaginertia="0.0013207402083333325 0.0013207402083333325 0.00020131374999999988" mass="0.13309999999999994" pos="0 0 0" quat="1 0 0 0"/>
    <freejoint name="cylinder_11_fillet_35_normal_7"/>
    <geom mesh="cylinder_11_fillet_35_normal_7" name="cylinder_11_fillet_35_normal_7_geom" type="mesh"/>
  </body>
  <body name="cuboid_221_fillet_25_normal_9" pos="0 0 0">
    <inertial diaginertia="4.266666666666669e-06 6.826666666666672e-06 4.266666666666669e-06" mass="0.006400000000000002" pos="0 0 0" quat="0.7071 0.7071 0 0"/>
    <freejoint name="cuboid_221_fillet_25_normal_9"/>
    <geom mesh="cuboid_221_fillet_25_normal_9" name="cuboid_221_fillet_25_normal_9_geom" type="mesh"/>
  </body>
  <body name="cylinder_14_fillet_25_normal_9" pos="0 0 0">
    <inertial diaginertia="0.0009520503231912296 0.0009520503231912296 2.5660829639435942e-05" mass="0.0386737609329446" pos="0 0 0" quat="0.683 0.683 0.183 0.183"/>
    <freejoint name="cylinder_14_fillet_25_normal_9"/>
    <geom mesh="cylinder_14_fillet_25_normal_9" name="cylinder_14_fillet_25_normal_9_geom" type="mesh"/>
  </body>
  <body name="sphere_normal_107" pos="0 0 0">
    <inertial diaginertia="2.8224421495967536e-05 2.8224421495967536e-05 2.8224421495967536e-05" mass="0.046813922247099515" pos="0 0 0" quat="1 0 0 0"/>
    <freejoint name="sphere_normal_107"/>
    <geom mesh="sphere_normal_107" name="sphere_normal_107_geom" type="mesh"/>
  </body>
  <body name="sphere_normal_22" pos="0 0 0">
    <inertial diaginertia="0.000338886339157394 0.000338886339157394 0.000338886339157394" mass="0.2079852025239161" pos="0 0 0" quat="1 0 0 0"/>
    <freejoint name="sphere_normal_22"/>
    <geom mesh="sphere_normal_22" name="sphere_normal_22_geom" type="mesh"/>
  </body>
  <body name="cylinder_11_fillet_5_normal_15" pos="0 0 0">
    <inertial diaginertia="0.00021058770833333327 0.00021058770833333327 2.1008749999999994e-05" mass="0.0343" pos="0 0 0" quat="1 0 0 0"/>
    <freejoint name="cylinder_11_fillet_5_normal_15"/>
    <geom mesh="cylinder_11_fillet_5_normal_15" name="cylinder_11_fillet_5_normal_15_geom" type="mesh"/>
  </body>
  <body name="sphere_normal_91" pos="0 0 0">
    <inertial diaginertia="5.001081937688089e-05 5.001081937688089e-05 5.001081937688089e-05" mass="0.06598396092000812" pos="0 0 0" quat="1 0 0 0"/>
    <freejoint name="sphere_normal_91"/>
    <geom mesh="sphere_normal_91" name="sphere_normal_91_geom" type="mesh"/>
  </body>
  <body name="cylinder_12_fillet_5_sideways_12" pos="0 0 0">
    <inertial diaginertia="0.0004824403690054738 0.0004824403690054738 2.5660829639435942e-05" mass="0.0386737609329446" pos="0 0 0" quat="0.683 0.683 0.183 0.183"/>
    <freejoint name="cylinder_12_fillet_5_sideways_12"/>
    <geom mesh="cylinder_12_fillet_5_sideways_12" name="cylinder_12_fillet_5_sideways_12_geom" type="mesh"/>
  </body>
  <body name="cube_fillet_35_normal_12" pos="0 0 0">
    <inertial diaginertia="4.5533113583625855e-05 4.5533113583625855e-05 4.5533113583625855e-05" mass="0.04590787172011661" pos="0 0 0" quat="1 0 0 0"/>
    <freejoint name="cube_fillet_35_normal_12"/>
    <geom mesh="cube_fillet_35_normal_12" name="cube_fillet_35_normal_12_geom" type="mesh"/>
  </body>
  <body name="cuboid_311_fillet_25_normal_3" pos="0 0 0">
    <inertial diaginertia="3.9550781250000015e-05 0.00019775390624999999 0.00019775390624999999" mass="0.0421875" pos="0 0 0" quat="1 0 0 0"/>
    <freejoint name="cuboid_311_fillet_25_normal_3"/>
    <geom mesh="cuboid_311_fillet_25_normal_3" name="cuboid_311_fillet_25_normal_3_geom" type="mesh"/>
  </body>
  <body name="cuboid_321_fillet_25_normal_1" pos="0 0 0">
    <inertial diaginertia="1.3020833333333336e-05 3.3854166666666665e-05 2.604166666666667e-05" mass="0.0125" pos="0 0 0" quat="0.7071 0.7071 0 0"/>
    <freejoint name="cuboid_321_fillet_25_normal_1"/>
    <geom mesh="cuboid_321_fillet_25_normal_1" name="cuboid_321_fillet_25_normal_1_geom" type="mesh"/>
  </body>
  <body name="ground" pos="0 0 0">
    <geom name="ground_geom" size="1 1 1" type="plane"/>
  </body>
</mujoco>