<mujoco><body name="sphere_normal_69" pos="0 0 0">
    <inertial diaginertia="9.999999999999995e-05 9.999999999999995e-05 9.999999999999995e-05" mass="0.09999999999999996" pos="0 0 0" quat="1 0 0 0"/>
    <freejoint name="sphere_normal_69"/>
    <geom mesh="sphere_normal_69" name="sphere_normal_69_geom" type="mesh"/>
  </body>
  <body name="cube_fillet_45_normal_5" pos="0 0 0">
    <inertial diaginertia="0.00036764427837607326 0.00036764427837607326 0.00036764427837607326" mass="0.16074868804664716" pos="0 0 0" quat="1 0 0 0"/>
    <freejoint name="cube_fillet_45_normal_5"/>
    <geom mesh="cube_fillet_45_normal_5" name="cube_fillet_45_normal_5_geom" type="mesh"/>
  </body>
  <body name="cylinder_11_fillet_35_normal_6" pos="0 0 0">
    <inertial diaginertia="0.0015832150325520828 0.0015832150325520828 0.0002514196484374999" mass="0.15208749999999996" pos="0 0 0" quat="1 0 0 0"/>
    <freejoint name="cylinder_11_fillet_35_normal_6"/>
    <geom mesh="cylinder_11_fillet_35_normal_6" name="cylinder_11_fillet_35_normal_6_geom" type="mesh"/>
  </body>
  <body name="cylinder_12_fillet_5_upright_7" pos="0 0 0">
    <inertial diaginertia="0.0003184640641796076 0.0003184640641796076 1.5318243588980778e-05" mass="0.028377842565597663" pos="0 0 0" quat="0 0.01 0 0"/>
    <freejoint name="cylinder_12_fillet_5_upright_7"/>
    <geom mesh="cylinder_12_fillet_5_upright_7" name="cylinder_12_fillet_5_upright_7_geom" type="mesh"/>
  </body>
  <body name="cylinder_12_fillet_15_upright_6" pos="0 0 0">
    <inertial diaginertia="0.0003326246528755225 0.0003326246528755225 1.6169052731469775e-05" mass="0.029313301749271135" pos="0 0 0" quat="0 0.01 0 0"/>
    <freejoint name="cylinder_12_fillet_15_upright_6"/>
    <geom mesh="cylinder_12_fillet_15_upright_6" name="cylinder_12_fillet_15_upright_6_geom" type="mesh"/>
  </body>
  <body name="cuboid_211_fillet_45_normal_3" pos="0 0 0">
    <inertial diaginertia="6.36969287109375e-05 0.00015924232177734373 0.00015924232177734373" mass="0.056151562499999995" pos="0 0 0" quat="1 0 0 0"/>
    <freejoint name="cuboid_211_fillet_45_normal_3"/>
    <geom mesh="cuboid_211_fillet_45_normal_3" name="cuboid_211_fillet_45_normal_3_geom" type="mesh"/>
  </body>
  <body name="cube_fillet_45_normal_2" pos="0 0 0">
    <inertial diaginertia="0.000727776147240237 0.000727776147240237 0.000727776147240237" mass="0.24215276967930024" pos="0 0 0" quat="1 0 0 0"/>
    <freejoint name="cube_fillet_45_normal_2"/>
    <geom mesh="cube_fillet_45_normal_2" name="cube_fillet_45_normal_2_geom" type="mesh"/>
  </body>
  <body name="cuboid_211_fillet_35_upright_6" pos="0 0 0">
    <inertial diaginertia="1.0475818684895828e-05 2.618954671223957e-05 2.618954671223957e-05" mass="0.019010937499999995" pos="0 0 0" quat="0.707 0 0.707 0"/>
    <freejoint name="cuboid_211_fillet_35_upright_6"/>
    <geom mesh="cuboid_211_fillet_35_upright_6" name="cuboid_211_fillet_35_upright_6_geom" type="mesh"/>
  </body>
  <body name="sphere_normal_113" pos="0 0 0">
    <inertial diaginertia="2.23670196195814e-05 2.23670196195814e-05 2.23670196195814e-05" mass="0.04071597801750457" pos="0 0 0" quat="1 0 0 0"/>
    <freejoint name="sphere_normal_113"/>
    <geom mesh="sphere_normal_113" name="sphere_normal_113_geom" type="mesh"/>
  </body>
  <body name="cube_fillet_5_normal_15" pos="0 0 0">
    <inertial diaginertia="1.2959999999999998e-05 1.2959999999999998e-05 1.2959999999999998e-05" mass="0.021599999999999998" pos="0 0 0" quat="1 0 0 0"/>
    <freejoint name="cube_fillet_5_normal_15"/>
    <geom mesh="cube_fillet_5_normal_15" name="cube_fillet_5_normal_15_geom" type="mesh"/>
  </body>
  <body name="cube_fillet_25_normal_11" pos="0 0 0">
    <inertial diaginertia="6.508763888062512e-05 6.508763888062512e-05 6.508763888062512e-05" mass="0.05688396501457725" pos="0 0 0" quat="1 0 0 0"/>
    <freejoint name="cube_fillet_25_normal_11"/>
    <geom mesh="cube_fillet_25_normal_11" name="cube_fillet_25_normal_11_geom" type="mesh"/>
  </body>
  <body name="cuboid_311_fillet_15_normal_9" pos="0 0 0">
    <inertial diaginertia="1.2959999999999998e-05 6.479999999999999e-05 6.479999999999999e-05" mass="0.021599999999999998" pos="0 0 0" quat="1 0 0 0"/>
    <freejoint name="cuboid_311_fillet_15_normal_9"/>
    <geom mesh="cuboid_311_fillet_15_normal_9" name="cuboid_311_fillet_15_normal_9_geom" type="mesh"/>
  </body>
  <body name="cylinder_12_fillet_15_sideways_6" pos="0 0 0">
    <inertial diaginertia="0.0016316114769515673 0.0016316114769515673 0.0001163229122538228" mass="0.09577521865889212" pos="0 0 0" quat="0.683 0.683 0.183 0.183"/>
    <freejoint name="cylinder_12_fillet_15_sideways_6"/>
    <geom mesh="cylinder_12_fillet_15_sideways_6" name="cylinder_12_fillet_15_sideways_6_geom" type="mesh"/>
  </body>
  <body name="cuboid_311_fillet_45_thinner_8" pos="0 0 0">
    <inertial diaginertia="3.0517578125e-05 0.0005215087890625 0.0005215087890625" mass="0.046875" pos="0 0 0" quat="1 0 0 0"/>
    <freejoint name="cuboid_311_fillet_45_thinner_8"/>
    <geom mesh="cuboid_311_fillet_45_thinner_8" name="cuboid_311_fillet_45_thinner_8_geom" type="mesh"/>
  </body>
  <body name="sphere_normal_111" pos="0 0 0">
    <inertial diaginertia="2.419943583614405e-05 2.419943583614405e-05 2.419943583614405e-05" mass="0.04268577244046406" pos="0 0 0" quat="1 0 0 0"/>
    <freejoint name="sphere_normal_111"/>
    <geom mesh="sphere_normal_111" name="sphere_normal_111_geom" type="mesh"/>
  </body>
  <body name="cylinder_12_fillet_25_upright_8" pos="0 0 0">
    <inertial diaginertia="0.00030476223307291647 0.00030476223307291647 1.450363281249999e-05" mass="0.02746249999999999" pos="0 0 0" quat="0 0.01 0 0"/>
    <freejoint name="cylinder_12_fillet_25_upright_8"/>
    <geom mesh="cylinder_12_fillet_25_upright_8" name="cylinder_12_fillet_25_upright_8_geom" type="mesh"/>
  </body>
  <body name="sphere_normal_98" pos="0 0 0">
    <inertial diaginertia="3.925102084294405e-05 3.925102084294405e-05 3.925102084294405e-05" mass="0.05705721555058009" pos="0 0 0" quat="1 0 0 0"/>
    <freejoint name="sphere_normal_98"/>
    <geom mesh="sphere_normal_98" name="sphere_normal_98_geom" type="mesh"/>
  </body>
  <body name="sphere_normal_77" pos="0 0 0">
    <inertial diaginertia="7.85833367951843e-05 7.85833367951843e-05 7.85833367951843e-05" mass="0.08653629147160594" pos="0 0 0" quat="1 0 0 0"/>
    <freejoint name="sphere_normal_77"/>
    <geom mesh="sphere_normal_77" name="sphere_normal_77_geom" type="mesh"/>
  </body>
  <body name="cuboid_311_fillet_15_normal_3" pos="0 0 0">
    <inertial diaginertia="3.9550781250000015e-05 0.00019775390624999999 0.00019775390624999999" mass="0.0421875" pos="0 0 0" quat="1 0 0 0"/>
    <freejoint name="cuboid_311_fillet_15_normal_3"/>
    <geom mesh="cuboid_311_fillet_15_normal_3" name="cuboid_311_fillet_15_normal_3_geom" type="mesh"/>
  </body>
  <body name="cuboid_311_fillet_35_thinner_4" pos="0 0 0">
    <inertial diaginertia="5.5256328124999984e-05 0.0007088381640624997 0.0007088381640624997" mass="0.06307499999999999" pos="0 0 0" quat="1 0 0 0"/>
    <freejoint name="cuboid_311_fillet_35_thinner_4"/>
    <geom mesh="cuboid_311_fillet_35_thinner_4" name="cuboid_311_fillet_35_thinner_4_geom" type="mesh"/>
  </body>
  <body name="ground" pos="0 0 0">
    <geom name="ground_geom" size="1 1 1" type="plane"/>
  </body>
</mujoco>