<mujoco><body name="cuboid_211_fillet_45_normal_4" pos="0 0 0">
    <inertial diaginertia="5.04779328918457e-05 0.00012619483222961426 0.00012619483222961426" mass="0.0488373046875" pos="0 0 0" quat="1 0 0 0"/>
    <freejoint name="cuboid_211_fillet_45_normal_4"/>
    <geom mesh="cuboid_211_fillet_45_normal_4" name="cuboid_211_fillet_45_normal_4_geom" type="mesh"/>
  </body>
  <body name="cube_fillet_35_normal_10" pos="0 0 0">
    <inertial diaginertia="9.084834017572043e-05 9.084834017572043e-05 9.084834017572043e-05" mass="0.06948338192419824" pos="0 0 0" quat="1 0 0 0"/>
    <freejoint name="cube_fillet_35_normal_10"/>
    <geom mesh="cube_fillet_35_normal_10" name="cube_fillet_35_normal_10_geom" type="mesh"/>
  </body>
  <body name="cuboid_221_fillet_5_normal_9" pos="0 0 0">
    <inertial diaginertia="4.266666666666669e-06 6.826666666666672e-06 4.266666666666669e-06" mass="0.006400000000000002" pos="0 0 0" quat="0.7071 0.7071 0 0"/>
    <freejoint name="cuboid_221_fillet_5_normal_9"/>
    <geom mesh="cuboid_221_fillet_5_normal_9" name="cuboid_221_fillet_5_normal_9_geom" type="mesh"/>
  </body>
  <body name="sphere_normal_48" pos="0 0 0">
    <inertial diaginertia="0.0001790285232604411 0.0001790285232604411 0.0001790285232604411" mass="0.14182517809892126" pos="0 0 0" quat="1 0 0 0"/>
    <freejoint name="sphere_normal_48"/>
    <geom mesh="sphere_normal_48" name="sphere_normal_48_geom" type="mesh"/>
  </body>
  <body name="cylinder_14_fillet_5_normal_13" pos="0 0 0">
    <inertial diaginertia="0.0005761560705732727 0.0005761560705732727 1.3724052850002968e-05" mass="0.026567055393585996" pos="0 0 0" quat="0.683 0.683 0.183 0.183"/>
    <freejoint name="cylinder_14_fillet_5_normal_13"/>
    <geom mesh="cylinder_14_fillet_5_normal_13" name="cylinder_14_fillet_5_normal_13_geom" type="mesh"/>
  </body>
  <body name="cuboid_311_fillet_35_thinner_5" pos="0 0 0">
    <inertial diaginertia="4.801999999999998e-05 0.0006590499999999998 0.0006590499999999998" mass="0.05879999999999999" pos="0 0 0" quat="1 0 0 0"/>
    <freejoint name="cuboid_311_fillet_35_thinner_5"/>
    <geom mesh="cuboid_311_fillet_35_thinner_5" name="cuboid_311_fillet_35_thinner_5_geom" type="mesh"/>
  </body>
  <body name="sphere_normal_119" pos="0 0 0">
    <inertial diaginertia="1.7525145137855428e-05 1.7525145137855428e-05 1.7525145137855428e-05" mass="0.03517199267250152" pos="0 0 0" quat="1 0 0 0"/>
    <freejoint name="sphere_normal_119"/>
    <geom mesh="sphere_normal_119" name="sphere_normal_119_geom" type="mesh"/>
  </body>
  <body name="cylinder_11_fillet_5_normal_3" pos="0 0 0">
    <inertial diaginertia="0.0026121414583333315 0.0026121414583333315 0.0004641162499999997" mass="0.21969999999999992" pos="0 0 0" quat="1 0 0 0"/>
    <freejoint name="cylinder_11_fillet_5_normal_3"/>
    <geom mesh="cylinder_11_fillet_5_normal_3" name="cylinder_11_fillet_5_normal_3_geom" type="mesh"/>
  </body>
  <body name="cylinder_12_fillet_5_upright_9" pos="0 0 0">
    <inertial diaginertia="0.00029150904849913707 0.00029150904849913707 1.3724052850002968e-05" mass="0.026567055393585996" pos="0 0 0" quat="0 0.01 0 0"/>
    <freejoint name="cylinder_12_fillet_5_upright_9"/>
    <geom mesh="cylinder_12_fillet_5_upright_9" name="cylinder_12_fillet_5_upright_9_geom" type="mesh"/>
  </body>
  <body name="cylinder_21_fillet_5_normal_6" pos="0 0 0">
    <inertial diaginertia="0.00027458620741946583 0.00027458620741946583 9.770947838884107e-05" mass="0.03754741253644317" pos="0 0 0" quat="1 0 0 0"/>
    <freejoint name="cylinder_21_fillet_5_normal_6"/>
    <geom mesh="cylinder_21_fillet_5_normal_6" name="cylinder_21_fillet_5_normal_6_geom" type="mesh"/>
  </body>
  <body name="cylinder_12_fillet_25_sideways_15" pos="0 0 0">
    <inertial diaginertia="0.00022085999999999997 0.00022085999999999997 9.719999999999998e-06" mass="0.021599999999999998" pos="0 0 0" quat="0.683 0.683 0.183 0.183"/>
    <freejoint name="cylinder_12_fillet_25_sideways_15"/>
    <geom mesh="cylinder_12_fillet_25_sideways_15" name="cylinder_12_fillet_25_sideways_15_geom" type="mesh"/>
  </body>
  <body name="cylinder_13_fillet_25_sideways_14" pos="0 0 0">
    <inertial diaginertia="0.00037861697182419335 0.00037861697182419335 1.15842013535097e-05" mass="0.023997922740524782" pos="0 0 0" quat="0.683 0.683 0.183 0.183"/>
    <freejoint name="cylinder_13_fillet_25_sideways_14"/>
    <geom mesh="cylinder_13_fillet_25_sideways_14" name="cylinder_13_fillet_25_sideways_14_geom" type="mesh"/>
  </body>
  <body name="sphere_normal_35" pos="0 0 0">
    <inertial diaginertia="0.000248832 0.000248832 0.000248832" mass="0.17279999999999998" pos="0 0 0" quat="1 0 0 0"/>
    <freejoint name="sphere_normal_35"/>
    <geom mesh="sphere_normal_35" name="sphere_normal_35_geom" type="mesh"/>
  </body>
  <body name="sphere_normal_7" pos="0 0 0">
    <inertial diaginertia="0.0004733640996466543 0.0004733640996466543 0.0004733640996466543" mass="0.2541658457154487" pos="0 0 0" quat="1 0 0 0"/>
    <freejoint name="sphere_normal_7"/>
    <geom mesh="sphere_normal_7" name="sphere_normal_7_geom" type="mesh"/>
  </body>
  <body name="sphere_normal_92" pos="0 0 0">
    <inertial diaginertia="4.834394274000832e-05 4.834394274000832e-05 4.834394274000832e-05" mass="0.06465546509261143" pos="0 0 0" quat="1 0 0 0"/>
    <freejoint name="sphere_normal_92"/>
    <geom mesh="sphere_normal_92" name="sphere_normal_92_geom" type="mesh"/>
  </body>
  <body name="cuboid_211_fillet_35_upright_4" pos="0 0 0">
    <inertial diaginertia="1.5894571940104164e-05 3.973642985026041e-05 3.973642985026041e-05" mass="0.0244140625" pos="0 0 0" quat="0.707 0 0.707 0"/>
    <freejoint name="cuboid_211_fillet_35_upright_4"/>
    <geom mesh="cuboid_211_fillet_35_upright_4" name="cuboid_211_fillet_35_upright_4_geom" type="mesh"/>
  </body>
  <body name="cuboid_321_fillet_45_normal_5" pos="0 0 0">
    <inertial diaginertia="7.688671875000004e-06 1.9990546875000007e-05 1.5377343750000004e-05" mass="0.009112500000000003" pos="0 0 0" quat="0.7071 0.7071 0 0"/>
    <freejoint name="cuboid_321_fillet_45_normal_5"/>
    <geom mesh="cuboid_321_fillet_45_normal_5" name="cuboid_321_fillet_45_normal_5_geom" type="mesh"/>
  </body>
  <body name="sphere_normal_82" pos="0 0 0">
    <inertial diaginertia="6.718211239371288e-05 6.718211239371288e-05 6.718211239371288e-05" mass="0.07876843069407692" pos="0 0 0" quat="1 0 0 0"/>
    <freejoint name="sphere_normal_82"/>
    <geom mesh="sphere_normal_82" name="sphere_normal_82_geom" type="mesh"/>
  </body>
  <body name="sphere_normal_66" pos="0 0 0">
    <inertial diaginertia="0.00010914049238268358 0.00010914049238268358 0.00010914049238268358" mass="0.10538809281498064" pos="0 0 0" quat="1 0 0 0"/>
    <freejoint name="sphere_normal_66"/>
    <geom mesh="sphere_normal_66" name="sphere_normal_66_geom" type="mesh"/>
  </body>
  <body name="sphere_normal_97" pos="0 0 0">
    <inertial diaginertia="4.066278451421515e-05 4.066278451421515e-05 4.066278451421515e-05" mass="0.058279829025035604" pos="0 0 0" quat="1 0 0 0"/>
    <freejoint name="sphere_normal_97"/>
    <geom mesh="sphere_normal_97" name="sphere_normal_97_geom" type="mesh"/>
  </body>
  <body name="ground" pos="0 0 0">
    <geom name="ground_geom" size="1 1 1" type="plane"/>
  </body>
</mujoco>