<mujoco><body name="cuboid_321_fillet_45_normal_6" pos="0 0 0">
    <inertial diaginertia="6.67850176493327e-06 1.73641045888265e-05 1.3357003529866538e-05" mass="0.008374023437500001" pos="0 0 0" quat="0.7071 0.7071 0 0"/>
    <freejoint name="cuboid_321_fillet_45_normal_6"/>
    <geom mesh="cuboid_321_fillet_45_normal_6" name="cuboid_321_fillet_45_normal_6_geom" type="mesh"/>
  </body>
  <body name="cuboid_321_fillet_15_normal_8" pos="0 0 0">
    <inertial diaginertia="4.976322555541996e-06 1.2938438644409185e-05 9.952645111083987e-06" mass="0.007018945312500003" pos="0 0 0" quat="0.7071 0.7071 0 0"/>
    <freejoint name="cuboid_321_fillet_15_normal_8"/>
    <geom mesh="cuboid_321_fillet_15_normal_8" name="cuboid_321_fillet_15_normal_8_geom" type="mesh"/>
  </body>
  <body name="cuboid_211_fillet_15_upright_4" pos="0 0 0">
    <inertial diaginertia="1.5894571940104164e-05 3.973642985026041e-05 3.973642985026041e-05" mass="0.0244140625" pos="0 0 0" quat="0.707 0 0.707 0"/>
    <freejoint name="cuboid_211_fillet_15_upright_4"/>
    <geom mesh="cuboid_211_fillet_15_upright_4" name="cuboid_211_fillet_15_upright_4_geom" type="mesh"/>
  </body>
  <body name="cuboid_211_fillet_45_upright_4" pos="0 0 0">
    <inertial diaginertia="1.5894571940104164e-05 3.973642985026041e-05 3.973642985026041e-05" mass="0.0244140625" pos="0 0 0" quat="0.707 0 0.707 0"/>
    <freejoint name="cuboid_211_fillet_45_upright_4"/>
    <geom mesh="cuboid_211_fillet_45_upright_4" name="cuboid_211_fillet_45_upright_4_geom" type="mesh"/>
  </body>
  <body name="sphere_normal_65" pos="0 0 0">
    <inertial diaginertia="0.00011233151974036822 0.00011233151974036822 0.00011233151974036822" mass="0.10722621616120495" pos="0 0 0" quat="1 0 0 0"/>
    <freejoint name="sphere_normal_65"/>
    <geom mesh="sphere_normal_65" name="sphere_normal_65_geom" type="mesh"/>
  </body>
  <body name="cylinder_13_fillet_15_sideways_7" pos="0 0 0">
    <inertial diaginertia="0.0009024410150532518 0.0009024410150532518 3.414983518771942e-05" mass="0.04590787172011663" pos="0 0 0" quat="0.683 0.683 0.183 0.183"/>
    <freejoint name="cylinder_13_fillet_15_sideways_7"/>
    <geom mesh="cylinder_13_fillet_15_sideways_7" name="cylinder_13_fillet_15_sideways_7_geom" type="mesh"/>
  </body>
  <body name="cylinder_13_fillet_15_sideways_12" pos="0 0 0">
    <inertial diaginertia="0.0004948947161304161 0.0004948947161304161 1.6169052731469775e-05" mass="0.029313301749271135" pos="0 0 0" quat="0.683 0.683 0.183 0.183"/>
    <freejoint name="cylinder_13_fillet_15_sideways_12"/>
    <geom mesh="cylinder_13_fillet_15_sideways_12" name="cylinder_13_fillet_15_sideways_12_geom" type="mesh"/>
  </body>
  <body name="cube_fillet_45_normal_12" pos="0 0 0">
    <inertial diaginertia="4.5533113583625855e-05 4.5533113583625855e-05 4.5533113583625855e-05" mass="0.04590787172011661" pos="0 0 0" quat="1 0 0 0"/>
    <freejoint name="cube_fillet_45_normal_12"/>
    <geom mesh="cube_fillet_45_normal_12" name="cube_fillet_45_normal_12_geom" type="mesh"/>
  </body>
  <body name="cuboid_211_fillet_5_upright_6" pos="0 0 0">
    <inertial diaginertia="1.0475818684895828e-05 2.618954671223957e-05 2.618954671223957e-05" mass="0.019010937499999995" pos="0 0 0" quat="0.707 0 0.707 0"/>
    <freejoint name="cuboid_211_fillet_5_upright_6"/>
    <geom mesh="cuboid_211_fillet_5_upright_6" name="cuboid_211_fillet_5_upright_6_geom" type="mesh"/>
  </body>
  <body name="cylinder_12_fillet_15_upright_5" pos="0 0 0">
    <inertial diaginertia="0.00034725422716973075 0.00034725422716973075 1.7057253450943056e-05" mass="0.03026909620991253" pos="0 0 0" quat="0 0.01 0 0"/>
    <freejoint name="cylinder_12_fillet_15_upright_5"/>
    <geom mesh="cylinder_12_fillet_15_upright_5" name="cylinder_12_fillet_15_upright_5_geom" type="mesh"/>
  </body>
  <body name="cuboid_211_fillet_15_normal_9" pos="0 0 0">
    <inertial diaginertia="1.2959999999999998e-05 3.2399999999999995e-05 3.2399999999999995e-05" mass="0.021599999999999998" pos="0 0 0" quat="1 0 0 0"/>
    <freejoint name="cuboid_211_fillet_15_normal_9"/>
    <geom mesh="cuboid_211_fillet_15_normal_9" name="cuboid_211_fillet_15_normal_9_geom" type="mesh"/>
  </body>
  <body name="cylinder_14_fillet_15_normal_4" pos="0 0 0">
    <inertial diaginertia="0.001651438943266059 0.001651438943266059 5.0956447548361555e-05" mass="0.05836782069970846" pos="0 0 0" quat="0.683 0.683 0.183 0.183"/>
    <freejoint name="cylinder_14_fillet_15_normal_4"/>
    <geom mesh="cylinder_14_fillet_15_normal_4" name="cylinder_14_fillet_15_normal_4_geom" type="mesh"/>
  </body>
  <body name="sphere_normal_31" pos="0 0 0">
    <inertial diaginertia="0.0002742029153414744 0.0002742029153414744 0.0002742029153414744" mass="0.18316531650722567" pos="0 0 0" quat="1 0 0 0"/>
    <freejoint name="sphere_normal_31"/>
    <geom mesh="sphere_normal_31" name="sphere_normal_31_geom" type="mesh"/>
  </body>
  <body name="cylinder_21_fillet_15_normal_15" pos="0 0 0">
    <inertial diaginertia="2.3893333333333344e-05 2.3893333333333344e-05 5.120000000000004e-06" mass="0.006400000000000002" pos="0 0 0" quat="1 0 0 0"/>
    <freejoint name="cylinder_21_fillet_15_normal_15"/>
    <geom mesh="cylinder_21_fillet_15_normal_15" name="cylinder_21_fillet_15_normal_15_geom" type="mesh"/>
  </body>
  <body name="cuboid_311_fillet_5_thinner_9" pos="0 0 0">
    <inertial diaginertia="2.5919999999999996e-05 0.0004795199999999999 0.0004795199999999999" mass="0.043199999999999995" pos="0 0 0" quat="1 0 0 0"/>
    <freejoint name="cuboid_311_fillet_5_thinner_9"/>
    <geom mesh="cuboid_311_fillet_5_thinner_9" name="cuboid_311_fillet_5_thinner_9_geom" type="mesh"/>
  </body>
  <body name="cuboid_321_fillet_25_normal_8" pos="0 0 0">
    <inertial diaginertia="4.976322555541996e-06 1.2938438644409185e-05 9.952645111083987e-06" mass="0.007018945312500003" pos="0 0 0" quat="0.7071 0.7071 0 0"/>
    <freejoint name="cuboid_321_fillet_25_normal_8"/>
    <geom mesh="cuboid_321_fillet_25_normal_8" name="cuboid_321_fillet_25_normal_8_geom" type="mesh"/>
  </body>
  <body name="cuboid_321_fillet_5_normal_1" pos="0 0 0">
    <inertial diaginertia="1.3020833333333336e-05 3.3854166666666665e-05 2.604166666666667e-05" mass="0.0125" pos="0 0 0" quat="0.7071 0.7071 0 0"/>
    <freejoint name="cuboid_321_fillet_5_normal_1"/>
    <geom mesh="cuboid_321_fillet_5_normal_1" name="cuboid_321_fillet_5_normal_1_geom" type="mesh"/>
  </body>
  <body name="sphere_normal_83" pos="0 0 0">
    <inertial diaginertia="6.506963713669752e-05 6.506963713669752e-05 6.506963713669752e-05" mass="0.07727286790148581" pos="0 0 0" quat="1 0 0 0"/>
    <freejoint name="sphere_normal_83"/>
    <geom mesh="sphere_normal_83" name="sphere_normal_83_geom" type="mesh"/>
  </body>
  <body name="cylinder_12_fillet_15_sideways_1" pos="0 0 0">
    <inertial diaginertia="0.0036115199999999996 0.0036115199999999996 0.00031103999999999995" mass="0.17279999999999998" pos="0 0 0" quat="0.683 0.683 0.183 0.183"/>
    <freejoint name="cylinder_12_fillet_15_sideways_1"/>
    <geom mesh="cylinder_12_fillet_15_sideways_1" name="cylinder_12_fillet_15_sideways_1_geom" type="mesh"/>
  </body>
  <body name="cuboid_311_fillet_35_thinner_9" pos="0 0 0">
    <inertial diaginertia="2.5919999999999996e-05 0.0004795199999999999 0.0004795199999999999" mass="0.043199999999999995" pos="0 0 0" quat="1 0 0 0"/>
    <freejoint name="cuboid_311_fillet_35_thinner_9"/>
    <geom mesh="cuboid_311_fillet_35_thinner_9" name="cuboid_311_fillet_35_thinner_9_geom" type="mesh"/>
  </body>
  <body name="ground" pos="0 0 0">
    <geom name="ground_geom" size="1 1 1" type="plane"/>
  </body>
</mujoco>