<mujoco><body name="cylinder_13_fillet_15_sideways_5" pos="0 0 0">
    <inertial diaginertia="0.0011215005227360624 0.0011215005227360624 4.475010836258703e-05" mass="0.05399212827988339" pos="0 0 0" quat="0.683 0.683 0.183 0.183"/>
    <freejoint name="cylinder_13_fillet_15_sideways_5"/>
    <geom mesh="cylinder_13_fillet_15_sideways_5" name="cylinder_13_fillet_15_sideways_5_geom" type="mesh"/>
  </body>
  <body name="cylinder_21_fillet_15_normal_9" pos="0 0 0">
    <inertial diaginertia="0.00014052607192439662 0.00014052607192439662 4.3734290176712105e-05" mass="0.023179883381924202" pos="0 0 0" quat="1 0 0 0"/>
    <freejoint name="cylinder_21_fillet_15_normal_9"/>
    <geom mesh="cylinder_21_fillet_15_normal_9" name="cylinder_21_fillet_15_normal_9_geom" type="mesh"/>
  </body>
  <body name="sphere_normal_72" pos="0 0 0">
    <inertial diaginertia="9.148244196915598e-05 9.148244196915598e-05 9.148244196915598e-05" mass="0.09479875839609195" pos="0 0 0" quat="1 0 0 0"/>
    <freejoint name="sphere_normal_72"/>
    <geom mesh="sphere_normal_72" name="sphere_normal_72_geom" type="mesh"/>
  </body>
  <body name="cylinder_11_fillet_25_normal_5" pos="0 0 0">
    <inertial diaginertia="0.0018835199999999996 0.0018835199999999996 0.00031103999999999995" mass="0.17279999999999998" pos="0 0 0" quat="1 0 0 0"/>
    <freejoint name="cylinder_11_fillet_25_normal_5"/>
    <geom mesh="cylinder_11_fillet_25_normal_5" name="cylinder_11_fillet_25_normal_5_geom" type="mesh"/>
  </body>
  <body name="cylinder_13_fillet_25_sideways_12" pos="0 0 0">
    <inertial diaginertia="0.0004948947161304161 0.0004948947161304161 1.6169052731469775e-05" mass="0.029313301749271135" pos="0 0 0" quat="0.683 0.683 0.183 0.183"/>
    <freejoint name="cylinder_13_fillet_25_sideways_12"/>
    <geom mesh="cylinder_13_fillet_25_sideways_12" name="cylinder_13_fillet_25_sideways_12_geom" type="mesh"/>
  </body>
  <body name="cuboid_311_fillet_25_normal_1" pos="0 0 0">
    <inertial diaginertia="5.4613333333333375e-05 0.0002730666666666667 0.0002730666666666667" mass="0.051200000000000016" pos="0 0 0" quat="1 0 0 0"/>
    <freejoint name="cuboid_311_fillet_25_normal_1"/>
    <geom mesh="cuboid_311_fillet_25_normal_1" name="cuboid_311_fillet_25_normal_1_geom" type="mesh"/>
  </body>
  <body name="sphere_normal_89" pos="0 0 0">
    <inertial diaginertia="5.348249858964671e-05 5.348249858964671e-05 5.348249858964671e-05" mass="0.06869529818847954" pos="0 0 0" quat="1 0 0 0"/>
    <freejoint name="sphere_normal_89"/>
    <geom mesh="sphere_normal_89" name="sphere_normal_89_geom" type="mesh"/>
  </body>
  <body name="cube_fillet_15_normal_15" pos="0 0 0">
    <inertial diaginertia="1.2959999999999998e-05 1.2959999999999998e-05 1.2959999999999998e-05" mass="0.021599999999999998" pos="0 0 0" quat="1 0 0 0"/>
    <freejoint name="cube_fillet_15_normal_15"/>
    <geom mesh="cube_fillet_15_normal_15" name="cube_fillet_15_normal_15_geom" type="mesh"/>
  </body>
  <body name="cylinder_21_fillet_15_normal_8" pos="0 0 0">
    <inertial diaginertia="0.00017776247395833336 0.00017776247395833336 5.8014531250000016e-05" mass="0.027462500000000004" pos="0 0 0" quat="1 0 0 0"/>
    <freejoint name="cylinder_21_fillet_15_normal_8"/>
    <geom mesh="cylinder_21_fillet_15_normal_8" name="cylinder_21_fillet_15_normal_8_geom" type="mesh"/>
  </body>
  <body name="cuboid_211_fillet_35_normal_4" pos="0 0 0">
    <inertial diaginertia="5.04779328918457e-05 0.00012619483222961426 0.00012619483222961426" mass="0.0488373046875" pos="0 0 0" quat="1 0 0 0"/>
    <freejoint name="cuboid_211_fillet_35_normal_4"/>
    <geom mesh="cuboid_211_fillet_35_normal_4" name="cuboid_211_fillet_35_normal_4_geom" type="mesh"/>
  </body>
  <body name="cuboid_311_fillet_45_normal_4" pos="0 0 0">
    <inertial diaginertia="3.338403157552083e-05 0.00016692015787760415 0.00016692015787760415" mass="0.0381078125" pos="0 0 0" quat="1 0 0 0"/>
    <freejoint name="cuboid_311_fillet_45_normal_4"/>
    <geom mesh="cuboid_311_fillet_45_normal_4" name="cuboid_311_fillet_45_normal_4_geom" type="mesh"/>
  </body>
  <body name="sphere_normal_73" pos="0 0 0">
    <inertial diaginertia="8.877605320535796e-05 8.877605320535796e-05 8.877605320535796e-05" mass="0.09310596376959085" pos="0 0 0" quat="1 0 0 0"/>
    <freejoint name="sphere_normal_73"/>
    <geom mesh="sphere_normal_73" name="sphere_normal_73_geom" type="mesh"/>
  </body>
  <body name="cuboid_221_fillet_15_normal_8" pos="0 0 0">
    <inertial diaginertia="6.67850176493327e-06 1.0685602823893232e-05 6.67850176493327e-06" mass="0.008374023437500001" pos="0 0 0" quat="0.7071 0.7071 0 0"/>
    <freejoint name="cuboid_221_fillet_15_normal_8"/>
    <geom mesh="cuboid_221_fillet_15_normal_8" name="cuboid_221_fillet_15_normal_8_geom" type="mesh"/>
  </body>
  <body name="sphere_normal_61" pos="0 0 0">
    <inertial diaginertia="0.0001258506331046013 0.0001258506331046013 0.0001258506331046013" mass="0.1147924282515774" pos="0 0 0" quat="1 0 0 0"/>
    <freejoint name="sphere_normal_61"/>
    <geom mesh="sphere_normal_61" name="sphere_normal_61_geom" type="mesh"/>
  </body>
  <body name="sphere_normal_59" pos="0 0 0">
    <inertial diaginertia="0.00013308157089058956 0.00013308157089058956 0.00013308157089058956" mass="0.11870547526969258" pos="0 0 0" quat="1 0 0 0"/>
    <freejoint name="sphere_normal_59"/>
    <geom mesh="sphere_normal_59" name="sphere_normal_59_geom" type="mesh"/>
  </body>
  <body name="cylinder_12_fillet_5_upright_13" pos="0 0 0">
    <inertial diaginertia="0.00024278463994417015 0.00024278463994417015 1.0933572544178026e-05" mass="0.023179883381924202" pos="0 0 0" quat="0 0.01 0 0"/>
    <freejoint name="cylinder_12_fillet_5_upright_13"/>
    <geom mesh="cylinder_12_fillet_5_upright_13" name="cylinder_12_fillet_5_upright_13_geom" type="mesh"/>
  </body>
  <body name="cuboid_221_fillet_25_normal_4" pos="0 0 0">
    <inertial diaginertia="2.9162725702921556e-05 4.6660361124674486e-05 2.9162725702921556e-05" mass="0.0202779296875" pos="0 0 0" quat="0.7071 0.7071 0 0"/>
    <freejoint name="cuboid_221_fillet_25_normal_4"/>
    <geom mesh="cuboid_221_fillet_25_normal_4" name="cuboid_221_fillet_25_normal_4_geom" type="mesh"/>
  </body>
  <body name="cylinder_12_fillet_25_upright_7" pos="0 0 0">
    <inertial diaginertia="0.0003184640641796076 0.0003184640641796076 1.5318243588980778e-05" mass="0.028377842565597663" pos="0 0 0" quat="0 0.01 0 0"/>
    <freejoint name="cylinder_12_fillet_25_upright_7"/>
    <geom mesh="cylinder_12_fillet_25_upright_7" name="cylinder_12_fillet_25_upright_7_geom" type="mesh"/>
  </body>
  <body name="sphere_normal_75" pos="0 0 0">
    <inertial diaginertia="8.355542130228605e-05 8.355542130228605e-05 8.355542130228605e-05" mass="0.0897810706289436" pos="0 0 0" quat="1 0 0 0"/>
    <freejoint name="sphere_normal_75"/>
    <geom mesh="sphere_normal_75" name="sphere_normal_75_geom" type="mesh"/>
  </body>
  <body name="cuboid_311_fillet_5_normal_2" pos="0 0 0">
    <inertial diaginertia="4.6596925455729194e-05 0.00023298462727864587 0.00023298462727864587" mass="0.04654843750000001" pos="0 0 0" quat="1 0 0 0"/>
    <freejoint name="cuboid_311_fillet_5_normal_2"/>
    <geom mesh="cuboid_311_fillet_5_normal_2" name="cuboid_311_fillet_5_normal_2_geom" type="mesh"/>
  </body>
  <body name="ground" pos="0 0 0">
    <geom name="ground_geom" size="1 1 1" type="plane"/>
  </body>
</mujoco>