<mujoco><body name="cube_fillet_45_normal_3" pos="0 0 0">
    <inertial diaginertia="0.0005855595882667932 0.0005855595882667932 0.0005855595882667932" mass="0.21253644314868797" pos="0 0 0" quat="1 0 0 0"/>
    <freejoint name="cube_fillet_45_normal_3"/>
    <geom mesh="cube_fillet_45_normal_3" name="cube_fillet_45_normal_3_geom" type="mesh"/>
  </body>
  <body name="cylinder_12_fillet_25_sideways_3" pos="0 0 0">
    <inertial diaginertia="0.002676784433866841 0.002676784433866841 0.00021473005057416554" mass="0.1383533527696793" pos="0 0 0" quat="0.683 0.683 0.183 0.183"/>
    <freejoint name="cylinder_12_fillet_25_sideways_3"/>
    <geom mesh="cylinder_12_fillet_25_sideways_3" name="cylinder_12_fillet_25_sideways_3_geom" type="mesh"/>
  </body>
  <body name="cuboid_311_fillet_15_thinner_1" pos="0 0 0">
    <inertial diaginertia="8.192000000000004e-05 0.0008704000000000001 0.0008704000000000001" mass="0.07680000000000001" pos="0 0 0" quat="1 0 0 0"/>
    <freejoint name="cuboid_311_fillet_15_thinner_1"/>
    <geom mesh="cuboid_311_fillet_15_thinner_1" name="cuboid_311_fillet_15_thinner_1_geom" type="mesh"/>
  </body>
  <body name="cylinder_21_fillet_35_normal_7" pos="0 0 0">
    <inertial diaginertia="0.000222144696852502 0.000222144696852502 7.580292973165945e-05" mass="0.032242565597667645" pos="0 0 0" quat="1 0 0 0"/>
    <freejoint name="cylinder_21_fillet_35_normal_7"/>
    <geom mesh="cylinder_21_fillet_35_normal_7" name="cylinder_21_fillet_35_normal_7_geom" type="mesh"/>
  </body>
  <body name="cube_fillet_35_normal_15" pos="0 0 0">
    <inertial diaginertia="1.2959999999999998e-05 1.2959999999999998e-05 1.2959999999999998e-05" mass="0.021599999999999998" pos="0 0 0" quat="1 0 0 0"/>
    <freejoint name="cube_fillet_35_normal_15"/>
    <geom mesh="cube_fillet_35_normal_15" name="cube_fillet_35_normal_15_geom" type="mesh"/>
  </body>
  <body name="sphere_normal_53" pos="0 0 0">
    <inertial diaginertia="0.00015679063326518088 0.00015679063326518088 0.00015679063326518088" mass="0.1309761042133116" pos="0 0 0" quat="1 0 0 0"/>
    <freejoint name="sphere_normal_53"/>
    <geom mesh="sphere_normal_53" name="sphere_normal_53_geom" type="mesh"/>
  </body>
  <body name="cylinder_12_fillet_15_sideways_5" pos="0 0 0">
    <inertial diaginertia="0.0019374162860712795 0.0019374162860712795 0.00014390712441244714" mass="0.10881865889212826" pos="0 0 0" quat="0.683 0.683 0.183 0.183"/>
    <freejoint name="cylinder_12_fillet_15_sideways_5"/>
    <geom mesh="cylinder_12_fillet_15_sideways_5" name="cylinder_12_fillet_15_sideways_5_geom" type="mesh"/>
  </body>
  <body name="cylinder_13_fillet_5_sideways_15" pos="0 0 0">
    <inertial diaginertia="0.00032885999999999994 0.00032885999999999994 9.719999999999998e-06" mass="0.021599999999999998" pos="0 0 0" quat="0.683 0.683 0.183 0.183"/>
    <freejoint name="cylinder_13_fillet_5_sideways_15"/>
    <geom mesh="cylinder_13_fillet_5_sideways_15" name="cylinder_13_fillet_5_sideways_15_geom" type="mesh"/>
  </body>
  <body name="sphere_normal_81" pos="0 0 0">
    <inertial diaginertia="6.934909978117512e-05 6.934909978117512e-05 6.934909978117512e-05" mass="0.0802831671076735" pos="0 0 0" quat="1 0 0 0"/>
    <freejoint name="sphere_normal_81"/>
    <geom mesh="sphere_normal_81" name="sphere_normal_81_geom" type="mesh"/>
  </body>
  <body name="cuboid_311_fillet_25_thinner_4" pos="0 0 0">
    <inertial diaginertia="5.5256328124999984e-05 0.0007088381640624997 0.0007088381640624997" mass="0.06307499999999999" pos="0 0 0" quat="1 0 0 0"/>
    <freejoint name="cuboid_311_fillet_25_thinner_4"/>
    <geom mesh="cuboid_311_fillet_25_thinner_4" name="cuboid_311_fillet_25_thinner_4_geom" type="mesh"/>
  </body>
  <body name="cuboid_311_fillet_5_normal_4" pos="0 0 0">
    <inertial diaginertia="3.338403157552083e-05 0.00016692015787760415 0.00016692015787760415" mass="0.0381078125" pos="0 0 0" quat="1 0 0 0"/>
    <freejoint name="cuboid_311_fillet_5_normal_4"/>
    <geom mesh="cuboid_311_fillet_5_normal_4" name="cuboid_311_fillet_5_normal_4_geom" type="mesh"/>
  </body>
  <body name="cylinder_13_fillet_25_sideways_8" pos="0 0 0">
    <inertial diaginertia="0.00080584716796875 0.00080584716796875 2.966308593750001e-05" mass="0.0421875" pos="0 0 0" quat="0.683 0.683 0.183 0.183"/>
    <freejoint name="cylinder_13_fillet_25_sideways_8"/>
    <geom mesh="cylinder_13_fillet_25_sideways_8" name="cylinder_13_fillet_25_sideways_8_geom" type="mesh"/>
  </body>
  <body name="cylinder_13_fillet_15_sideways_14" pos="0 0 0">
    <inertial diaginertia="0.00037861697182419335 0.00037861697182419335 1.15842013535097e-05" mass="0.023997922740524782" pos="0 0 0" quat="0.683 0.683 0.183 0.183"/>
    <freejoint name="cylinder_13_fillet_15_sideways_14"/>
    <geom mesh="cylinder_13_fillet_15_sideways_14" name="cylinder_13_fillet_15_sideways_14_geom" type="mesh"/>
  </body>
  <body name="sphere_normal_41" pos="0 0 0">
    <inertial diaginertia="0.00021432920073500352 0.00021432920073500352 0.00021432920073500352" mass="0.15799698758396089" pos="0 0 0" quat="1 0 0 0"/>
    <freejoint name="sphere_normal_41"/>
    <geom mesh="sphere_normal_41" name="sphere_normal_41_geom" type="mesh"/>
  </body>
  <body name="sphere_normal_33" pos="0 0 0">
    <inertial diaginertia="0.00026127117292516067 0.00026127117292516067 0.00026127117292516067" mass="0.17793234276409522" pos="0 0 0" quat="1 0 0 0"/>
    <freejoint name="sphere_normal_33"/>
    <geom mesh="sphere_normal_33" name="sphere_normal_33_geom" type="mesh"/>
  </body>
  <body name="sphere_normal_6" pos="0 0 0">
    <inertial diaginertia="0.000483654238696573 0.000483654238696573 0.000483654238696573" mass="0.2574666598819459" pos="0 0 0" quat="1 0 0 0"/>
    <freejoint name="sphere_normal_6"/>
    <geom mesh="sphere_normal_6" name="sphere_normal_6_geom" type="mesh"/>
  </body>
  <body name="cuboid_321_fillet_25_normal_4" pos="0 0 0">
    <inertial diaginertia="8.817540105183924e-06 2.29256042734782e-05 1.7635080210367844e-05" mass="0.009893164062500003" pos="0 0 0" quat="0.7071 0.7071 0 0"/>
    <freejoint name="cuboid_321_fillet_25_normal_4"/>
    <geom mesh="cuboid_321_fillet_25_normal_4" name="cuboid_321_fillet_25_normal_4_geom" type="mesh"/>
  </body>
  <body name="cuboid_221_fillet_45_normal_9" pos="0 0 0">
    <inertial diaginertia="4.266666666666669e-06 6.826666666666672e-06 4.266666666666669e-06" mass="0.006400000000000002" pos="0 0 0" quat="0.7071 0.7071 0 0"/>
    <freejoint name="cuboid_221_fillet_45_normal_9"/>
    <geom mesh="cuboid_221_fillet_45_normal_9" name="cuboid_221_fillet_45_normal_9_geom" type="mesh"/>
  </body>
  <body name="sphere_normal_55" pos="0 0 0">
    <inertial diaginertia="0.00014854037232200142 0.00014854037232200142 0.00014854037232200142" mass="0.12679633625076325" pos="0 0 0" quat="1 0 0 0"/>
    <freejoint name="sphere_normal_55"/>
    <geom mesh="sphere_normal_55" name="sphere_normal_55_geom" type="mesh"/>
  </body>
  <body name="sphere_normal_90" pos="0 0 0">
    <inertial diaginertia="5.1723360696887064e-05 5.1723360696887064e-05 5.1723360696887064e-05" mass="0.0673305312436393" pos="0 0 0" quat="1 0 0 0"/>
    <freejoint name="sphere_normal_90"/>
    <geom mesh="sphere_normal_90" name="sphere_normal_90_geom" type="mesh"/>
  </body>
  <body name="ground" pos="0 0 0">
    <geom name="ground_geom" size="1 1 1" type="plane"/>
  </body>
</mujoco>