<mujoco><body name="cuboid_211_fillet_45_upright_8" pos="0 0 0">
    <inertial diaginertia="6.6472998046875015e-06 1.6618249511718753e-05 1.6618249511718753e-05" mass="0.014470312500000002" pos="0 0 0" quat="0.707 0 0.707 0"/>
    <freejoint name="cuboid_211_fillet_45_upright_8"/>
    <geom mesh="cuboid_211_fillet_45_upright_8" name="cuboid_211_fillet_45_upright_8_geom" type="mesh"/>
  </body>
  <body name="cylinder_12_fillet_25_sideways_14" pos="0 0 0">
    <inertial diaginertia="0.00029150904849913707 0.00029150904849913707 1.3724052850002968e-05" mass="0.026567055393585996" pos="0 0 0" quat="0.683 0.683 0.183 0.183"/>
    <freejoint name="cylinder_12_fillet_25_sideways_14"/>
    <geom mesh="cylinder_12_fillet_25_sideways_14" name="cylinder_12_fillet_25_sideways_14_geom" type="mesh"/>
  </body>
  <body name="sphere_normal_80" pos="0 0 0">
    <inertial diaginertia="7.15716475666211e-05 7.15716475666211e-05 7.15716475666211e-05" mass="0.08181719926725012" pos="0 0 0" quat="1 0 0 0"/>
    <freejoint name="sphere_normal_80"/>
    <geom mesh="sphere_normal_80" name="sphere_normal_80_geom" type="mesh"/>
  </body>
  <body name="cube_fillet_5_normal_1" pos="0 0 0">
    <inertial diaginertia="0.0008963733333333331 0.0008963733333333331 0.0008963733333333331" mass="0.2744" pos="0 0 0" quat="1 0 0 0"/>
    <freejoint name="cube_fillet_5_normal_1"/>
    <geom mesh="cube_fillet_5_normal_1" name="cube_fillet_5_normal_1_geom" type="mesh"/>
  </body>
  
  <body name="sphere_normal_74" pos="0 0 0">
    <inertial diaginertia="8.613409880361186e-05 8.613409880361186e-05 8.613409880361186e-05" mass="0.09143344188886623" pos="0 0 0" quat="1 0 0 0"/>
    <freejoint name="sphere_normal_74"/>
    <geom mesh="sphere_normal_74" name="sphere_normal_74_geom" type="mesh"/>
  </body>
  <body name="cylinder_14_fillet_25_normal_14" pos="0 0 0">
    <inertial diaginertia="0.0005028919288733396 0.0005028919288733396 1.15842013535097e-05" mass="0.023997922740524782" pos="0 0 0" quat="0.683 0.683 0.183 0.183"/>
    <freejoint name="cylinder_14_fillet_25_normal_14"/>
    <geom mesh="cylinder_14_fillet_25_normal_14" name="cylinder_14_fillet_25_normal_14_geom" type="mesh"/>
  </body>
  <body name="cylinder_12_fillet_5_sideways_10" pos="0 0 0">
    <inertial diaginertia="0.0007551253665511394 0.0007551253665511394 4.475010836258703e-05" mass="0.05399212827988339" pos="0 0 0" quat="0.683 0.683 0.183 0.183"/>
    <freejoint name="cylinder_12_fillet_5_sideways_10"/>
    <geom mesh="cylinder_12_fillet_5_sideways_10" name="cylinder_12_fillet_5_sideways_10_geom" type="mesh"/>
  </body>
  <body name="cylinder_21_fillet_15_normal_1" pos="0 0 0">
    <inertial diaginertia="0.0006943725000000002 0.0006943725000000002 0.00029524500000000013" mass="0.07290000000000002" pos="0 0 0" quat="1 0 0 0"/>
    <freejoint name="cylinder_21_fillet_15_normal_1"/>
    <geom mesh="cylinder_21_fillet_15_normal_1" name="cylinder_21_fillet_15_normal_1_geom" type="mesh"/>
  </body>
  <body name="cuboid_321_fillet_45_normal_8" pos="0 0 0">
    <inertial diaginertia="4.976322555541996e-06 1.2938438644409185e-05 9.952645111083987e-06" mass="0.007018945312500003" pos="0 0 0" quat="0.7071 0.7071 0 0"/>
    <freejoint name="cuboid_321_fillet_45_normal_8"/>
    <geom mesh="cuboid_321_fillet_45_normal_8" name="cuboid_321_fillet_45_normal_8_geom" type="mesh"/>
  </body>
  <body name="cylinder_12_fillet_15_sideways_3" pos="0 0 0">
    <inertial diaginertia="0.002676784433866841 0.002676784433866841 0.00021473005057416554" mass="0.1383533527696793" pos="0 0 0" quat="0.683 0.683 0.183 0.183"/>
    <freejoint name="cylinder_12_fillet_15_sideways_3"/>
    <geom mesh="cylinder_12_fillet_15_sideways_3" name="cylinder_12_fillet_15_sideways_3_geom" type="mesh"/>
  </body>
  <body name="cube_fillet_15_normal_1" pos="0 0 0">
    <inertial diaginertia="0.0008963733333333331 0.0008963733333333331 0.0008963733333333331" mass="0.2744" pos="0 0 0" quat="1 0 0 0"/>
    <freejoint name="cube_fillet_15_normal_1"/>
    <geom mesh="cube_fillet_15_normal_1" name="cube_fillet_15_normal_1_geom" type="mesh"/>
  </body>
  <body name="sphere_normal_8" pos="0 0 0">
    <inertial diaginertia="0.00046324985554953746 0.00046324985554953746 0.00046324985554953746" mass="0.25089336454304895" pos="0 0 0" quat="1 0 0 0"/>
    <freejoint name="sphere_normal_8"/>
    <geom mesh="sphere_normal_8" name="sphere_normal_8_geom" type="mesh"/>
  </body>
  <body name="cuboid_211_fillet_35_normal_1" pos="0 0 0">
    <inertial diaginertia="9.841500000000004e-05 0.0002460375000000001 0.0002460375000000001" mass="0.07290000000000002" pos="0 0 0" quat="1 0 0 0"/>
    <freejoint name="cuboid_211_fillet_35_normal_1"/>
    <geom mesh="cuboid_211_fillet_35_normal_1" name="cuboid_211_fillet_35_normal_1_geom" type="mesh"/>
  </body>
  <body name="cylinder_13_fillet_5_sideways_8" pos="0 0 0">
    <inertial diaginertia="0.00080584716796875 0.00080584716796875 2.966308593750001e-05" mass="0.0421875" pos="0 0 0" quat="0.683 0.683 0.183 0.183"/>
    <freejoint name="cylinder_13_fillet_5_sideways_8"/>
    <geom mesh="cylinder_13_fillet_5_sideways_8" name="cylinder_13_fillet_5_sideways_8_geom" type="mesh"/>
  </body>
  <body name="cylinder_14_fillet_5_normal_7" pos="0 0 0">
    <inertial diaginertia="0.001197563047539716 0.001197563047539716 3.414983518771942e-05" mass="0.04590787172011663" pos="0 0 0" quat="0.683 0.683 0.183 0.183"/>
    <freejoint name="cylinder_14_fillet_5_normal_7"/>
    <geom mesh="cylinder_14_fillet_5_normal_7" name="cylinder_14_fillet_5_normal_7_geom" type="mesh"/>
  </body>
  <body name="cuboid_321_fillet_25_normal_6" pos="0 0 0">
    <inertial diaginertia="6.67850176493327e-06 1.73641045888265e-05 1.3357003529866538e-05" mass="0.008374023437500001" pos="0 0 0" quat="0.7071 0.7071 0 0"/>
    <freejoint name="cuboid_321_fillet_25_normal_6"/>
    <geom mesh="cuboid_321_fillet_25_normal_6" name="cuboid_321_fillet_25_normal_6_geom" type="mesh"/>
  </body>
  <body name="cylinder_13_fillet_5_sideways_2" pos="0 0 0">
    <inertial diaginertia="0.001522243157662869 0.001522243157662869 6.543278294339782e-05" mass="0.06781585276967929" pos="0 0 0" quat="0.683 0.683 0.183 0.183"/>
    <freejoint name="cylinder_13_fillet_5_sideways_2"/>
    <geom mesh="cylinder_13_fillet_5_sideways_2" name="cylinder_13_fillet_5_sideways_2_geom" type="mesh"/>
  </body>
  <body name="cylinder_11_fillet_5_normal_9" pos="0 0 0">
    <inertial diaginertia="0.0008958333333333334 0.0008958333333333334 0.00012500000000000003" mass="0.1" pos="0 0 0" quat="1 0 0 0"/>
    <freejoint name="cylinder_11_fillet_5_normal_9"/>
    <geom mesh="cylinder_11_fillet_5_normal_9" name="cylinder_11_fillet_5_normal_9_geom" type="mesh"/>
  </body>
  <body name="sphere_normal_19" pos="0 0 0">
    <inertial diaginertia="0.00036296838343579643 0.00036296838343579643 0.00036296838343579643" mass="0.2167311215143496" pos="0 0 0" quat="1 0 0 0"/>
    <freejoint name="sphere_normal_19"/>
    <geom mesh="sphere_normal_19" name="sphere_normal_19_geom" type="mesh"/>
  </body>
  <body name="cuboid_221_fillet_15_normal_7" pos="0 0 0">
    <inertial diaginertia="1.0075272623697915e-05 1.6120436197916666e-05 1.0075272623697915e-05" mass="0.0107171875" pos="0 0 0" quat="0.7071 0.7071 0 0"/>
    <freejoint name="cuboid_221_fillet_15_normal_7"/>
    <geom mesh="cuboid_221_fillet_15_normal_7" name="cuboid_221_fillet_15_normal_7_geom" type="mesh"/>
  </body>
  <body name="ground" pos="0 0 0">
    <geom name="ground_geom" size="1 1 1" type="plane"/>
  </body>
</mujoco>