<mujoco><body name="cuboid_321_fillet_15_normal_9" pos="0 0 0">
    <inertial diaginertia="4.266666666666669e-06 1.1093333333333338e-05 8.533333333333335e-06" mass="0.006400000000000002" pos="0 0 0" quat="0.7071 0.7071 0 0"/>
    <freejoint name="cuboid_321_fillet_15_normal_9"/>
    <geom mesh="cuboid_321_fillet_15_normal_9" name="cuboid_321_fillet_15_normal_9_geom" type="mesh"/>
  </body>
  <body name="cuboid_311_fillet_25_normal_6" pos="0 0 0">
    <inertial diaginertia="2.3354340820312507e-05 0.00011677170410156253 0.00011677170410156253" mass="0.030754687500000006" pos="0 0 0" quat="1 0 0 0"/>
    <freejoint name="cuboid_311_fillet_25_normal_6"/>
    <geom mesh="cuboid_311_fillet_25_normal_6" name="cuboid_311_fillet_25_normal_6_geom" type="mesh"/>
  </body>
  <body name="cylinder_21_fillet_45_normal_13" pos="0 0 0">
    <inertial diaginertia="4.698195588147798e-05 4.698195588147798e-05 1.1642587314809316e-05" mass="0.010477259475218662" pos="0 0 0" quat="1 0 0 0"/>
    <freejoint name="cylinder_21_fillet_45_normal_13"/>
    <geom mesh="cylinder_21_fillet_45_normal_13" name="cylinder_21_fillet_45_normal_13_geom" type="mesh"/>
  </body>
  <body name="cuboid_311_fillet_25_thinner_2" pos="0 0 0">
    <inertial diaginertia="7.215007812500002e-05 0.0008144850390624999 0.0008144850390624999" mass="0.072075" pos="0 0 0" quat="1 0 0 0"/>
    <freejoint name="cuboid_311_fillet_25_thinner_2"/>
    <geom mesh="cuboid_311_fillet_25_thinner_2" name="cuboid_311_fillet_25_thinner_2_geom" type="mesh"/>
  </body>
  <body name="cylinder_14_fillet_5_normal_8" pos="0 0 0">
    <inertial diaginertia="0.0010695190429687502 0.0010695190429687502 2.966308593750001e-05" mass="0.0421875" pos="0 0 0" quat="0.683 0.683 0.183 0.183"/>
    <freejoint name="cylinder_14_fillet_5_normal_8"/>
    <geom mesh="cylinder_14_fillet_5_normal_8" name="cylinder_14_fillet_5_normal_8_geom" type="mesh"/>
  </body>
  <body name="cylinder_14_fillet_25_normal_10" pos="0 0 0">
    <inertial diaginertia="0.0008445547722152132 0.0008445547722152132 2.2102724355458288e-05" mass="0.035360750728862966" pos="0 0 0" quat="0.683 0.683 0.183 0.183"/>
    <freejoint name="cylinder_14_fillet_25_normal_10"/>
    <geom mesh="cylinder_14_fillet_25_normal_10" name="cylinder_14_fillet_25_normal_10_geom" type="mesh"/>
  </body>
  <body name="cylinder_11_fillet_45_normal_4" pos="0 0 0">
    <inertial diaginertia="0.002225240071614583 0.002225240071614583 0.0003814697265625" mass="0.1953125" pos="0 0 0" quat="1 0 0 0"/>
    <freejoint name="cylinder_11_fillet_45_normal_4"/>
    <geom mesh="cylinder_11_fillet_45_normal_4" name="cylinder_11_fillet_45_normal_4_geom" type="mesh"/>
  </body>
  <body name="cuboid_311_fillet_5_thinner_7" pos="0 0 0">
    <inertial diaginertia="3.570125e-05 0.0005654106249999999 0.0005654106249999999" mass="0.0507" pos="0 0 0" quat="1 0 0 0"/>
    <freejoint name="cuboid_311_fillet_5_thinner_7"/>
    <geom mesh="cuboid_311_fillet_5_thinner_7" name="cuboid_311_fillet_5_thinner_7_geom" type="mesh"/>
  </body>
  <body name="cuboid_221_fillet_25_normal_3" pos="0 0 0">
    <inertial diaginertia="3.973642985026041e-05 6.357828776041666e-05 3.973642985026041e-05" mass="0.0244140625" pos="0 0 0" quat="0.7071 0.7071 0 0"/>
    <freejoint name="cuboid_221_fillet_25_normal_3"/>
    <geom mesh="cuboid_221_fillet_25_normal_3" name="cuboid_221_fillet_25_normal_3_geom" type="mesh"/>
  </body>
  <body name="cuboid_221_fillet_15_normal_1" pos="0 0 0">
    <inertial diaginertia="7.002916666666664e-05 0.00011204666666666663 7.002916666666664e-05" mass="0.0343" pos="0 0 0" quat="0.7071 0.7071 0 0"/>
    <freejoint name="cuboid_221_fillet_15_normal_1"/>
    <geom mesh="cuboid_221_fillet_15_normal_1" name="cuboid_221_fillet_15_normal_1_geom" type="mesh"/>
  </body>
  <body name="cylinder_12_fillet_5_upright_2" pos="0 0 0">
    <inertial diaginertia="0.0003940609009526505 0.0003940609009526505 1.99585279222385e-05" mass="0.033260677842565596" pos="0 0 0" quat="0 0.01 0 0"/>
    <freejoint name="cylinder_12_fillet_5_upright_2"/>
    <geom mesh="cylinder_12_fillet_5_upright_2" name="cylinder_12_fillet_5_upright_2_geom" type="mesh"/>
  </body>
  <body name="cylinder_12_fillet_25_sideways_12" pos="0 0 0">
    <inertial diaginertia="0.0004824403690054738 0.0004824403690054738 2.5660829639435942e-05" mass="0.0386737609329446" pos="0 0 0" quat="0.683 0.683 0.183 0.183"/>
    <freejoint name="cylinder_12_fillet_25_sideways_12"/>
    <geom mesh="cylinder_12_fillet_25_sideways_12" name="cylinder_12_fillet_25_sideways_12_geom" type="mesh"/>
  </body>
  <body name="cylinder_11_fillet_45_normal_9" pos="0 0 0">
    <inertial diaginertia="0.0008958333333333334 0.0008958333333333334 0.00012500000000000003" mass="0.1" pos="0 0 0" quat="1 0 0 0"/>
    <freejoint name="cylinder_11_fillet_45_normal_9"/>
    <geom mesh="cylinder_11_fillet_45_normal_9" name="cylinder_11_fillet_45_normal_9_geom" type="mesh"/>
  </body>
  <body name="sphere_normal_86" pos="0 0 0">
    <inertial diaginertia="5.9048999999999976e-05 5.9048999999999976e-05 5.9048999999999976e-05" mass="0.07289999999999998" pos="0 0 0" quat="1 0 0 0"/>
    <freejoint name="sphere_normal_86"/>
    <geom mesh="sphere_normal_86" name="sphere_normal_86_geom" type="mesh"/>
  </body>
  <body name="cuboid_211_fillet_5_upright_2" pos="0 0 0">
    <inertial diaginertia="2.3354340820312487e-05 5.838585205078121e-05 5.838585205078121e-05" mass="0.030754687499999992" pos="0 0 0" quat="0.707 0 0.707 0"/>
    <freejoint name="cuboid_211_fillet_5_upright_2"/>
    <geom mesh="cuboid_211_fillet_5_upright_2" name="cuboid_211_fillet_5_upright_2_geom" type="mesh"/>
  </body>
  <body name="sphere_normal_5" pos="0 0 0">
    <inertial diaginertia="0.0004941225570067973 0.0004941225570067973 0.0004941225570067973" mass="0.26079592916751476" pos="0 0 0" quat="1 0 0 0"/>
    <freejoint name="sphere_normal_5"/>
    <geom mesh="sphere_normal_5" name="sphere_normal_5_geom" type="mesh"/>
  </body>
  <body name="cylinder_21_fillet_25_normal_13" pos="0 0 0">
    <inertial diaginertia="4.698195588147798e-05 4.698195588147798e-05 1.1642587314809316e-05" mass="0.010477259475218662" pos="0 0 0" quat="1 0 0 0"/>
    <freejoint name="cylinder_21_fillet_25_normal_13"/>
    <geom mesh="cylinder_21_fillet_25_normal_13" name="cylinder_21_fillet_25_normal_13_geom" type="mesh"/>
  </body>
  <body name="cylinder_21_fillet_15_normal_14" pos="0 0 0">
    <inertial diaginertia="3.396087180781571e-05 3.396087180781571e-05 7.85197667824419e-06" mass="0.00827190233236152" pos="0 0 0" quat="1 0 0 0"/>
    <freejoint name="cylinder_21_fillet_15_normal_14"/>
    <geom mesh="cylinder_21_fillet_15_normal_14" name="cylinder_21_fillet_15_normal_14_geom" type="mesh"/>
  </body>
  <body name="sphere_normal_32" pos="0 0 0">
    <inertial diaginertia="0.00026767457413457834 0.00026767457413457834 0.00026767457413457834" mass="0.18053618970079377" pos="0 0 0" quat="1 0 0 0"/>
    <freejoint name="sphere_normal_32"/>
    <geom mesh="sphere_normal_32" name="sphere_normal_32_geom" type="mesh"/>
  </body>
  <body name="cuboid_211_fillet_45_upright_5" pos="0 0 0">
    <inertial diaginertia="1.2959999999999998e-05 3.2399999999999995e-05 3.2399999999999995e-05" mass="0.021599999999999998" pos="0 0 0" quat="0.707 0 0.707 0"/>
    <freejoint name="cuboid_211_fillet_45_upright_5"/>
    <geom mesh="cuboid_211_fillet_45_upright_5" name="cuboid_211_fillet_45_upright_5_geom" type="mesh"/>
  </body>
  <body name="ground" pos="0 0 0">
    <geom name="ground_geom" size="1 1 1" type="plane"/>
  </body>
</mujoco>