<?xml version="1.0" ?>
<!-- =================================================================================== -->
<!-- |    This document was autogenerated by xacro from mjcf/mjcf_include/details.xacro | -->
<!-- |    EDITING THIS FILE BY HAND IS NOT RECOMMENDED                                 | -->
<!-- =================================================================================== -->
<mujoco>
  <!-- 2. Key base macros which build up the xml code snippets -->
  <!-- 3. Looping macros to repeatedly make xml snippets -->
  <!-- 4. Main macro, create code for all objects in yaml file -->
  <object_details name="cylinder_21_fillet_45_normal_15" z_rest="0.020000000000000004"/>
  <object_details name="cylinder_21_fillet_45_normal_14" z_rest="0.02178571428571429"/>
  <object_details name="cylinder_21_fillet_45_normal_13" z_rest="0.023571428571428577"/>
  <object_details name="cylinder_21_fillet_45_normal_12" z_rest="0.025357142857142856"/>
  <object_details name="cylinder_21_fillet_45_normal_11" z_rest="0.02714285714285715"/>
  <object_details name="cylinder_21_fillet_45_normal_10" z_rest="0.028928571428571432"/>
  <object_details name="cylinder_21_fillet_45_normal_9" z_rest="0.03071428571428572"/>
  <object_details name="cylinder_21_fillet_45_normal_8" z_rest="0.0325"/>
  <object_details name="cylinder_21_fillet_45_normal_7" z_rest="0.03428571428571429"/>
  <object_details name="cylinder_21_fillet_45_normal_6" z_rest="0.03607142857142858"/>
  <object_details name="cylinder_21_fillet_45_normal_5" z_rest="0.03785714285714286"/>
  <object_details name="cylinder_21_fillet_45_normal_4" z_rest="0.039642857142857146"/>
  <object_details name="cylinder_21_fillet_45_normal_3" z_rest="0.04142857142857143"/>
  <object_details name="cylinder_21_fillet_45_normal_2" z_rest="0.04321428571428572"/>
  <object_details name="cylinder_21_fillet_45_normal_1" z_rest="0.045000000000000005"/>
  <object_details name="cylinder_21_fillet_35_normal_15" z_rest="0.020000000000000004"/>
  <object_details name="cylinder_21_fillet_35_normal_14" z_rest="0.02178571428571429"/>
  <object_details name="cylinder_21_fillet_35_normal_13" z_rest="0.023571428571428577"/>
  <object_details name="cylinder_21_fillet_35_normal_12" z_rest="0.025357142857142856"/>
  <object_details name="cylinder_21_fillet_35_normal_11" z_rest="0.02714285714285715"/>
  <object_details name="cylinder_21_fillet_35_normal_10" z_rest="0.028928571428571432"/>
  <object_details name="cylinder_21_fillet_35_normal_9" z_rest="0.03071428571428572"/>
  <object_details name="cylinder_21_fillet_35_normal_8" z_rest="0.0325"/>
  <object_details name="cylinder_21_fillet_35_normal_7" z_rest="0.03428571428571429"/>
  <object_details name="cylinder_21_fillet_35_normal_6" z_rest="0.03607142857142858"/>
  <object_details name="cylinder_21_fillet_35_normal_5" z_rest="0.03785714285714286"/>
  <object_details name="cylinder_21_fillet_35_normal_4" z_rest="0.039642857142857146"/>
  <object_details name="cylinder_21_fillet_35_normal_3" z_rest="0.04142857142857143"/>
  <object_details name="cylinder_21_fillet_35_normal_2" z_rest="0.04321428571428572"/>
  <object_details name="cylinder_21_fillet_35_normal_1" z_rest="0.045000000000000005"/>
  <object_details name="cylinder_21_fillet_25_normal_15" z_rest="0.020000000000000004"/>
  <object_details name="cylinder_21_fillet_25_normal_14" z_rest="0.02178571428571429"/>
  <object_details name="cylinder_21_fillet_25_normal_13" z_rest="0.023571428571428577"/>
  <object_details name="cylinder_21_fillet_25_normal_12" z_rest="0.025357142857142856"/>
  <object_details name="cylinder_21_fillet_25_normal_11" z_rest="0.02714285714285715"/>
  <object_details name="cylinder_21_fillet_25_normal_10" z_rest="0.028928571428571432"/>
  <object_details name="cylinder_21_fillet_25_normal_9" z_rest="0.03071428571428572"/>
  <object_details name="cylinder_21_fillet_25_normal_8" z_rest="0.0325"/>
  <object_details name="cylinder_21_fillet_25_normal_7" z_rest="0.03428571428571429"/>
  <object_details name="cylinder_21_fillet_25_normal_6" z_rest="0.03607142857142858"/>
  <object_details name="cylinder_21_fillet_25_normal_5" z_rest="0.03785714285714286"/>
  <object_details name="cylinder_21_fillet_25_normal_4" z_rest="0.039642857142857146"/>
  <object_details name="cylinder_21_fillet_25_normal_3" z_rest="0.04142857142857143"/>
  <object_details name="cylinder_21_fillet_25_normal_2" z_rest="0.04321428571428572"/>
  <object_details name="cylinder_21_fillet_25_normal_1" z_rest="0.045000000000000005"/>
  <object_details name="cylinder_21_fillet_15_normal_15" z_rest="0.020000000000000004"/>
  <object_details name="cylinder_21_fillet_15_normal_14" z_rest="0.02178571428571429"/>
  <object_details name="cylinder_21_fillet_15_normal_13" z_rest="0.023571428571428577"/>
  <object_details name="cylinder_21_fillet_15_normal_12" z_rest="0.025357142857142856"/>
  <object_details name="cylinder_21_fillet_15_normal_11" z_rest="0.02714285714285715"/>
  <object_details name="cylinder_21_fillet_15_normal_10" z_rest="0.028928571428571432"/>
  <object_details name="cylinder_21_fillet_15_normal_9" z_rest="0.03071428571428572"/>
  <object_details name="cylinder_21_fillet_15_normal_8" z_rest="0.0325"/>
  <object_details name="cylinder_21_fillet_15_normal_7" z_rest="0.03428571428571429"/>
  <object_details name="cylinder_21_fillet_15_normal_6" z_rest="0.03607142857142858"/>
  <object_details name="cylinder_21_fillet_15_normal_5" z_rest="0.03785714285714286"/>
  <object_details name="cylinder_21_fillet_15_normal_4" z_rest="0.039642857142857146"/>
  <object_details name="cylinder_21_fillet_15_normal_3" z_rest="0.04142857142857143"/>
  <object_details name="cylinder_21_fillet_15_normal_2" z_rest="0.04321428571428572"/>
  <object_details name="cylinder_21_fillet_15_normal_1" z_rest="0.045000000000000005"/>
  <object_details name="cylinder_21_fillet_5_normal_15" z_rest="0.020000000000000004"/>
  <object_details name="cylinder_21_fillet_5_normal_14" z_rest="0.02178571428571429"/>
  <object_details name="cylinder_21_fillet_5_normal_13" z_rest="0.023571428571428577"/>
  <object_details name="cylinder_21_fillet_5_normal_12" z_rest="0.025357142857142856"/>
  <object_details name="cylinder_21_fillet_5_normal_11" z_rest="0.02714285714285715"/>
  <object_details name="cylinder_21_fillet_5_normal_10" z_rest="0.028928571428571432"/>
  <object_details name="cylinder_21_fillet_5_normal_9" z_rest="0.03071428571428572"/>
  <object_details name="cylinder_21_fillet_5_normal_8" z_rest="0.0325"/>
  <object_details name="cylinder_21_fillet_5_normal_7" z_rest="0.03428571428571429"/>
  <object_details name="cylinder_21_fillet_5_normal_6" z_rest="0.03607142857142858"/>
  <object_details name="cylinder_21_fillet_5_normal_5" z_rest="0.03785714285714286"/>
  <object_details name="cylinder_21_fillet_5_normal_4" z_rest="0.039642857142857146"/>
  <object_details name="cylinder_21_fillet_5_normal_3" z_rest="0.04142857142857143"/>
  <object_details name="cylinder_21_fillet_5_normal_2" z_rest="0.04321428571428572"/>
  <object_details name="cylinder_21_fillet_5_normal_1" z_rest="0.045000000000000005"/>
  <object_details name="cylinder_14_fillet_25_normal_15" z_rest="0.03"/>
  <object_details name="cylinder_14_fillet_25_normal_14" z_rest="0.031071428571428573"/>
  <object_details name="cylinder_14_fillet_25_normal_13" z_rest="0.03214285714285714"/>
  <object_details name="cylinder_14_fillet_25_normal_12" z_rest="0.03321428571428572"/>
  <object_details name="cylinder_14_fillet_25_normal_11" z_rest="0.03428571428571429"/>
  <object_details name="cylinder_14_fillet_25_normal_10" z_rest="0.03535714285714286"/>
  <object_details name="cylinder_14_fillet_25_normal_9" z_rest="0.03642857142857143"/>
  <object_details name="cylinder_14_fillet_25_normal_8" z_rest="0.037500000000000006"/>
  <object_details name="cylinder_14_fillet_25_normal_7" z_rest="0.038571428571428576"/>
  <object_details name="cylinder_14_fillet_25_normal_6" z_rest="0.039642857142857146"/>
  <object_details name="cylinder_14_fillet_25_normal_5" z_rest="0.04071428571428572"/>
  <object_details name="cylinder_14_fillet_25_normal_4" z_rest="0.04178571428571429"/>
  <object_details name="cylinder_14_fillet_25_normal_3" z_rest="0.042857142857142864"/>
  <object_details name="cylinder_14_fillet_25_normal_2" z_rest="0.04392857142857143"/>
  <object_details name="cylinder_14_fillet_25_normal_1" z_rest="0.045000000000000005"/>
  <object_details name="cylinder_14_fillet_15_normal_15" z_rest="0.03"/>
  <object_details name="cylinder_14_fillet_15_normal_14" z_rest="0.031071428571428573"/>
  <object_details name="cylinder_14_fillet_15_normal_13" z_rest="0.03214285714285714"/>
  <object_details name="cylinder_14_fillet_15_normal_12" z_rest="0.03321428571428572"/>
  <object_details name="cylinder_14_fillet_15_normal_11" z_rest="0.03428571428571429"/>
  <object_details name="cylinder_14_fillet_15_normal_10" z_rest="0.03535714285714286"/>
  <object_details name="cylinder_14_fillet_15_normal_9" z_rest="0.03642857142857143"/>
  <object_details name="cylinder_14_fillet_15_normal_8" z_rest="0.037500000000000006"/>
  <object_details name="cylinder_14_fillet_15_normal_7" z_rest="0.038571428571428576"/>
  <object_details name="cylinder_14_fillet_15_normal_6" z_rest="0.039642857142857146"/>
  <object_details name="cylinder_14_fillet_15_normal_5" z_rest="0.04071428571428572"/>
  <object_details name="cylinder_14_fillet_15_normal_4" z_rest="0.04178571428571429"/>
  <object_details name="cylinder_14_fillet_15_normal_3" z_rest="0.042857142857142864"/>
  <object_details name="cylinder_14_fillet_15_normal_2" z_rest="0.04392857142857143"/>
  <object_details name="cylinder_14_fillet_15_normal_1" z_rest="0.045000000000000005"/>
  <object_details name="cylinder_14_fillet_5_normal_15" z_rest="0.03"/>
  <object_details name="cylinder_14_fillet_5_normal_14" z_rest="0.031071428571428573"/>
  <object_details name="cylinder_14_fillet_5_normal_13" z_rest="0.03214285714285714"/>
  <object_details name="cylinder_14_fillet_5_normal_12" z_rest="0.03321428571428572"/>
  <object_details name="cylinder_14_fillet_5_normal_11" z_rest="0.03428571428571429"/>
  <object_details name="cylinder_14_fillet_5_normal_10" z_rest="0.03535714285714286"/>
  <object_details name="cylinder_14_fillet_5_normal_9" z_rest="0.03642857142857143"/>
  <object_details name="cylinder_14_fillet_5_normal_8" z_rest="0.037500000000000006"/>
  <object_details name="cylinder_14_fillet_5_normal_7" z_rest="0.038571428571428576"/>
  <object_details name="cylinder_14_fillet_5_normal_6" z_rest="0.039642857142857146"/>
  <object_details name="cylinder_14_fillet_5_normal_5" z_rest="0.04071428571428572"/>
  <object_details name="cylinder_14_fillet_5_normal_4" z_rest="0.04178571428571429"/>
  <object_details name="cylinder_14_fillet_5_normal_3" z_rest="0.042857142857142864"/>
  <object_details name="cylinder_14_fillet_5_normal_2" z_rest="0.04392857142857143"/>
  <object_details name="cylinder_14_fillet_5_normal_1" z_rest="0.045000000000000005"/>
  <object_details name="cylinder_13_fillet_25_sideways_15" z_rest="0.03"/>
  <object_details name="cylinder_13_fillet_25_sideways_14" z_rest="0.031071428571428573"/>
  <object_details name="cylinder_13_fillet_25_sideways_13" z_rest="0.03214285714285714"/>
  <object_details name="cylinder_13_fillet_25_sideways_12" z_rest="0.03321428571428572"/>
  <object_details name="cylinder_13_fillet_25_sideways_11" z_rest="0.03428571428571429"/>
  <object_details name="cylinder_13_fillet_25_sideways_10" z_rest="0.03535714285714286"/>
  <object_details name="cylinder_13_fillet_25_sideways_9" z_rest="0.03642857142857143"/>
  <object_details name="cylinder_13_fillet_25_sideways_8" z_rest="0.037500000000000006"/>
  <object_details name="cylinder_13_fillet_25_sideways_7" z_rest="0.038571428571428576"/>
  <object_details name="cylinder_13_fillet_25_sideways_6" z_rest="0.039642857142857146"/>
  <object_details name="cylinder_13_fillet_25_sideways_5" z_rest="0.04071428571428572"/>
  <object_details name="cylinder_13_fillet_25_sideways_4" z_rest="0.04178571428571429"/>
  <object_details name="cylinder_13_fillet_25_sideways_3" z_rest="0.042857142857142864"/>
  <object_details name="cylinder_13_fillet_25_sideways_2" z_rest="0.04392857142857143"/>
  <object_details name="cylinder_13_fillet_25_sideways_1" z_rest="0.045000000000000005"/>
  <object_details name="cylinder_13_fillet_15_sideways_15" z_rest="0.03"/>
  <object_details name="cylinder_13_fillet_15_sideways_14" z_rest="0.031071428571428573"/>
  <object_details name="cylinder_13_fillet_15_sideways_13" z_rest="0.03214285714285714"/>
  <object_details name="cylinder_13_fillet_15_sideways_12" z_rest="0.03321428571428572"/>
  <object_details name="cylinder_13_fillet_15_sideways_11" z_rest="0.03428571428571429"/>
  <object_details name="cylinder_13_fillet_15_sideways_10" z_rest="0.03535714285714286"/>
  <object_details name="cylinder_13_fillet_15_sideways_9" z_rest="0.03642857142857143"/>
  <object_details name="cylinder_13_fillet_15_sideways_8" z_rest="0.037500000000000006"/>
  <object_details name="cylinder_13_fillet_15_sideways_7" z_rest="0.038571428571428576"/>
  <object_details name="cylinder_13_fillet_15_sideways_6" z_rest="0.039642857142857146"/>
  <object_details name="cylinder_13_fillet_15_sideways_5" z_rest="0.04071428571428572"/>
  <object_details name="cylinder_13_fillet_15_sideways_4" z_rest="0.04178571428571429"/>
  <object_details name="cylinder_13_fillet_15_sideways_3" z_rest="0.042857142857142864"/>
  <object_details name="cylinder_13_fillet_15_sideways_2" z_rest="0.04392857142857143"/>
  <object_details name="cylinder_13_fillet_15_sideways_1" z_rest="0.045000000000000005"/>
  <object_details name="cylinder_13_fillet_5_sideways_15" z_rest="0.03"/>
  <object_details name="cylinder_13_fillet_5_sideways_14" z_rest="0.031071428571428573"/>
  <object_details name="cylinder_13_fillet_5_sideways_13" z_rest="0.03214285714285714"/>
  <object_details name="cylinder_13_fillet_5_sideways_12" z_rest="0.03321428571428572"/>
  <object_details name="cylinder_13_fillet_5_sideways_11" z_rest="0.03428571428571429"/>
  <object_details name="cylinder_13_fillet_5_sideways_10" z_rest="0.03535714285714286"/>
  <object_details name="cylinder_13_fillet_5_sideways_9" z_rest="0.03642857142857143"/>
  <object_details name="cylinder_13_fillet_5_sideways_8" z_rest="0.037500000000000006"/>
  <object_details name="cylinder_13_fillet_5_sideways_7" z_rest="0.038571428571428576"/>
  <object_details name="cylinder_13_fillet_5_sideways_6" z_rest="0.039642857142857146"/>
  <object_details name="cylinder_13_fillet_5_sideways_5" z_rest="0.04071428571428572"/>
  <object_details name="cylinder_13_fillet_5_sideways_4" z_rest="0.04178571428571429"/>
  <object_details name="cylinder_13_fillet_5_sideways_3" z_rest="0.042857142857142864"/>
  <object_details name="cylinder_13_fillet_5_sideways_2" z_rest="0.04392857142857143"/>
  <object_details name="cylinder_13_fillet_5_sideways_1" z_rest="0.045000000000000005"/>
  <object_details name="cylinder_12_fillet_25_upright_15" z_rest="0.06"/>
  <object_details name="cylinder_12_fillet_25_upright_14" z_rest="0.060714285714285714"/>
  <object_details name="cylinder_12_fillet_25_upright_13" z_rest="0.06142857142857144"/>
  <object_details name="cylinder_12_fillet_25_upright_12" z_rest="0.062142857142857146"/>
  <object_details name="cylinder_12_fillet_25_upright_11" z_rest="0.06285714285714286"/>
  <object_details name="cylinder_12_fillet_25_upright_10" z_rest="0.06357142857142857"/>
  <object_details name="cylinder_12_fillet_25_upright_9" z_rest="0.06428571428571428"/>
  <object_details name="cylinder_12_fillet_25_upright_8" z_rest="0.06499999999999999"/>
  <object_details name="cylinder_12_fillet_25_upright_7" z_rest="0.06571428571428571"/>
  <object_details name="cylinder_12_fillet_25_upright_6" z_rest="0.06642857142857143"/>
  <object_details name="cylinder_12_fillet_25_upright_5" z_rest="0.06714285714285714"/>
  <object_details name="cylinder_12_fillet_25_upright_4" z_rest="0.06785714285714285"/>
  <object_details name="cylinder_12_fillet_25_upright_3" z_rest="0.06857142857142857"/>
  <object_details name="cylinder_12_fillet_25_upright_2" z_rest="0.06928571428571428"/>
  <object_details name="cylinder_12_fillet_25_upright_1" z_rest="0.06999999999999999"/>
  <object_details name="cylinder_12_fillet_15_upright_15" z_rest="0.06"/>
  <object_details name="cylinder_12_fillet_15_upright_14" z_rest="0.060714285714285714"/>
  <object_details name="cylinder_12_fillet_15_upright_13" z_rest="0.06142857142857144"/>
  <object_details name="cylinder_12_fillet_15_upright_12" z_rest="0.062142857142857146"/>
  <object_details name="cylinder_12_fillet_15_upright_11" z_rest="0.06285714285714286"/>
  <object_details name="cylinder_12_fillet_15_upright_10" z_rest="0.06357142857142857"/>
  <object_details name="cylinder_12_fillet_15_upright_9" z_rest="0.06428571428571428"/>
  <object_details name="cylinder_12_fillet_15_upright_8" z_rest="0.06499999999999999"/>
  <object_details name="cylinder_12_fillet_15_upright_7" z_rest="0.06571428571428571"/>
  <object_details name="cylinder_12_fillet_15_upright_6" z_rest="0.06642857142857143"/>
  <object_details name="cylinder_12_fillet_15_upright_5" z_rest="0.06714285714285714"/>
  <object_details name="cylinder_12_fillet_15_upright_4" z_rest="0.06785714285714285"/>
  <object_details name="cylinder_12_fillet_15_upright_3" z_rest="0.06857142857142857"/>
  <object_details name="cylinder_12_fillet_15_upright_2" z_rest="0.06928571428571428"/>
  <object_details name="cylinder_12_fillet_15_upright_1" z_rest="0.06999999999999999"/>
  <object_details name="cylinder_12_fillet_5_upright_15" z_rest="0.06"/>
  <object_details name="cylinder_12_fillet_5_upright_14" z_rest="0.060714285714285714"/>
  <object_details name="cylinder_12_fillet_5_upright_13" z_rest="0.06142857142857144"/>
  <object_details name="cylinder_12_fillet_5_upright_12" z_rest="0.062142857142857146"/>
  <object_details name="cylinder_12_fillet_5_upright_11" z_rest="0.06285714285714286"/>
  <object_details name="cylinder_12_fillet_5_upright_10" z_rest="0.06357142857142857"/>
  <object_details name="cylinder_12_fillet_5_upright_9" z_rest="0.06428571428571428"/>
  <object_details name="cylinder_12_fillet_5_upright_8" z_rest="0.06499999999999999"/>
  <object_details name="cylinder_12_fillet_5_upright_7" z_rest="0.06571428571428571"/>
  <object_details name="cylinder_12_fillet_5_upright_6" z_rest="0.06642857142857143"/>
  <object_details name="cylinder_12_fillet_5_upright_5" z_rest="0.06714285714285714"/>
  <object_details name="cylinder_12_fillet_5_upright_4" z_rest="0.06785714285714285"/>
  <object_details name="cylinder_12_fillet_5_upright_3" z_rest="0.06857142857142857"/>
  <object_details name="cylinder_12_fillet_5_upright_2" z_rest="0.06928571428571428"/>
  <object_details name="cylinder_12_fillet_5_upright_1" z_rest="0.06999999999999999"/>
  <object_details name="cylinder_12_fillet_25_sideways_15" z_rest="0.03"/>
  <object_details name="cylinder_12_fillet_25_sideways_14" z_rest="0.03214285714285714"/>
  <object_details name="cylinder_12_fillet_25_sideways_13" z_rest="0.03428571428571429"/>
  <object_details name="cylinder_12_fillet_25_sideways_12" z_rest="0.03642857142857143"/>
  <object_details name="cylinder_12_fillet_25_sideways_11" z_rest="0.03857142857142857"/>
  <object_details name="cylinder_12_fillet_25_sideways_10" z_rest="0.04071428571428572"/>
  <object_details name="cylinder_12_fillet_25_sideways_9" z_rest="0.04285714285714286"/>
  <object_details name="cylinder_12_fillet_25_sideways_8" z_rest="0.045"/>
  <object_details name="cylinder_12_fillet_25_sideways_7" z_rest="0.047142857142857146"/>
  <object_details name="cylinder_12_fillet_25_sideways_6" z_rest="0.04928571428571429"/>
  <object_details name="cylinder_12_fillet_25_sideways_5" z_rest="0.05142857142857143"/>
  <object_details name="cylinder_12_fillet_25_sideways_4" z_rest="0.053571428571428575"/>
  <object_details name="cylinder_12_fillet_25_sideways_3" z_rest="0.055714285714285716"/>
  <object_details name="cylinder_12_fillet_25_sideways_2" z_rest="0.05785714285714286"/>
  <object_details name="cylinder_12_fillet_25_sideways_1" z_rest="0.06"/>
  <object_details name="cylinder_12_fillet_15_sideways_15" z_rest="0.03"/>
  <object_details name="cylinder_12_fillet_15_sideways_14" z_rest="0.03214285714285714"/>
  <object_details name="cylinder_12_fillet_15_sideways_13" z_rest="0.03428571428571429"/>
  <object_details name="cylinder_12_fillet_15_sideways_12" z_rest="0.03642857142857143"/>
  <object_details name="cylinder_12_fillet_15_sideways_11" z_rest="0.03857142857142857"/>
  <object_details name="cylinder_12_fillet_15_sideways_10" z_rest="0.04071428571428572"/>
  <object_details name="cylinder_12_fillet_15_sideways_9" z_rest="0.04285714285714286"/>
  <object_details name="cylinder_12_fillet_15_sideways_8" z_rest="0.045"/>
  <object_details name="cylinder_12_fillet_15_sideways_7" z_rest="0.047142857142857146"/>
  <object_details name="cylinder_12_fillet_15_sideways_6" z_rest="0.04928571428571429"/>
  <object_details name="cylinder_12_fillet_15_sideways_5" z_rest="0.05142857142857143"/>
  <object_details name="cylinder_12_fillet_15_sideways_4" z_rest="0.053571428571428575"/>
  <object_details name="cylinder_12_fillet_15_sideways_3" z_rest="0.055714285714285716"/>
  <object_details name="cylinder_12_fillet_15_sideways_2" z_rest="0.05785714285714286"/>
  <object_details name="cylinder_12_fillet_15_sideways_1" z_rest="0.06"/>
  <object_details name="cylinder_12_fillet_5_sideways_15" z_rest="0.03"/>
  <object_details name="cylinder_12_fillet_5_sideways_14" z_rest="0.03214285714285714"/>
  <object_details name="cylinder_12_fillet_5_sideways_13" z_rest="0.03428571428571429"/>
  <object_details name="cylinder_12_fillet_5_sideways_12" z_rest="0.03642857142857143"/>
  <object_details name="cylinder_12_fillet_5_sideways_11" z_rest="0.03857142857142857"/>
  <object_details name="cylinder_12_fillet_5_sideways_10" z_rest="0.04071428571428572"/>
  <object_details name="cylinder_12_fillet_5_sideways_9" z_rest="0.04285714285714286"/>
  <object_details name="cylinder_12_fillet_5_sideways_8" z_rest="0.045"/>
  <object_details name="cylinder_12_fillet_5_sideways_7" z_rest="0.047142857142857146"/>
  <object_details name="cylinder_12_fillet_5_sideways_6" z_rest="0.04928571428571429"/>
  <object_details name="cylinder_12_fillet_5_sideways_5" z_rest="0.05142857142857143"/>
  <object_details name="cylinder_12_fillet_5_sideways_4" z_rest="0.053571428571428575"/>
  <object_details name="cylinder_12_fillet_5_sideways_3" z_rest="0.055714285714285716"/>
  <object_details name="cylinder_12_fillet_5_sideways_2" z_rest="0.05785714285714286"/>
  <object_details name="cylinder_12_fillet_5_sideways_1" z_rest="0.06"/>
  <object_details name="cylinder_11_fillet_45_normal_15" z_rest="0.034999999999999996"/>
  <object_details name="cylinder_11_fillet_45_normal_14" z_rest="0.037500000000000006"/>
  <object_details name="cylinder_11_fillet_45_normal_13" z_rest="0.04"/>
  <object_details name="cylinder_11_fillet_45_normal_12" z_rest="0.0425"/>
  <object_details name="cylinder_11_fillet_45_normal_11" z_rest="0.045"/>
  <object_details name="cylinder_11_fillet_45_normal_10" z_rest="0.0475"/>
  <object_details name="cylinder_11_fillet_45_normal_9" z_rest="0.05"/>
  <object_details name="cylinder_11_fillet_45_normal_8" z_rest="0.05249999999999999"/>
  <object_details name="cylinder_11_fillet_45_normal_7" z_rest="0.05499999999999999"/>
  <object_details name="cylinder_11_fillet_45_normal_6" z_rest="0.057499999999999996"/>
  <object_details name="cylinder_11_fillet_45_normal_5" z_rest="0.06"/>
  <object_details name="cylinder_11_fillet_45_normal_4" z_rest="0.0625"/>
  <object_details name="cylinder_11_fillet_45_normal_3" z_rest="0.06499999999999999"/>
  <object_details name="cylinder_11_fillet_45_normal_2" z_rest="0.06749999999999999"/>
  <object_details name="cylinder_11_fillet_45_normal_1" z_rest="0.06999999999999999"/>
  <object_details name="cylinder_11_fillet_35_normal_15" z_rest="0.034999999999999996"/>
  <object_details name="cylinder_11_fillet_35_normal_14" z_rest="0.037500000000000006"/>
  <object_details name="cylinder_11_fillet_35_normal_13" z_rest="0.04"/>
  <object_details name="cylinder_11_fillet_35_normal_12" z_rest="0.0425"/>
  <object_details name="cylinder_11_fillet_35_normal_11" z_rest="0.045"/>
  <object_details name="cylinder_11_fillet_35_normal_10" z_rest="0.0475"/>
  <object_details name="cylinder_11_fillet_35_normal_9" z_rest="0.05"/>
  <object_details name="cylinder_11_fillet_35_normal_8" z_rest="0.05249999999999999"/>
  <object_details name="cylinder_11_fillet_35_normal_7" z_rest="0.05499999999999999"/>
  <object_details name="cylinder_11_fillet_35_normal_6" z_rest="0.057499999999999996"/>
  <object_details name="cylinder_11_fillet_35_normal_5" z_rest="0.06"/>
  <object_details name="cylinder_11_fillet_35_normal_4" z_rest="0.0625"/>
  <object_details name="cylinder_11_fillet_35_normal_3" z_rest="0.06499999999999999"/>
  <object_details name="cylinder_11_fillet_35_normal_2" z_rest="0.06749999999999999"/>
  <object_details name="cylinder_11_fillet_35_normal_1" z_rest="0.06999999999999999"/>
  <object_details name="cylinder_11_fillet_25_normal_15" z_rest="0.034999999999999996"/>
  <object_details name="cylinder_11_fillet_25_normal_14" z_rest="0.037500000000000006"/>
  <object_details name="cylinder_11_fillet_25_normal_13" z_rest="0.04"/>
  <object_details name="cylinder_11_fillet_25_normal_12" z_rest="0.0425"/>
  <object_details name="cylinder_11_fillet_25_normal_11" z_rest="0.045"/>
  <object_details name="cylinder_11_fillet_25_normal_10" z_rest="0.0475"/>
  <object_details name="cylinder_11_fillet_25_normal_9" z_rest="0.05"/>
  <object_details name="cylinder_11_fillet_25_normal_8" z_rest="0.05249999999999999"/>
  <object_details name="cylinder_11_fillet_25_normal_7" z_rest="0.05499999999999999"/>
  <object_details name="cylinder_11_fillet_25_normal_6" z_rest="0.057499999999999996"/>
  <object_details name="cylinder_11_fillet_25_normal_5" z_rest="0.06"/>
  <object_details name="cylinder_11_fillet_25_normal_4" z_rest="0.0625"/>
  <object_details name="cylinder_11_fillet_25_normal_3" z_rest="0.06499999999999999"/>
  <object_details name="cylinder_11_fillet_25_normal_2" z_rest="0.06749999999999999"/>
  <object_details name="cylinder_11_fillet_25_normal_1" z_rest="0.06999999999999999"/>
  <object_details name="cylinder_11_fillet_15_normal_15" z_rest="0.034999999999999996"/>
  <object_details name="cylinder_11_fillet_15_normal_14" z_rest="0.037500000000000006"/>
  <object_details name="cylinder_11_fillet_15_normal_13" z_rest="0.04"/>
  <object_details name="cylinder_11_fillet_15_normal_12" z_rest="0.0425"/>
  <object_details name="cylinder_11_fillet_15_normal_11" z_rest="0.045"/>
  <object_details name="cylinder_11_fillet_15_normal_10" z_rest="0.0475"/>
  <object_details name="cylinder_11_fillet_15_normal_9" z_rest="0.05"/>
  <object_details name="cylinder_11_fillet_15_normal_8" z_rest="0.05249999999999999"/>
  <object_details name="cylinder_11_fillet_15_normal_7" z_rest="0.05499999999999999"/>
  <object_details name="cylinder_11_fillet_15_normal_6" z_rest="0.057499999999999996"/>
  <object_details name="cylinder_11_fillet_15_normal_5" z_rest="0.06"/>
  <object_details name="cylinder_11_fillet_15_normal_4" z_rest="0.0625"/>
  <object_details name="cylinder_11_fillet_15_normal_3" z_rest="0.06499999999999999"/>
  <object_details name="cylinder_11_fillet_15_normal_2" z_rest="0.06749999999999999"/>
  <object_details name="cylinder_11_fillet_15_normal_1" z_rest="0.06999999999999999"/>
  <object_details name="cylinder_11_fillet_5_normal_15" z_rest="0.034999999999999996"/>
  <object_details name="cylinder_11_fillet_5_normal_14" z_rest="0.037500000000000006"/>
  <object_details name="cylinder_11_fillet_5_normal_13" z_rest="0.04"/>
  <object_details name="cylinder_11_fillet_5_normal_12" z_rest="0.0425"/>
  <object_details name="cylinder_11_fillet_5_normal_11" z_rest="0.045"/>
  <object_details name="cylinder_11_fillet_5_normal_10" z_rest="0.0475"/>
  <object_details name="cylinder_11_fillet_5_normal_9" z_rest="0.05"/>
  <object_details name="cylinder_11_fillet_5_normal_8" z_rest="0.05249999999999999"/>
  <object_details name="cylinder_11_fillet_5_normal_7" z_rest="0.05499999999999999"/>
  <object_details name="cylinder_11_fillet_5_normal_6" z_rest="0.057499999999999996"/>
  <object_details name="cylinder_11_fillet_5_normal_5" z_rest="0.06"/>
  <object_details name="cylinder_11_fillet_5_normal_4" z_rest="0.0625"/>
  <object_details name="cylinder_11_fillet_5_normal_3" z_rest="0.06499999999999999"/>
  <object_details name="cylinder_11_fillet_5_normal_2" z_rest="0.06749999999999999"/>
  <object_details name="cylinder_11_fillet_5_normal_1" z_rest="0.06999999999999999"/>
  <object_details name="sphere_normal_120" z_rest="0.034999999999999996"/>
  <object_details name="sphere_normal_119" z_rest="0.03529411764705882"/>
  <object_details name="sphere_normal_118" z_rest="0.03558823529411764"/>
  <object_details name="sphere_normal_117" z_rest="0.03588235294117647"/>
  <object_details name="sphere_normal_116" z_rest="0.03617647058823529"/>
  <object_details name="sphere_normal_115" z_rest="0.036470588235294116"/>
  <object_details name="sphere_normal_114" z_rest="0.03676470588235294"/>
  <object_details name="sphere_normal_113" z_rest="0.03705882352941176"/>
  <object_details name="sphere_normal_112" z_rest="0.03735294117647058"/>
  <object_details name="sphere_normal_111" z_rest="0.03764705882352941"/>
  <object_details name="sphere_normal_110" z_rest="0.037941176470588235"/>
  <object_details name="sphere_normal_109" z_rest="0.03823529411764706"/>
  <object_details name="sphere_normal_108" z_rest="0.03852941176470588"/>
  <object_details name="sphere_normal_107" z_rest="0.0388235294117647"/>
  <object_details name="sphere_normal_106" z_rest="0.03911764705882353"/>
  <object_details name="sphere_normal_105" z_rest="0.03941176470588235"/>
  <object_details name="sphere_normal_104" z_rest="0.039705882352941174"/>
  <object_details name="sphere_normal_103" z_rest="0.04"/>
  <object_details name="sphere_normal_102" z_rest="0.04029411764705882"/>
  <object_details name="sphere_normal_101" z_rest="0.04058823529411765"/>
  <object_details name="sphere_normal_100" z_rest="0.04088235294117647"/>
  <object_details name="sphere_normal_99" z_rest="0.041176470588235294"/>
  <object_details name="sphere_normal_98" z_rest="0.04147058823529412"/>
  <object_details name="sphere_normal_97" z_rest="0.04176470588235294"/>
  <object_details name="sphere_normal_96" z_rest="0.04205882352941176"/>
  <object_details name="sphere_normal_95" z_rest="0.042352941176470586"/>
  <object_details name="sphere_normal_94" z_rest="0.04264705882352941"/>
  <object_details name="sphere_normal_93" z_rest="0.04294117647058823"/>
  <object_details name="sphere_normal_92" z_rest="0.04323529411764706"/>
  <object_details name="sphere_normal_91" z_rest="0.04352941176470588"/>
  <object_details name="sphere_normal_90" z_rest="0.043823529411764706"/>
  <object_details name="sphere_normal_89" z_rest="0.04411764705882353"/>
  <object_details name="sphere_normal_88" z_rest="0.04441176470588235"/>
  <object_details name="sphere_normal_87" z_rest="0.04470588235294118"/>
  <object_details name="sphere_normal_86" z_rest="0.045"/>
  <object_details name="sphere_normal_85" z_rest="0.04529411764705882"/>
  <object_details name="sphere_normal_84" z_rest="0.045588235294117645"/>
  <object_details name="sphere_normal_83" z_rest="0.045882352941176464"/>
  <object_details name="sphere_normal_82" z_rest="0.04617647058823529"/>
  <object_details name="sphere_normal_81" z_rest="0.04647058823529412"/>
  <object_details name="sphere_normal_80" z_rest="0.04676470588235294"/>
  <object_details name="sphere_normal_79" z_rest="0.047058823529411764"/>
  <object_details name="sphere_normal_78" z_rest="0.04735294117647059"/>
  <object_details name="sphere_normal_77" z_rest="0.04764705882352941"/>
  <object_details name="sphere_normal_76" z_rest="0.04794117647058824"/>
  <object_details name="sphere_normal_75" z_rest="0.04823529411764706"/>
  <object_details name="sphere_normal_74" z_rest="0.048529411764705876"/>
  <object_details name="sphere_normal_73" z_rest="0.0488235294117647"/>
  <object_details name="sphere_normal_72" z_rest="0.04911764705882352"/>
  <object_details name="sphere_normal_71" z_rest="0.04941176470588235"/>
  <object_details name="sphere_normal_70" z_rest="0.049705882352941176"/>
  <object_details name="sphere_normal_69" z_rest="0.049999999999999996"/>
  <object_details name="sphere_normal_68" z_rest="0.05029411764705882"/>
  <object_details name="sphere_normal_67" z_rest="0.05058823529411765"/>
  <object_details name="sphere_normal_66" z_rest="0.05088235294117647"/>
  <object_details name="sphere_normal_65" z_rest="0.051176470588235295"/>
  <object_details name="sphere_normal_64" z_rest="0.051470588235294115"/>
  <object_details name="sphere_normal_63" z_rest="0.051764705882352935"/>
  <object_details name="sphere_normal_62" z_rest="0.05205882352941176"/>
  <object_details name="sphere_normal_61" z_rest="0.05235294117647058"/>
  <object_details name="sphere_normal_60" z_rest="0.05264705882352941"/>
  <object_details name="sphere_normal_59" z_rest="0.05294117647058823"/>
  <object_details name="sphere_normal_58" z_rest="0.05323529411764706"/>
  <object_details name="sphere_normal_57" z_rest="0.05352941176470588"/>
  <object_details name="sphere_normal_56" z_rest="0.05382352941176471"/>
  <object_details name="sphere_normal_55" z_rest="0.05411764705882353"/>
  <object_details name="sphere_normal_54" z_rest="0.054411764705882354"/>
  <object_details name="sphere_normal_53" z_rest="0.054705882352941174"/>
  <object_details name="sphere_normal_52" z_rest="0.05499999999999999"/>
  <object_details name="sphere_normal_51" z_rest="0.05529411764705882"/>
  <object_details name="sphere_normal_50" z_rest="0.055588235294117654"/>
  <object_details name="sphere_normal_49" z_rest="0.05588235294117647"/>
  <object_details name="sphere_normal_48" z_rest="0.0561764705882353"/>
  <object_details name="sphere_normal_47" z_rest="0.05647058823529412"/>
  <object_details name="sphere_normal_46" z_rest="0.05676470588235294"/>
  <object_details name="sphere_normal_45" z_rest="0.057058823529411766"/>
  <object_details name="sphere_normal_44" z_rest="0.057352941176470586"/>
  <object_details name="sphere_normal_43" z_rest="0.05764705882352941"/>
  <object_details name="sphere_normal_42" z_rest="0.05794117647058823"/>
  <object_details name="sphere_normal_41" z_rest="0.05823529411764705"/>
  <object_details name="sphere_normal_40" z_rest="0.05852941176470588"/>
  <object_details name="sphere_normal_39" z_rest="0.0588235294117647"/>
  <object_details name="sphere_normal_38" z_rest="0.059117647058823525"/>
  <object_details name="sphere_normal_37" z_rest="0.05941176470588236"/>
  <object_details name="sphere_normal_36" z_rest="0.05970588235294118"/>
  <object_details name="sphere_normal_35" z_rest="0.06"/>
  <object_details name="sphere_normal_34" z_rest="0.060294117647058824"/>
  <object_details name="sphere_normal_33" z_rest="0.060588235294117644"/>
  <object_details name="sphere_normal_32" z_rest="0.06088235294117647"/>
  <object_details name="sphere_normal_31" z_rest="0.06117647058823529"/>
  <object_details name="sphere_normal_30" z_rest="0.06147058823529411"/>
  <object_details name="sphere_normal_29" z_rest="0.06176470588235294"/>
  <object_details name="sphere_normal_28" z_rest="0.06205882352941177"/>
  <object_details name="sphere_normal_27" z_rest="0.06235294117647059"/>
  <object_details name="sphere_normal_26" z_rest="0.06264705882352942"/>
  <object_details name="sphere_normal_25" z_rest="0.06294117647058824"/>
  <object_details name="sphere_normal_24" z_rest="0.06323529411764706"/>
  <object_details name="sphere_normal_23" z_rest="0.06352941176470588"/>
  <object_details name="sphere_normal_22" z_rest="0.06382352941176471"/>
  <object_details name="sphere_normal_21" z_rest="0.06411764705882353"/>
  <object_details name="sphere_normal_20" z_rest="0.06441176470588235"/>
  <object_details name="sphere_normal_19" z_rest="0.06470588235294117"/>
  <object_details name="sphere_normal_18" z_rest="0.06499999999999999"/>
  <object_details name="sphere_normal_17" z_rest="0.06529411764705882"/>
  <object_details name="sphere_normal_16" z_rest="0.06558823529411766"/>
  <object_details name="sphere_normal_15" z_rest="0.06588235294117648"/>
  <object_details name="sphere_normal_14" z_rest="0.0661764705882353"/>
  <object_details name="sphere_normal_13" z_rest="0.06647058823529411"/>
  <object_details name="sphere_normal_12" z_rest="0.06676470588235293"/>
  <object_details name="sphere_normal_11" z_rest="0.06705882352941177"/>
  <object_details name="sphere_normal_10" z_rest="0.06735294117647059"/>
  <object_details name="sphere_normal_9" z_rest="0.06764705882352941"/>
  <object_details name="sphere_normal_8" z_rest="0.06794117647058823"/>
  <object_details name="sphere_normal_7" z_rest="0.06823529411764705"/>
  <object_details name="sphere_normal_6" z_rest="0.06852941176470588"/>
  <object_details name="sphere_normal_5" z_rest="0.06882352941176471"/>
  <object_details name="sphere_normal_4" z_rest="0.06911764705882353"/>
  <object_details name="sphere_normal_3" z_rest="0.06941176470588235"/>
  <object_details name="sphere_normal_2" z_rest="0.06970588235294117"/>
  <object_details name="sphere_normal_1" z_rest="0.06999999999999999"/>
  <object_details name="cube_fillet_45_normal_15" z_rest="0.03"/>
  <object_details name="cube_fillet_45_normal_14" z_rest="0.032857142857142856"/>
  <object_details name="cube_fillet_45_normal_13" z_rest="0.03571428571428571"/>
  <object_details name="cube_fillet_45_normal_12" z_rest="0.03857142857142857"/>
  <object_details name="cube_fillet_45_normal_11" z_rest="0.041428571428571426"/>
  <object_details name="cube_fillet_45_normal_10" z_rest="0.04428571428571429"/>
  <object_details name="cube_fillet_45_normal_9" z_rest="0.047142857142857146"/>
  <object_details name="cube_fillet_45_normal_8" z_rest="0.05"/>
  <object_details name="cube_fillet_45_normal_7" z_rest="0.05285714285714285"/>
  <object_details name="cube_fillet_45_normal_6" z_rest="0.055714285714285716"/>
  <object_details name="cube_fillet_45_normal_5" z_rest="0.058571428571428566"/>
  <object_details name="cube_fillet_45_normal_4" z_rest="0.06142857142857142"/>
  <object_details name="cube_fillet_45_normal_3" z_rest="0.06428571428571428"/>
  <object_details name="cube_fillet_45_normal_2" z_rest="0.06714285714285714"/>
  <object_details name="cube_fillet_45_normal_1" z_rest="0.06999999999999999"/>
  <object_details name="cube_fillet_35_normal_15" z_rest="0.03"/>
  <object_details name="cube_fillet_35_normal_14" z_rest="0.032857142857142856"/>
  <object_details name="cube_fillet_35_normal_13" z_rest="0.03571428571428571"/>
  <object_details name="cube_fillet_35_normal_12" z_rest="0.03857142857142857"/>
  <object_details name="cube_fillet_35_normal_11" z_rest="0.041428571428571426"/>
  <object_details name="cube_fillet_35_normal_10" z_rest="0.04428571428571429"/>
  <object_details name="cube_fillet_35_normal_9" z_rest="0.047142857142857146"/>
  <object_details name="cube_fillet_35_normal_8" z_rest="0.05"/>
  <object_details name="cube_fillet_35_normal_7" z_rest="0.05285714285714285"/>
  <object_details name="cube_fillet_35_normal_6" z_rest="0.055714285714285716"/>
  <object_details name="cube_fillet_35_normal_5" z_rest="0.058571428571428566"/>
  <object_details name="cube_fillet_35_normal_4" z_rest="0.06142857142857142"/>
  <object_details name="cube_fillet_35_normal_3" z_rest="0.06428571428571428"/>
  <object_details name="cube_fillet_35_normal_2" z_rest="0.06714285714285714"/>
  <object_details name="cube_fillet_35_normal_1" z_rest="0.06999999999999999"/>
  <object_details name="cube_fillet_25_normal_15" z_rest="0.03"/>
  <object_details name="cube_fillet_25_normal_14" z_rest="0.032857142857142856"/>
  <object_details name="cube_fillet_25_normal_13" z_rest="0.03571428571428571"/>
  <object_details name="cube_fillet_25_normal_12" z_rest="0.03857142857142857"/>
  <object_details name="cube_fillet_25_normal_11" z_rest="0.041428571428571426"/>
  <object_details name="cube_fillet_25_normal_10" z_rest="0.04428571428571429"/>
  <object_details name="cube_fillet_25_normal_9" z_rest="0.047142857142857146"/>
  <object_details name="cube_fillet_25_normal_8" z_rest="0.05"/>
  <object_details name="cube_fillet_25_normal_7" z_rest="0.05285714285714285"/>
  <object_details name="cube_fillet_25_normal_6" z_rest="0.055714285714285716"/>
  <object_details name="cube_fillet_25_normal_5" z_rest="0.058571428571428566"/>
  <object_details name="cube_fillet_25_normal_4" z_rest="0.06142857142857142"/>
  <object_details name="cube_fillet_25_normal_3" z_rest="0.06428571428571428"/>
  <object_details name="cube_fillet_25_normal_2" z_rest="0.06714285714285714"/>
  <object_details name="cube_fillet_25_normal_1" z_rest="0.06999999999999999"/>
  <object_details name="cube_fillet_15_normal_15" z_rest="0.03"/>
  <object_details name="cube_fillet_15_normal_14" z_rest="0.032857142857142856"/>
  <object_details name="cube_fillet_15_normal_13" z_rest="0.03571428571428571"/>
  <object_details name="cube_fillet_15_normal_12" z_rest="0.03857142857142857"/>
  <object_details name="cube_fillet_15_normal_11" z_rest="0.041428571428571426"/>
  <object_details name="cube_fillet_15_normal_10" z_rest="0.04428571428571429"/>
  <object_details name="cube_fillet_15_normal_9" z_rest="0.047142857142857146"/>
  <object_details name="cube_fillet_15_normal_8" z_rest="0.05"/>
  <object_details name="cube_fillet_15_normal_7" z_rest="0.05285714285714285"/>
  <object_details name="cube_fillet_15_normal_6" z_rest="0.055714285714285716"/>
  <object_details name="cube_fillet_15_normal_5" z_rest="0.058571428571428566"/>
  <object_details name="cube_fillet_15_normal_4" z_rest="0.06142857142857142"/>
  <object_details name="cube_fillet_15_normal_3" z_rest="0.06428571428571428"/>
  <object_details name="cube_fillet_15_normal_2" z_rest="0.06714285714285714"/>
  <object_details name="cube_fillet_15_normal_1" z_rest="0.06999999999999999"/>
  <object_details name="cube_fillet_5_normal_15" z_rest="0.03"/>
  <object_details name="cube_fillet_5_normal_14" z_rest="0.032857142857142856"/>
  <object_details name="cube_fillet_5_normal_13" z_rest="0.03571428571428571"/>
  <object_details name="cube_fillet_5_normal_12" z_rest="0.03857142857142857"/>
  <object_details name="cube_fillet_5_normal_11" z_rest="0.041428571428571426"/>
  <object_details name="cube_fillet_5_normal_10" z_rest="0.04428571428571429"/>
  <object_details name="cube_fillet_5_normal_9" z_rest="0.047142857142857146"/>
  <object_details name="cube_fillet_5_normal_8" z_rest="0.05"/>
  <object_details name="cube_fillet_5_normal_7" z_rest="0.05285714285714285"/>
  <object_details name="cube_fillet_5_normal_6" z_rest="0.055714285714285716"/>
  <object_details name="cube_fillet_5_normal_5" z_rest="0.058571428571428566"/>
  <object_details name="cube_fillet_5_normal_4" z_rest="0.06142857142857142"/>
  <object_details name="cube_fillet_5_normal_3" z_rest="0.06428571428571428"/>
  <object_details name="cube_fillet_5_normal_2" z_rest="0.06714285714285714"/>
  <object_details name="cube_fillet_5_normal_1" z_rest="0.06999999999999999"/>
</mujoco>

