<mujoco><body name="sphere_normal_77" pos="0 0 0">
    <inertial diaginertia="7.85833367951843e-05 7.85833367951843e-05 7.85833367951843e-05" mass="0.08653629147160594" pos="0 0 0" quat="1 0 0 0"/>
    <freejoint name="sphere_normal_77"/>
    <geom mesh="sphere_normal_77" name="sphere_normal_77_geom" type="mesh"/>
  </body>
  <body name="sphere_normal_4" pos="0 0 0">
    <inertial diaginertia="0.0005047713585769553 0.0005047713585769553 0.0005047713585769553" mass="0.26415377569713006" pos="0 0 0" quat="1 0 0 0"/>
    <freejoint name="sphere_normal_4"/>
    <geom mesh="sphere_normal_4" name="sphere_normal_4_geom" type="mesh"/>
  </body>
  <body name="sphere_normal_35" pos="0 0 0">
    <inertial diaginertia="0.000248832 0.000248832 0.000248832" mass="0.17279999999999998" pos="0 0 0" quat="1 0 0 0"/>
    <freejoint name="sphere_normal_35"/>
    <geom mesh="sphere_normal_35" name="sphere_normal_35_geom" type="mesh"/>
  </body>
  <body name="sphere_normal_103" pos="0 0 0">
    <inertial diaginertia="3.2768e-05 3.2768e-05 3.2768e-05" mass="0.051199999999999996" pos="0 0 0" quat="1 0 0 0"/>
    <freejoint name="sphere_normal_103"/>
    <geom mesh="sphere_normal_103" name="sphere_normal_103_geom" type="mesh"/>
  </body>
  <body name="sphere_normal_101" pos="0 0 0">
    <inertial diaginertia="3.5249326635006193e-05 3.5249326635006193e-05 3.5249326635006193e-05" mass="0.05349220435579074" pos="0 0 0" quat="1 0 0 0"/>
    <freejoint name="sphere_normal_101"/>
    <geom mesh="sphere_normal_101" name="sphere_normal_101_geom" type="mesh"/>
  </body>
  <body name="sphere_normal_87" pos="0 0 0">
    <inertial diaginertia="5.714435470050858e-05 5.714435470050858e-05 5.714435470050858e-05" mass="0.07147991044168532" pos="0 0 0" quat="1 0 0 0"/>
    <freejoint name="sphere_normal_87"/>
    <geom mesh="sphere_normal_87" name="sphere_normal_87_geom" type="mesh"/>
  </body>
  <body name="sphere_normal_90" pos="0 0 0">
    <inertial diaginertia="5.1723360696887064e-05 5.1723360696887064e-05 5.1723360696887064e-05" mass="0.0673305312436393" pos="0 0 0" quat="1 0 0 0"/>
    <freejoint name="sphere_normal_90"/>
    <geom mesh="sphere_normal_90" name="sphere_normal_90_geom" type="mesh"/>
  </body>
  <body name="sphere_normal_104" pos="0 0 0">
    <inertial diaginertia="3.1580880592200476e-05 3.1580880592200476e-05 3.1580880592200476e-05" mass="0.05007887237940158" pos="0 0 0" quat="1 0 0 0"/>
    <freejoint name="sphere_normal_104"/>
    <geom mesh="sphere_normal_104" name="sphere_normal_104_geom" type="mesh"/>
  </body>
  <body name="sphere_normal_25" pos="0 0 0">
    <inertial diaginertia="0.000316099828239041 0.000316099828239041 0.000316099828239041" mass="0.199477793608793" pos="0 0 0" quat="1 0 0 0"/>
    <freejoint name="sphere_normal_25"/>
    <geom mesh="sphere_normal_25" name="sphere_normal_25_geom" type="mesh"/>
  </body>
  <body name="sphere_normal_105" pos="0 0 0">
    <inertial diaginertia="3.042841879428701e-05 3.042841879428701e-05 3.042841879428701e-05" mass="0.04897423163036838" pos="0 0 0" quat="1 0 0 0"/>
    <freejoint name="sphere_normal_105"/>
    <geom mesh="sphere_normal_105" name="sphere_normal_105_geom" type="mesh"/>
  </body>
  <body name="sphere_normal_70" pos="0 0 0">
    <inertial diaginertia="9.709322266185959e-05 9.709322266185959e-05 9.709322266185959e-05" mass="0.09824565438632198" pos="0 0 0" quat="1 0 0 0"/>
    <freejoint name="sphere_normal_70"/>
    <geom mesh="sphere_normal_70" name="sphere_normal_70_geom" type="mesh"/>
  </body>
  <body name="sphere_normal_72" pos="0 0 0">
    <inertial diaginertia="9.148244196915598e-05 9.148244196915598e-05 9.148244196915598e-05" mass="0.09479875839609195" pos="0 0 0" quat="1 0 0 0"/>
    <freejoint name="sphere_normal_72"/>
    <geom mesh="sphere_normal_72" name="sphere_normal_72_geom" type="mesh"/>
  </body>
  <body name="sphere_normal_117" pos="0 0 0">
    <inertial diaginertia="1.903507299115333e-05 1.903507299115333e-05 1.903507299115333e-05" mass="0.03696006513331975" pos="0 0 0" quat="1 0 0 0"/>
    <freejoint name="sphere_normal_117"/>
    <geom mesh="sphere_normal_117" name="sphere_normal_117_geom" type="mesh"/>
  </body>
  <body name="sphere_normal_84" pos="0 0 0">
    <inertial diaginertia="6.301063901153423e-05 6.301063901153423e-05 6.301063901153423e-05" mass="0.07579635660492567" pos="0 0 0" quat="1 0 0 0"/>
    <freejoint name="sphere_normal_84"/>
    <geom mesh="sphere_normal_84" name="sphere_normal_84_geom" type="mesh"/>
  </body>
  <body name="sphere_normal_29" pos="0 0 0">
    <inertial diaginertia="0.0002876417132147814 0.0002876417132147814 0.0002876417132147814" mass="0.1884998982291878" pos="0 0 0" quat="1 0 0 0"/>
    <freejoint name="sphere_normal_29"/>
    <geom mesh="sphere_normal_29" name="sphere_normal_29_geom" type="mesh"/>
  </body>
  <body name="sphere_normal_8" pos="0 0 0">
    <inertial diaginertia="0.00046324985554953746 0.00046324985554953746 0.00046324985554953746" mass="0.25089336454304895" pos="0 0 0" quat="1 0 0 0"/>
    <freejoint name="sphere_normal_8"/>
    <geom mesh="sphere_normal_8" name="sphere_normal_8_geom" type="mesh"/>
  </body>
  <body name="sphere_normal_79" pos="0 0 0">
    <inertial diaginertia="7.385081737104511e-05 7.385081737104511e-05 7.385081737104511e-05" mass="0.08337064929778139" pos="0 0 0" quat="1 0 0 0"/>
    <freejoint name="sphere_normal_79"/>
    <geom mesh="sphere_normal_79" name="sphere_normal_79_geom" type="mesh"/>
  </body>
  <body name="sphere_normal_7" pos="0 0 0">
    <inertial diaginertia="0.0004733640996466543 0.0004733640996466543 0.0004733640996466543" mass="0.2541658457154487" pos="0 0 0" quat="1 0 0 0"/>
    <freejoint name="sphere_normal_7"/>
    <geom mesh="sphere_normal_7" name="sphere_normal_7_geom" type="mesh"/>
  </body>
  <body name="sphere_normal_89" pos="0 0 0">
    <inertial diaginertia="5.348249858964671e-05 5.348249858964671e-05 5.348249858964671e-05" mass="0.06869529818847954" pos="0 0 0" quat="1 0 0 0"/>
    <freejoint name="sphere_normal_89"/>
    <geom mesh="sphere_normal_89" name="sphere_normal_89_geom" type="mesh"/>
  </body>
  <body name="sphere_normal_118" pos="0 0 0">
    <inertial diaginertia="1.826763160022452e-05 1.826763160022452e-05 1.826763160022452e-05" mass="0.036058640341949916" pos="0 0 0" quat="1 0 0 0"/>
    <freejoint name="sphere_normal_118"/>
    <geom mesh="sphere_normal_118" name="sphere_normal_118_geom" type="mesh"/>
  </body>
  <body name="ground" pos="0 0 0">
    <geom name="ground_geom" size="1 1 1" type="plane"/>
  </body>
</mujoco>