<mujoco><body name="sphere_normal_78" pos="0 0 0">
    <inertial diaginertia="7.618768425341429e-05 7.618768425341429e-05 7.618768425341429e-05" mass="0.08494363932424182" pos="0 0 0" quat="1 0 0 0"/>
    <freejoint name="sphere_normal_78"/>
    <geom mesh="sphere_normal_78" name="sphere_normal_78_geom" type="mesh"/>
  </body>
  <body name="sphere_normal_30" pos="0 0 0">
    <inertial diaginertia="0.00028085801601781006 0.00028085801601781006 0.00028085801601781006" mass="0.18581984530836548" pos="0 0 0" quat="1 0 0 0"/>
    <freejoint name="sphere_normal_30"/>
    <geom mesh="sphere_normal_30" name="sphere_normal_30_geom" type="mesh"/>
  </body>
  <body name="sphere_normal_73" pos="0 0 0">
    <inertial diaginertia="8.877605320535796e-05 8.877605320535796e-05 8.877605320535796e-05" mass="0.09310596376959085" pos="0 0 0" quat="1 0 0 0"/>
    <freejoint name="sphere_normal_73"/>
    <geom mesh="sphere_normal_73" name="sphere_normal_73_geom" type="mesh"/>
  </body>
  <body name="sphere_normal_65" pos="0 0 0">
    <inertial diaginertia="0.00011233151974036822 0.00011233151974036822 0.00011233151974036822" mass="0.10722621616120495" pos="0 0 0" quat="1 0 0 0"/>
    <freejoint name="sphere_normal_65"/>
    <geom mesh="sphere_normal_65" name="sphere_normal_65_geom" type="mesh"/>
  </body>
  <body name="sphere_normal_116" pos="0 0 0">
    <inertial diaginertia="1.9828093141069822e-05 1.9828093141069822e-05 1.9828093141069822e-05" mass="0.03787638917158557" pos="0 0 0" quat="1 0 0 0"/>
    <freejoint name="sphere_normal_116"/>
    <geom mesh="sphere_normal_116" name="sphere_normal_116_geom" type="mesh"/>
  </body>
  <body name="sphere_normal_41" pos="0 0 0">
    <inertial diaginertia="0.00021432920073500352 0.00021432920073500352 0.00021432920073500352" mass="0.15799698758396089" pos="0 0 0" quat="1 0 0 0"/>
    <freejoint name="sphere_normal_41"/>
    <geom mesh="sphere_normal_41" name="sphere_normal_41_geom" type="mesh"/>
  </body>
  <body name="sphere_normal_51" pos="0 0 0">
    <inertial diaginertia="0.00016540347877849661 0.00016540347877849661 0.00016540347877849661" mass="0.13524673315693053" pos="0 0 0" quat="1 0 0 0"/>
    <freejoint name="sphere_normal_51"/>
    <geom mesh="sphere_normal_51" name="sphere_normal_51_geom" type="mesh"/>
  </body>
  <body name="sphere_normal_88" pos="0 0 0">
    <inertial diaginertia="5.5289177537597097e-05 5.5289177537597097e-05 5.5289177537597097e-05" mass="0.07007838387950335" pos="0 0 0" quat="1 0 0 0"/>
    <freejoint name="sphere_normal_88"/>
    <geom mesh="sphere_normal_88" name="sphere_normal_88_geom" type="mesh"/>
  </body>
  <body name="sphere_normal_38" pos="0 0 0">
    <inertial diaginertia="0.00023106580521911705 0.00023106580521911705 0.00023106580521911705" mass="0.16528803175249332" pos="0 0 0" quat="1 0 0 0"/>
    <freejoint name="sphere_normal_38"/>
    <geom mesh="sphere_normal_38" name="sphere_normal_38_geom" type="mesh"/>
  </body>
  <body name="sphere_normal_3" pos="0 0 0">
    <inertial diaginertia="0.000515602967183315 0.000515602967183315 0.000515602967183315" mass="0.26754032159576635" pos="0 0 0" quat="1 0 0 0"/>
    <freejoint name="sphere_normal_3"/>
    <geom mesh="sphere_normal_3" name="sphere_normal_3_geom" type="mesh"/>
  </body>
  <body name="sphere_normal_36" pos="0 0 0">
    <inertial diaginertia="0.00024279267647587044 0.00024279267647587044 0.00024279267647587044" mass="0.17027125992265416" pos="0 0 0" quat="1 0 0 0"/>
    <freejoint name="sphere_normal_36"/>
    <geom mesh="sphere_normal_36" name="sphere_normal_36_geom" type="mesh"/>
  </body>
  <body name="sphere_normal_80" pos="0 0 0">
    <inertial diaginertia="7.15716475666211e-05 7.15716475666211e-05 7.15716475666211e-05" mass="0.08181719926725012" pos="0 0 0" quat="1 0 0 0"/>
    <freejoint name="sphere_normal_80"/>
    <geom mesh="sphere_normal_80" name="sphere_normal_80_geom" type="mesh"/>
  </body>
  <body name="sphere_normal_62" pos="0 0 0">
    <inertial diaginertia="0.00012235500100150925 0.00012235500100150925 0.00012235500100150925" mass="0.11286857317321389" pos="0 0 0" quat="1 0 0 0"/>
    <freejoint name="sphere_normal_62"/>
    <geom mesh="sphere_normal_62" name="sphere_normal_62_geom" type="mesh"/>
  </body>
  <body name="sphere_normal_68" pos="0 0 0">
    <inertial diaginertia="0.0001029759826876932 0.0001029759826876932 0.0001029759826876932" mass="0.10177510685935273" pos="0 0 0" quat="1 0 0 0"/>
    <freejoint name="sphere_normal_68"/>
    <geom mesh="sphere_normal_68" name="sphere_normal_68_geom" type="mesh"/>
  </body>
  <body name="sphere_normal_112" pos="0 0 0">
    <inertial diaginertia="2.326880059541206e-05 2.326880059541206e-05 2.326880059541206e-05" mass="0.04169312029309992" pos="0 0 0" quat="1 0 0 0"/>
    <freejoint name="sphere_normal_112"/>
    <geom mesh="sphere_normal_112" name="sphere_normal_112_geom" type="mesh"/>
  </body>
  <body name="sphere_normal_34" pos="0 0 0">
    <inertial diaginertia="0.0002549909097359805 0.0002549909097359805 0.0002549909097359805" mass="0.17535365357215552" pos="0 0 0" quat="1 0 0 0"/>
    <freejoint name="sphere_normal_34"/>
    <geom mesh="sphere_normal_34" name="sphere_normal_34_geom" type="mesh"/>
  </body>
  <body name="sphere_normal_22" pos="0 0 0">
    <inertial diaginertia="0.000338886339157394 0.000338886339157394 0.000338886339157394" mass="0.2079852025239161" pos="0 0 0" quat="1 0 0 0"/>
    <freejoint name="sphere_normal_22"/>
    <geom mesh="sphere_normal_22" name="sphere_normal_22_geom" type="mesh"/>
  </body>
  <body name="sphere_normal_37" pos="0 0 0">
    <inertial diaginertia="0.00023687118916341585 0.00023687118916341585 0.00023687118916341585" mass="0.16776731121514352" pos="0 0 0" quat="1 0 0 0"/>
    <freejoint name="sphere_normal_37"/>
    <geom mesh="sphere_normal_37" name="sphere_normal_37_geom" type="mesh"/>
  </body>
  <body name="sphere_normal_28" pos="0 0 0">
    <inertial diaginertia="0.0002945558616473351 0.0002945558616473351 0.0002945558616473351" mass="0.19120559739466725" pos="0 0 0" quat="1 0 0 0"/>
    <freejoint name="sphere_normal_28"/>
    <geom mesh="sphere_normal_28" name="sphere_normal_28_geom" type="mesh"/>
  </body>
  <body name="sphere_normal_45" pos="0 0 0">
    <inertial diaginertia="0.0001935370169136751 0.0001935370169136751 0.0001935370169136751" mass="0.14861355587217584" pos="0 0 0" quat="1 0 0 0"/>
    <freejoint name="sphere_normal_45"/>
    <geom mesh="sphere_normal_45" name="sphere_normal_45_geom" type="mesh"/>
  </body>
  <body name="ground" pos="0 0 0">
    <geom name="ground_geom" size="1 1 1" type="plane"/>
  </body>
</mujoco>