<mujoco><body name="sphere_normal_50" pos="0 0 0">
    <inertial diaginertia="0.0001698495552361964 0.0001698495552361964 0.0001698495552361964" mass="0.13741642580907798" pos="0 0 0" quat="1 0 0 0"/>
    <freejoint name="sphere_normal_50"/>
    <geom mesh="sphere_normal_50" name="sphere_normal_50_geom" type="mesh"/>
  </body>
  <body name="sphere_normal_113" pos="0 0 0">
    <inertial diaginertia="2.23670196195814e-05 2.23670196195814e-05 2.23670196195814e-05" mass="0.04071597801750457" pos="0 0 0" quat="1 0 0 0"/>
    <freejoint name="sphere_normal_113"/>
    <geom mesh="sphere_normal_113" name="sphere_normal_113_geom" type="mesh"/>
  </body>
  <body name="sphere_normal_10" pos="0 0 0">
    <inertial diaginertia="0.0004435400129372182 0.0004435400129372182 0.0004435400129372182" mass="0.24443291268064316" pos="0 0 0" quat="1 0 0 0"/>
    <freejoint name="sphere_normal_10"/>
    <geom mesh="sphere_normal_10" name="sphere_normal_10_geom" type="mesh"/>
  </body>
  <body name="sphere_normal_55" pos="0 0 0">
    <inertial diaginertia="0.00014854037232200142 0.00014854037232200142 0.00014854037232200142" mass="0.12679633625076325" pos="0 0 0" quat="1 0 0 0"/>
    <freejoint name="sphere_normal_55"/>
    <geom mesh="sphere_normal_55" name="sphere_normal_55_geom" type="mesh"/>
  </body>
  <body name="sphere_normal_18" pos="0 0 0">
    <inertial diaginertia="0.00037129299999999975 0.00037129299999999975 0.00037129299999999975" mass="0.21969999999999992" pos="0 0 0" quat="1 0 0 0"/>
    <freejoint name="sphere_normal_18"/>
    <geom mesh="sphere_normal_18" name="sphere_normal_18_geom" type="mesh"/>
  </body>
  <body name="sphere_normal_71" pos="0 0 0">
    <inertial diaginertia="9.425443658621958e-05 9.425443658621958e-05 9.425443658621958e-05" mass="0.09651194789334418" pos="0 0 0" quat="1 0 0 0"/>
    <freejoint name="sphere_normal_71"/>
    <geom mesh="sphere_normal_71" name="sphere_normal_71_geom" type="mesh"/>
  </body>
  <body name="sphere_normal_86" pos="0 0 0">
    <inertial diaginertia="5.9048999999999976e-05 5.9048999999999976e-05 5.9048999999999976e-05" mass="0.07289999999999998" pos="0 0 0" quat="1 0 0 0"/>
    <freejoint name="sphere_normal_86"/>
    <geom mesh="sphere_normal_86" name="sphere_normal_86_geom" type="mesh"/>
  </body>
  <body name="sphere_normal_54" pos="0 0 0">
    <inertial diaginertia="0.00015262090874292267 0.00015262090874292267 0.00015262090874292267" mass="0.12887492367189088" pos="0 0 0" quat="1 0 0 0"/>
    <freejoint name="sphere_normal_54"/>
    <geom mesh="sphere_normal_54" name="sphere_normal_54_geom" type="mesh"/>
  </body>
  <body name="sphere_normal_33" pos="0 0 0">
    <inertial diaginertia="0.00026127117292516067 0.00026127117292516067 0.00026127117292516067" mass="0.17793234276409522" pos="0 0 0" quat="1 0 0 0"/>
    <freejoint name="sphere_normal_33"/>
    <geom mesh="sphere_normal_33" name="sphere_normal_33_geom" type="mesh"/>
  </body>
  <body name="sphere_normal_119" pos="0 0 0">
    <inertial diaginertia="1.7525145137855428e-05 1.7525145137855428e-05 1.7525145137855428e-05" mass="0.03517199267250152" pos="0 0 0" quat="1 0 0 0"/>
    <freejoint name="sphere_normal_119"/>
    <geom mesh="sphere_normal_119" name="sphere_normal_119_geom" type="mesh"/>
  </body>
  <body name="sphere_normal_120" pos="0 0 0">
    <inertial diaginertia="1.6806999999999997e-05 1.6806999999999997e-05 1.6806999999999997e-05" mass="0.0343" pos="0 0 0" quat="1 0 0 0"/>
    <freejoint name="sphere_normal_120"/>
    <geom mesh="sphere_normal_120" name="sphere_normal_120_geom" type="mesh"/>
  </body>
  <body name="sphere_normal_56" pos="0 0 0">
    <inertial diaginertia="0.00014454758552657064 0.00014454758552657064 0.00014454758552657064" mass="0.1247402198249542" pos="0 0 0" quat="1 0 0 0"/>
    <freejoint name="sphere_normal_56"/>
    <geom mesh="sphere_normal_56" name="sphere_normal_56_geom" type="mesh"/>
  </body>
  <body name="sphere_normal_91" pos="0 0 0">
    <inertial diaginertia="5.001081937688089e-05 5.001081937688089e-05 5.001081937688089e-05" mass="0.06598396092000812" pos="0 0 0" quat="1 0 0 0"/>
    <freejoint name="sphere_normal_91"/>
    <geom mesh="sphere_normal_91" name="sphere_normal_91_geom" type="mesh"/>
  </body>
  <body name="sphere_normal_74" pos="0 0 0">
    <inertial diaginertia="8.613409880361186e-05 8.613409880361186e-05 8.613409880361186e-05" mass="0.09143344188886623" pos="0 0 0" quat="1 0 0 0"/>
    <freejoint name="sphere_normal_74"/>
    <geom mesh="sphere_normal_74" name="sphere_normal_74_geom" type="mesh"/>
  </body>
  <body name="sphere_normal_13" pos="0 0 0">
    <inertial diaginertia="0.0004152384763930452 0.0004152384763930452 0.0004152384763930452" mass="0.23495167921840016" pos="0 0 0" quat="1 0 0 0"/>
    <freejoint name="sphere_normal_13"/>
    <geom mesh="sphere_normal_13" name="sphere_normal_13_geom" type="mesh"/>
  </body>
  <body name="sphere_normal_82" pos="0 0 0">
    <inertial diaginertia="6.718211239371288e-05 6.718211239371288e-05 6.718211239371288e-05" mass="0.07876843069407692" pos="0 0 0" quat="1 0 0 0"/>
    <freejoint name="sphere_normal_82"/>
    <geom mesh="sphere_normal_82" name="sphere_normal_82_geom" type="mesh"/>
  </body>
  <body name="sphere_normal_59" pos="0 0 0">
    <inertial diaginertia="0.00013308157089058956 0.00013308157089058956 0.00013308157089058956" mass="0.11870547526969258" pos="0 0 0" quat="1 0 0 0"/>
    <freejoint name="sphere_normal_59"/>
    <geom mesh="sphere_normal_59" name="sphere_normal_59_geom" type="mesh"/>
  </body>
  <body name="sphere_normal_99" pos="0 0 0">
    <inertial diaginertia="3.7878744127049413e-05 3.7878744127049413e-05 3.7878744127049413e-05" mass="0.05585182169753714" pos="0 0 0" quat="1 0 0 0"/>
    <freejoint name="sphere_normal_99"/>
    <geom mesh="sphere_normal_99" name="sphere_normal_99_geom" type="mesh"/>
  </body>
  <body name="sphere_normal_40" pos="0 0 0">
    <inertial diaginertia="0.0002197965013371064 0.0002197965013371064 0.0002197965013371064" mass="0.1604029920618766" pos="0 0 0" quat="1 0 0 0"/>
    <freejoint name="sphere_normal_40"/>
    <geom mesh="sphere_normal_40" name="sphere_normal_40_geom" type="mesh"/>
  </body>
  <body name="sphere_normal_20" pos="0 0 0">
    <inertial diaginertia="0.0003547937553563492 0.0003547937553563492 0.0003547937553563492" mass="0.21378911052310193" pos="0 0 0" quat="1 0 0 0"/>
    <freejoint name="sphere_normal_20"/>
    <geom mesh="sphere_normal_20" name="sphere_normal_20_geom" type="mesh"/>
  </body>
  <body name="ground" pos="0 0 0">
    <geom name="ground_geom" size="1 1 1" type="plane"/>
  </body>
</mujoco>