<mujoco><body name="sphere_normal_16" pos="0 0 0">
    <inertial diaginertia="0.0003884004356375327 0.0003884004356375327 0.0003884004356375327" mass="0.22571884795440672" pos="0 0 0" quat="1 0 0 0"/>
    <freejoint name="sphere_normal_16"/>
    <geom mesh="sphere_normal_16" name="sphere_normal_16_geom" type="mesh"/>
  </body>
  <body name="sphere_normal_24" pos="0 0 0">
    <inertial diaginertia="0.0003235546849964467 0.0003235546849964467 0.0003235546849964467" mass="0.202287299002646" pos="0 0 0" quat="1 0 0 0"/>
    <freejoint name="sphere_normal_24"/>
    <geom mesh="sphere_normal_24" name="sphere_normal_24_geom" type="mesh"/>
  </body>
  <body name="sphere_normal_44" pos="0 0 0">
    <inertial diaginertia="0.00019857677348845688 0.00019857677348845688 0.00019857677348845688" mass="0.15092357012008953" pos="0 0 0" quat="1 0 0 0"/>
    <freejoint name="sphere_normal_44"/>
    <geom mesh="sphere_normal_44" name="sphere_normal_44_geom" type="mesh"/>
  </body>
  <body name="sphere_normal_17" pos="0 0 0">
    <inertial diaginertia="0.00037976965964318926 0.00037976965964318926 0.00037976965964318926" mass="0.2226958681050274" pos="0 0 0" quat="1 0 0 0"/>
    <freejoint name="sphere_normal_17"/>
    <geom mesh="sphere_normal_17" name="sphere_normal_17_geom" type="mesh"/>
  </body>
  <body name="sphere_normal_19" pos="0 0 0">
    <inertial diaginertia="0.00036296838343579643 0.00036296838343579643 0.00036296838343579643" mass="0.2167311215143496" pos="0 0 0" quat="1 0 0 0"/>
    <freejoint name="sphere_normal_19"/>
    <geom mesh="sphere_normal_19" name="sphere_normal_19_geom" type="mesh"/>
  </body>
  <body name="sphere_normal_83" pos="0 0 0">
    <inertial diaginertia="6.506963713669752e-05 6.506963713669752e-05 6.506963713669752e-05" mass="0.07727286790148581" pos="0 0 0" quat="1 0 0 0"/>
    <freejoint name="sphere_normal_83"/>
    <geom mesh="sphere_normal_83" name="sphere_normal_83_geom" type="mesh"/>
  </body>
  <body name="sphere_normal_96" pos="0 0 0">
    <inertial diaginertia="4.2114881247195995e-05 4.2114881247195995e-05 4.2114881247195995e-05" mass="0.059519784245878254" pos="0 0 0" quat="1 0 0 0"/>
    <freejoint name="sphere_normal_96"/>
    <geom mesh="sphere_normal_96" name="sphere_normal_96_geom" type="mesh"/>
  </body>
  <body name="sphere_normal_95" pos="0 0 0">
    <inertial diaginertia="4.360816914942841e-05 4.360816914942841e-05 4.360816914942841e-05" mass="0.06077720333808262" pos="0 0 0" quat="1 0 0 0"/>
    <freejoint name="sphere_normal_95"/>
    <geom mesh="sphere_normal_95" name="sphere_normal_95_geom" type="mesh"/>
  </body>
  <body name="sphere_normal_94" pos="0 0 0">
    <inertial diaginertia="4.514351841417834e-05 4.514351841417834e-05 4.514351841417834e-05" mass="0.06205220842662325" pos="0 0 0" quat="1 0 0 0"/>
    <freejoint name="sphere_normal_94"/>
    <geom mesh="sphere_normal_94" name="sphere_normal_94_geom" type="mesh"/>
  </body>
  <body name="sphere_normal_100" pos="0 0 0">
    <inertial diaginertia="3.654512017689104e-05 3.654512017689104e-05 3.654512017689104e-05" mass="0.054663525340932204" pos="0 0 0" quat="1 0 0 0"/>
    <freejoint name="sphere_normal_100"/>
    <geom mesh="sphere_normal_100" name="sphere_normal_100_geom" type="mesh"/>
  </body>
  <body name="sphere_normal_48" pos="0 0 0">
    <inertial diaginertia="0.0001790285232604411 0.0001790285232604411 0.0001790285232604411" mass="0.14182517809892126" pos="0 0 0" quat="1 0 0 0"/>
    <freejoint name="sphere_normal_48"/>
    <geom mesh="sphere_normal_48" name="sphere_normal_48_geom" type="mesh"/>
  </body>
  <body name="sphere_normal_32" pos="0 0 0">
    <inertial diaginertia="0.00026767457413457834 0.00026767457413457834 0.00026767457413457834" mass="0.18053618970079377" pos="0 0 0" quat="1 0 0 0"/>
    <freejoint name="sphere_normal_32"/>
    <geom mesh="sphere_normal_32" name="sphere_normal_32_geom" type="mesh"/>
  </body>
  <body name="sphere_normal_107" pos="0 0 0">
    <inertial diaginertia="2.8224421495967536e-05 2.8224421495967536e-05 2.8224421495967536e-05" mass="0.046813922247099515" pos="0 0 0" quat="1 0 0 0"/>
    <freejoint name="sphere_normal_107"/>
    <geom mesh="sphere_normal_107" name="sphere_normal_107_geom" type="mesh"/>
  </body>
  <body name="sphere_normal_46" pos="0 0 0">
    <inertial diaginertia="0.00018860010845669667 0.00018860010845669667 0.00018860010845669667" mass="0.14632723386932628" pos="0 0 0" quat="1 0 0 0"/>
    <freejoint name="sphere_normal_46"/>
    <geom mesh="sphere_normal_46" name="sphere_normal_46_geom" type="mesh"/>
  </body>
  <body name="sphere_normal_67" pos="0 0 0">
    <inertial diaginertia="0.00010602239917963569 0.00010602239917963569 0.00010602239917963569" mass="0.10357109708935476" pos="0 0 0" quat="1 0 0 0"/>
    <freejoint name="sphere_normal_67"/>
    <geom mesh="sphere_normal_67" name="sphere_normal_67_geom" type="mesh"/>
  </body>
  <body name="sphere_normal_109" pos="0 0 0">
    <inertial diaginertia="2.6150027784488162e-05 2.6150027784488162e-05 2.6150027784488162e-05" mass="0.044718094850396906" pos="0 0 0" quat="1 0 0 0"/>
    <freejoint name="sphere_normal_109"/>
    <geom mesh="sphere_normal_109" name="sphere_normal_109_geom" type="mesh"/>
  </body>
  <body name="sphere_normal_81" pos="0 0 0">
    <inertial diaginertia="6.934909978117512e-05 6.934909978117512e-05 6.934909978117512e-05" mass="0.0802831671076735" pos="0 0 0" quat="1 0 0 0"/>
    <freejoint name="sphere_normal_81"/>
    <geom mesh="sphere_normal_81" name="sphere_normal_81_geom" type="mesh"/>
  </body>
  <body name="sphere_normal_39" pos="0 0 0">
    <inertial diaginertia="0.00022537480887159747 0.00022537480887159747 0.00022537480887159747" mass="0.1628332994097292" pos="0 0 0" quat="1 0 0 0"/>
    <freejoint name="sphere_normal_39"/>
    <geom mesh="sphere_normal_39" name="sphere_normal_39_geom" type="mesh"/>
  </body>
  <body name="sphere_normal_2" pos="0 0 0">
    <inertial diaginertia="0.0005266197264632987 0.0005266197264632987 0.0005266197264632987" mass="0.2709556889883981" pos="0 0 0" quat="1 0 0 0"/>
    <freejoint name="sphere_normal_2"/>
    <geom mesh="sphere_normal_2" name="sphere_normal_2_geom" type="mesh"/>
  </body>
  <body name="sphere_normal_85" pos="0 0 0">
    <inertial diaginertia="6.1004096204054326e-05 6.1004096204054326e-05 6.1004096204054326e-05" mass="0.07433877467942192" pos="0 0 0" quat="1 0 0 0"/>
    <freejoint name="sphere_normal_85"/>
    <geom mesh="sphere_normal_85" name="sphere_normal_85_geom" type="mesh"/>
  </body>
  <body name="ground" pos="0 0 0">
    <geom name="ground_geom" size="1 1 1" type="plane"/>
  </body>
</mujoco>