<mujoco model="gripper_task">
    <compiler angle="radian" meshdir="../meshes_mujoco"/>
    <size njmax="3000" nconmax="800"/>
    <asset>
        <mesh name="main body visual" file="main body visual.STL"/>
        <mesh name="nut visual" file="nut visual.STL"/>
        <mesh name="nut collision" file="nut collision.STL"/>
        <mesh name="platform only visual" file="platform only visual.STL"/>
        <mesh name="platform only collision" file="platform only collision.STL"/>
        <mesh name="palm visual" file="palm visual.STL"/>
        <mesh name="palm collision" file="palm collision.STL"/>
    <include file="mjcf_include/assets.xml"/><include file="../mjcf_include/assets/assets_15.xml"/></asset>
    <worldbody>
        <body name="gripper_base_link" pos="0 0 0.335" quat="0 1 0 0">
            <inertial pos="0 0 0.025" quat="-0.00978477 0.713334 -0.700715 -0.00752147" mass="1.5" diaginertia="0.010083 0.00995 0.00512698"/>
            <joint name="world_to_base" pos="0 0 0" axis="0 0 1" type="slide" limited="true" range="-1 1" damping="1"/>
            <geom type="mesh" contype="0" conaffinity="0" group="1" mesh="main body visual"/>
            <geom size="0.03 0.05" type="cylinder"/>
            <body name="finger_1_intermediate" pos="0 0 0" quat="0.707107 -1.73123e-12 -0.707107 -5.0473e-12">
                <inertial pos="0 0 0" quat="0.37634 0.403447 0.585982 0.593484" mass="0.1" diaginertia="0.000166494 0.00015418 3.54554e-05"/>
                <joint name="finger_1_prismatic_joint" pos="0 0 0" axis="0 1 0" type="slide" limited="true" range="0.053 0.141" damping="1"/>
                <geom type="mesh" contype="0" conaffinity="0" group="1" mesh="nut visual"/>
                <geom type="mesh" mesh="nut collision"/>
                <body name="finger_1" pos="0 0 0">
                    <inertial pos="0.00768339 -0.000416928 0" quat="0.305036 0.562694 0.431992 0.635383" mass="0.106333" diaginertia="0.000255821 0.000253984 4.74922e-05"/>
                    <joint name="finger_1_revolute_joint" pos="0 0 0" axis="0 0 1" limited="true" range="-0.7 0.7" damping="1"/>
                    <geom type="mesh" contype="0" conaffinity="0" group="1" mesh="platform only visual"/>
                    <geom type="mesh" mesh="platform only collision"/>
                    <geom size="0.0095 0.014 0.00045" pos="0.1385 -0.007 0" quat="0.707107 0.707107 0 0" type="box" contype="0" conaffinity="0" group="1"/>
                    <geom size="0.0095 0.014 0.00045" pos="0.1385 -0.007 0" quat="0.707107 0.707107 0 0" type="box"/>
                    <body name="finger_1_segment_link_2" pos="0.148 -0.007 0" quat="0.707107 0.707107 0 0">
                        <inertial pos="0 0 0" quat="0 0.707107 0 0.707107" mass="0.00633333" diaginertia="1.17589e-06 7.62539e-07 4.14205e-07"/>
                        <joint name="finger_1_segment_joint_1" pos="0 0 0" axis="0 1 0" limited="true" range="-1 1" damping="0.01" stiffness="5"/>
                        <geom size="0.0095 0.014 0.00045" pos="0.0095 0 0" type="box" contype="0" conaffinity="0" group="1" name="finger_1_segment_link_2_geom_visual"/>
                        <geom size="0.0095 0.014 0.00045" pos="0.0095 0 0" type="box" name="finger_1_segment_link_2_geom_collision"/>
                        <body name="finger_1_segment_link_3" pos="0.019 0 0">
                            <inertial pos="0 0 0" quat="0 0.707107 0 0.707107" mass="0.00633333" diaginertia="1.17589e-06 7.62539e-07 4.14205e-07"/>
                            <joint name="finger_1_segment_joint_2" pos="0 0 0" axis="0 1 0" limited="true" range="-1 1" damping="0.01" stiffness="5"/>
                            <geom size="0.0095 0.014 0.00045" pos="0.0095 0 0" type="box" contype="0" conaffinity="0" group="1" name="finger_1_segment_link_3_geom_visual"/>
                            <geom size="0.0095 0.014 0.00045" pos="0.0095 0 0" type="box" name="finger_1_segment_link_3_geom_collision"/>
                            <body name="finger_1_segment_link_4" pos="0.019 0 0">
                                <inertial pos="0 0 0" quat="0 0.707107 0 0.707107" mass="0.00633333" diaginertia="1.17589e-06 7.62539e-07 4.14205e-07"/>
                                <joint name="finger_1_segment_joint_3" pos="0 0 0" axis="0 1 0" limited="true" range="-1 1" damping="0.01" stiffness="5"/>
                                <geom size="0.0095 0.014 0.00045" pos="0.0095 0 0" type="box" contype="0" conaffinity="0" group="1" name="finger_1_segment_link_4_geom_visual"/>
                                <geom size="0.0095 0.014 0.00045" pos="0.0095 0 0" type="box" name="finger_1_segment_link_4_geom_collision"/>
                                <body name="finger_1_segment_link_5" pos="0.019 0 0">
                                    <inertial pos="0 0 0" quat="0 0.707107 0 0.707107" mass="0.00633333" diaginertia="1.17589e-06 7.62539e-07 4.14205e-07"/>
                                    <joint name="finger_1_segment_joint_4" pos="0 0 0" axis="0 1 0" limited="true" range="-1 1" damping="0.01" stiffness="5"/>
                                    <geom size="0.0095 0.014 0.00045" pos="0.0095 0 0" type="box" contype="0" conaffinity="0" group="1" name="finger_1_segment_link_5_geom_visual"/>
                                    <geom size="0.0095 0.014 0.00045" pos="0.0095 0 0" type="box" name="finger_1_segment_link_5_geom_collision"/>
                                    <body name="finger_1_segment_link_6" pos="0.019 0 0">
                                        <inertial pos="0 0 0" quat="0 0.707107 0 0.707107" mass="0.00633333" diaginertia="1.17589e-06 7.62539e-07 4.14205e-07"/>
                                        <joint name="finger_1_segment_joint_5" pos="0 0 0" axis="0 1 0" limited="true" range="-1 1" damping="0.01" stiffness="5"/>
                                        <geom size="0.0095 0.014 0.00045" pos="0.0095 0 0" type="box" contype="0" conaffinity="0" group="1" name="finger_1_segment_link_6_geom_visual"/>
                                        <geom size="0.0095 0.014 0.00045" pos="0.0095 0 0" type="box" name="finger_1_segment_link_6_geom_collision"/>
                                        <body name="finger_1_segment_link_7" pos="0.019 0 0">
                                            <inertial pos="0 0 0" quat="0 0.707107 0 0.707107" mass="0.00633333" diaginertia="1.17589e-06 7.62539e-07 4.14205e-07"/>
                                            <joint name="finger_1_segment_joint_6" pos="0 0 0" axis="0 1 0" limited="true" range="-1 1" damping="0.01" stiffness="5"/>
                                            <geom size="0.0095 0.014 0.00045" pos="0.0095 0 0" type="box" contype="0" conaffinity="0" group="1" name="finger_1_segment_link_7_geom_visual"/>
                                            <geom size="0.0095 0.014 0.00045" pos="0.0095 0 0" type="box" name="finger_1_segment_link_7_geom_collision"/>
                                            <body name="finger_1_segment_link_8" pos="0.019 0 0">
                                                <inertial pos="0 0 0" quat="0 0.707107 0 0.707107" mass="0.00633333" diaginertia="1.17589e-06 7.62539e-07 4.14205e-07"/>
                                                <joint name="finger_1_segment_joint_7" pos="0 0 0" axis="0 1 0" limited="true" range="-1 1" damping="0.01" stiffness="5"/>
                                                <geom size="0.0095 0.014 0.00045" pos="0.0095 0 0" type="box" contype="0" conaffinity="0" group="1" name="finger_1_segment_link_8_geom_visual"/>
                                                <geom size="0.0095 0.014 0.00045" pos="0.0095 0 0" type="box" name="finger_1_segment_link_8_geom_collision"/>
                                                <body name="finger_1_segment_link_9" pos="0.019 0 0">
                                                    <inertial pos="0 0 0" quat="0 0.707107 0 0.707107" mass="0.00633333" diaginertia="1.17589e-06 7.62539e-07 4.14205e-07"/>
                                                    <joint name="finger_1_segment_joint_8" pos="0 0 0" axis="0 1 0" limited="true" range="-1 1" damping="0.01" stiffness="5"/>
                                                    <geom size="0.0095 0.014 0.00045" pos="0.0095 0 0" type="box" contype="0" conaffinity="0" group="1" name="finger_1_segment_link_9_geom_visual"/>
                                                    <geom size="0.0095 0.014 0.00045" pos="0.0095 0 0" type="box" name="finger_1_segment_link_9_geom_collision"/>
                                                    <body name="finger_1_segment_link_10" pos="0.019 0 0">
                                                        <inertial pos="0.0095 0 0" quat="0 0.707107 0 0.707107" mass="0.0126667" diaginertia="2.73326e-06 2.66824e-06 1.59009e-06"/>
                                                        <joint name="finger_1_segment_joint_9" pos="0 0 0" axis="0 1 0" limited="true" range="-1 1" damping="0.01" stiffness="5"/>
                                                        <geom size="0.0095 0.014 0.00045" pos="0.0095 0 0" type="box" contype="0" conaffinity="0" group="1" name="finger_1_segment_link_10_geom_visual"/>
                                                        <geom size="0.0095 0.014 0.00045" pos="0.0095 0 0" type="box" name="finger_1_segment_link_10_geom_collision"/>
                                                        <geom size="0.0175 0.014 0.00045" pos="0.019 0 0.0175" quat="0.707107 0 -0.707107 0" type="box" contype="0" conaffinity="0" group="1" name="finger_1_segment_link_10_geom_hook_visual"/>
                                                        <geom size="0.0175 0.014 0.00045" pos="0.019 0 0.0175" quat="0.707107 0 -0.707107 0" type="box" name="finger_1_segment_link_10_geom_hook_collision"/>
                                                    </body>
                                                </body>
                                            </body>
                                        </body>
                                    </body>
                                </body>
                            </body>
                        </body>
                    </body>
                </body>
            </body>
            <body name="finger_2_intermediate" pos="0 0 0" quat="0.353553 -0.612372 -0.353553 -0.612372">
                <inertial pos="0 0 0" quat="0.37634 0.403447 0.585982 0.593484" mass="0.1" diaginertia="0.000166494 0.00015418 3.54554e-05"/>
                <joint name="finger_2_prismatic_joint" pos="0 0 0" axis="0 1 0" type="slide" limited="true" range="0.053 0.141" damping="1"/>
                <geom type="mesh" contype="0" conaffinity="0" group="1" mesh="nut visual"/>
                <geom type="mesh" mesh="nut collision"/>
                <body name="finger_2" pos="0 0 0">
                    <inertial pos="0.00768339 -0.000416928 0" quat="0.305036 0.562694 0.431992 0.635383" mass="0.106333" diaginertia="0.000255821 0.000253984 4.74922e-05"/>
                    <joint name="finger_2_revolute_joint" pos="0 0 0" axis="0 0 1" limited="true" range="-0.7 0.7" damping="1"/>
                    <geom type="mesh" contype="0" conaffinity="0" group="1" mesh="platform only visual"/>
                    <geom type="mesh" mesh="platform only collision"/>
                    <geom size="0.0095 0.014 0.00045" pos="0.1385 -0.007 0" quat="0.707107 0.707107 0 0" type="box" contype="0" conaffinity="0" group="1"/>
                    <geom size="0.0095 0.014 0.00045" pos="0.1385 -0.007 0" quat="0.707107 0.707107 0 0" type="box"/>
                    <body name="finger_2_segment_link_2" pos="0.148 -0.007 0" quat="0.707107 0.707107 0 0">
                        <inertial pos="0 0 0" quat="0 0.707107 0 0.707107" mass="0.00633333" diaginertia="1.17589e-06 7.62539e-07 4.14205e-07"/>
                        <joint name="finger_2_segment_joint_1" pos="0 0 0" axis="0 1 0" limited="true" range="-1 1" damping="0.01" stiffness="5"/>
                        <geom size="0.0095 0.014 0.00045" pos="0.0095 0 0" type="box" contype="0" conaffinity="0" group="1" name="finger_2_segment_link_2_geom_visual"/>
                        <geom size="0.0095 0.014 0.00045" pos="0.0095 0 0" type="box" name="finger_2_segment_link_2_geom_collision"/>
                        <body name="finger_2_segment_link_3" pos="0.019 0 0">
                            <inertial pos="0 0 0" quat="0 0.707107 0 0.707107" mass="0.00633333" diaginertia="1.17589e-06 7.62539e-07 4.14205e-07"/>
                            <joint name="finger_2_segment_joint_2" pos="0 0 0" axis="0 1 0" limited="true" range="-1 1" damping="0.01" stiffness="5"/>
                            <geom size="0.0095 0.014 0.00045" pos="0.0095 0 0" type="box" contype="0" conaffinity="0" group="1" name="finger_2_segment_link_3_geom_visual"/>
                            <geom size="0.0095 0.014 0.00045" pos="0.0095 0 0" type="box" name="finger_2_segment_link_3_geom_collision"/>
                            <body name="finger_2_segment_link_4" pos="0.019 0 0">
                                <inertial pos="0 0 0" quat="0 0.707107 0 0.707107" mass="0.00633333" diaginertia="1.17589e-06 7.62539e-07 4.14205e-07"/>
                                <joint name="finger_2_segment_joint_3" pos="0 0 0" axis="0 1 0" limited="true" range="-1 1" damping="0.01" stiffness="5"/>
                                <geom size="0.0095 0.014 0.00045" pos="0.0095 0 0" type="box" contype="0" conaffinity="0" group="1" name="finger_2_segment_link_4_geom_visual"/>
                                <geom size="0.0095 0.014 0.00045" pos="0.0095 0 0" type="box" name="finger_2_segment_link_4_geom_collision"/>
                                <body name="finger_2_segment_link_5" pos="0.019 0 0">
                                    <inertial pos="0 0 0" quat="0 0.707107 0 0.707107" mass="0.00633333" diaginertia="1.17589e-06 7.62539e-07 4.14205e-07"/>
                                    <joint name="finger_2_segment_joint_4" pos="0 0 0" axis="0 1 0" limited="true" range="-1 1" damping="0.01" stiffness="5"/>
                                    <geom size="0.0095 0.014 0.00045" pos="0.0095 0 0" type="box" contype="0" conaffinity="0" group="1" name="finger_2_segment_link_5_geom_visual"/>
                                    <geom size="0.0095 0.014 0.00045" pos="0.0095 0 0" type="box" name="finger_2_segment_link_5_geom_collision"/>
                                    <body name="finger_2_segment_link_6" pos="0.019 0 0">
                                        <inertial pos="0 0 0" quat="0 0.707107 0 0.707107" mass="0.00633333" diaginertia="1.17589e-06 7.62539e-07 4.14205e-07"/>
                                        <joint name="finger_2_segment_joint_5" pos="0 0 0" axis="0 1 0" limited="true" range="-1 1" damping="0.01" stiffness="5"/>
                                        <geom size="0.0095 0.014 0.00045" pos="0.0095 0 0" type="box" contype="0" conaffinity="0" group="1" name="finger_2_segment_link_6_geom_visual"/>
                                        <geom size="0.0095 0.014 0.00045" pos="0.0095 0 0" type="box" name="finger_2_segment_link_6_geom_collision"/>
                                        <body name="finger_2_segment_link_7" pos="0.019 0 0">
                                            <inertial pos="0 0 0" quat="0 0.707107 0 0.707107" mass="0.00633333" diaginertia="1.17589e-06 7.62539e-07 4.14205e-07"/>
                                            <joint name="finger_2_segment_joint_6" pos="0 0 0" axis="0 1 0" limited="true" range="-1 1" damping="0.01" stiffness="5"/>
                                            <geom size="0.0095 0.014 0.00045" pos="0.0095 0 0" type="box" contype="0" conaffinity="0" group="1" name="finger_2_segment_link_7_geom_visual"/>
                                            <geom size="0.0095 0.014 0.00045" pos="0.0095 0 0" type="box" name="finger_2_segment_link_7_geom_collision"/>
                                            <body name="finger_2_segment_link_8" pos="0.019 0 0">
                                                <inertial pos="0 0 0" quat="0 0.707107 0 0.707107" mass="0.00633333" diaginertia="1.17589e-06 7.62539e-07 4.14205e-07"/>
                                                <joint name="finger_2_segment_joint_7" pos="0 0 0" axis="0 1 0" limited="true" range="-1 1" damping="0.01" stiffness="5"/>
                                                <geom size="0.0095 0.014 0.00045" pos="0.0095 0 0" type="box" contype="0" conaffinity="0" group="1" name="finger_2_segment_link_8_geom_visual"/>
                                                <geom size="0.0095 0.014 0.00045" pos="0.0095 0 0" type="box" name="finger_2_segment_link_8_geom_collision"/>
                                                <body name="finger_2_segment_link_9" pos="0.019 0 0">
                                                    <inertial pos="0 0 0" quat="0 0.707107 0 0.707107" mass="0.00633333" diaginertia="1.17589e-06 7.62539e-07 4.14205e-07"/>
                                                    <joint name="finger_2_segment_joint_8" pos="0 0 0" axis="0 1 0" limited="true" range="-1 1" damping="0.01" stiffness="5"/>
                                                    <geom size="0.0095 0.014 0.00045" pos="0.0095 0 0" type="box" contype="0" conaffinity="0" group="1" name="finger_2_segment_link_9_geom_visual"/>
                                                    <geom size="0.0095 0.014 0.00045" pos="0.0095 0 0" type="box" name="finger_2_segment_link_9_geom_collision"/>
                                                    <body name="finger_2_segment_link_10" pos="0.019 0 0">
                                                        <inertial pos="0.0095 0 0" quat="0 0.707107 0 0.707107" mass="0.0126667" diaginertia="2.73326e-06 2.66824e-06 1.59009e-06"/>
                                                        <joint name="finger_2_segment_joint_9" pos="0 0 0" axis="0 1 0" limited="true" range="-1 1" damping="0.01" stiffness="5"/>
                                                        <geom size="0.0095 0.014 0.00045" pos="0.0095 0 0" type="box" contype="0" conaffinity="0" group="1" name="finger_2_segment_link_10_geom_visual"/>
                                                        <geom size="0.0095 0.014 0.00045" pos="0.0095 0 0" type="box" name="finger_2_segment_link_10_geom_collision"/>
                                                        <geom size="0.0175 0.014 0.00045" pos="0.019 0 0.0175" quat="0.707107 0 -0.707107 0" type="box" contype="0" conaffinity="0" group="1" name="finger_2_segment_link_10_geom_hook_visual"/>
                                                        <geom size="0.0175 0.014 0.00045" pos="0.019 0 0.0175" quat="0.707107 0 -0.707107 0" type="box" name="finger_2_segment_link_10_geom_hook_collision"/>
                                                    </body>
                                                </body>
                                            </body>
                                        </body>
                                    </body>
                                </body>
                            </body>
                        </body>
                    </body>
                </body>
            </body>
            <body name="finger_3_intermediate" pos="0 0 0" quat="-0.353553 -0.612372 0.353553 -0.612372">
                <inertial pos="0 0 0" quat="0.37634 0.403447 0.585982 0.593484" mass="0.1" diaginertia="0.000166494 0.00015418 3.54554e-05"/>
                <joint name="finger_3_prismatic_joint" pos="0 0 0" axis="0 1 0" type="slide" limited="true" range="0.053 0.141" damping="1"/>
                <geom type="mesh" contype="0" conaffinity="0" group="1" mesh="nut visual"/>
                <geom type="mesh" mesh="nut collision"/>
                <body name="finger_3" pos="0 0 0">
                    <inertial pos="0.00768339 -0.000416928 0" quat="0.305036 0.562694 0.431992 0.635383" mass="0.106333" diaginertia="0.000255821 0.000253984 4.74922e-05"/>
                    <joint name="finger_3_revolute_joint" pos="0 0 0" axis="0 0 1" limited="true" range="-0.7 0.7" damping="1"/>
                    <geom type="mesh" contype="0" conaffinity="0" group="1" mesh="platform only visual"/>
                    <geom type="mesh" mesh="platform only collision"/>
                    <geom size="0.0095 0.014 0.00045" pos="0.1385 -0.007 0" quat="0.707107 0.707107 0 0" type="box" contype="0" conaffinity="0" group="1"/>
                    <geom size="0.0095 0.014 0.00045" pos="0.1385 -0.007 0" quat="0.707107 0.707107 0 0" type="box"/>
                    <body name="finger_3_segment_link_2" pos="0.148 -0.007 0" quat="0.707107 0.707107 0 0">
                        <inertial pos="0 0 0" quat="0 0.707107 0 0.707107" mass="0.00633333" diaginertia="1.17589e-06 7.62539e-07 4.14205e-07"/>
                        <joint name="finger_3_segment_joint_1" pos="0 0 0" axis="0 1 0" limited="true" range="-1 1" damping="0.01" stiffness="5"/>
                        <geom size="0.0095 0.014 0.00045" pos="0.0095 0 0" type="box" contype="0" conaffinity="0" group="1" name="finger_3_segment_link_2_geom_visual"/>
                        <geom size="0.0095 0.014 0.00045" pos="0.0095 0 0" type="box" name="finger_3_segment_link_2_geom_collision"/>
                        <body name="finger_3_segment_link_3" pos="0.019 0 0">
                            <inertial pos="0 0 0" quat="0 0.707107 0 0.707107" mass="0.00633333" diaginertia="1.17589e-06 7.62539e-07 4.14205e-07"/>
                            <joint name="finger_3_segment_joint_2" pos="0 0 0" axis="0 1 0" limited="true" range="-1 1" damping="0.01" stiffness="5"/>
                            <geom size="0.0095 0.014 0.00045" pos="0.0095 0 0" type="box" contype="0" conaffinity="0" group="1" name="finger_3_segment_link_3_geom_visual"/>
                            <geom size="0.0095 0.014 0.00045" pos="0.0095 0 0" type="box" name="finger_3_segment_link_3_geom_collision"/>
                            <body name="finger_3_segment_link_4" pos="0.019 0 0">
                                <inertial pos="0 0 0" quat="0 0.707107 0 0.707107" mass="0.00633333" diaginertia="1.17589e-06 7.62539e-07 4.14205e-07"/>
                                <joint name="finger_3_segment_joint_3" pos="0 0 0" axis="0 1 0" limited="true" range="-1 1" damping="0.01" stiffness="5"/>
                                <geom size="0.0095 0.014 0.00045" pos="0.0095 0 0" type="box" contype="0" conaffinity="0" group="1" name="finger_3_segment_link_4_geom_visual"/>
                                <geom size="0.0095 0.014 0.00045" pos="0.0095 0 0" type="box" name="finger_3_segment_link_4_geom_collision"/>
                                <body name="finger_3_segment_link_5" pos="0.019 0 0">
                                    <inertial pos="0 0 0" quat="0 0.707107 0 0.707107" mass="0.00633333" diaginertia="1.17589e-06 7.62539e-07 4.14205e-07"/>
                                    <joint name="finger_3_segment_joint_4" pos="0 0 0" axis="0 1 0" limited="true" range="-1 1" damping="0.01" stiffness="5"/>
                                    <geom size="0.0095 0.014 0.00045" pos="0.0095 0 0" type="box" contype="0" conaffinity="0" group="1" name="finger_3_segment_link_5_geom_visual"/>
                                    <geom size="0.0095 0.014 0.00045" pos="0.0095 0 0" type="box" name="finger_3_segment_link_5_geom_collision"/>
                                    <body name="finger_3_segment_link_6" pos="0.019 0 0">
                                        <inertial pos="0 0 0" quat="0 0.707107 0 0.707107" mass="0.00633333" diaginertia="1.17589e-06 7.62539e-07 4.14205e-07"/>
                                        <joint name="finger_3_segment_joint_5" pos="0 0 0" axis="0 1 0" limited="true" range="-1 1" damping="0.01" stiffness="5"/>
                                        <geom size="0.0095 0.014 0.00045" pos="0.0095 0 0" type="box" contype="0" conaffinity="0" group="1" name="finger_3_segment_link_6_geom_visual"/>
                                        <geom size="0.0095 0.014 0.00045" pos="0.0095 0 0" type="box" name="finger_3_segment_link_6_geom_collision"/>
                                        <body name="finger_3_segment_link_7" pos="0.019 0 0">
                                            <inertial pos="0 0 0" quat="0 0.707107 0 0.707107" mass="0.00633333" diaginertia="1.17589e-06 7.62539e-07 4.14205e-07"/>
                                            <joint name="finger_3_segment_joint_6" pos="0 0 0" axis="0 1 0" limited="true" range="-1 1" damping="0.01" stiffness="5"/>
                                            <geom size="0.0095 0.014 0.00045" pos="0.0095 0 0" type="box" contype="0" conaffinity="0" group="1" name="finger_3_segment_link_7_geom_visual"/>
                                            <geom size="0.0095 0.014 0.00045" pos="0.0095 0 0" type="box" name="finger_3_segment_link_7_geom_collision"/>
                                            <body name="finger_3_segment_link_8" pos="0.019 0 0">
                                                <inertial pos="0 0 0" quat="0 0.707107 0 0.707107" mass="0.00633333" diaginertia="1.17589e-06 7.62539e-07 4.14205e-07"/>
                                                <joint name="finger_3_segment_joint_7" pos="0 0 0" axis="0 1 0" limited="true" range="-1 1" damping="0.01" stiffness="5"/>
                                                <geom size="0.0095 0.014 0.00045" pos="0.0095 0 0" type="box" contype="0" conaffinity="0" group="1" name="finger_3_segment_link_8_geom_visual"/>
                                                <geom size="0.0095 0.014 0.00045" pos="0.0095 0 0" type="box" name="finger_3_segment_link_8_geom_collision"/>
                                                <body name="finger_3_segment_link_9" pos="0.019 0 0">
                                                    <inertial pos="0 0 0" quat="0 0.707107 0 0.707107" mass="0.00633333" diaginertia="1.17589e-06 7.62539e-07 4.14205e-07"/>
                                                    <joint name="finger_3_segment_joint_8" pos="0 0 0" axis="0 1 0" limited="true" range="-1 1" damping="0.01" stiffness="5"/>
                                                    <geom size="0.0095 0.014 0.00045" pos="0.0095 0 0" type="box" contype="0" conaffinity="0" group="1" name="finger_3_segment_link_9_geom_visual"/>
                                                    <geom size="0.0095 0.014 0.00045" pos="0.0095 0 0" type="box" name="finger_3_segment_link_9_geom_collision"/>
                                                    <body name="finger_3_segment_link_10" pos="0.019 0 0">
                                                        <inertial pos="0.0095 0 0" quat="0 0.707107 0 0.707107" mass="0.0126667" diaginertia="2.73326e-06 2.66824e-06 1.59009e-06"/>
                                                        <joint name="finger_3_segment_joint_9" pos="0 0 0" axis="0 1 0" limited="true" range="-1 1" damping="0.01" stiffness="5"/>
                                                        <geom size="0.0095 0.014 0.00045" pos="0.0095 0 0" type="box" contype="0" conaffinity="0" group="1" name="finger_3_segment_link_10_geom_visual"/>
                                                        <geom size="0.0095 0.014 0.00045" pos="0.0095 0 0" type="box" name="finger_3_segment_link_10_geom_collision"/>
                                                        <geom size="0.0175 0.014 0.00045" pos="0.019 0 0.0175" quat="0.707107 0 -0.707107 0" type="box" contype="0" conaffinity="0" group="1" name="finger_3_segment_link_10_geom_hook_visual"/>
                                                        <geom size="0.0175 0.014 0.00045" pos="0.019 0 0.0175" quat="0.707107 0 -0.707107 0" type="box" name="finger_3_segment_link_10_geom_hook_collision"/>
                                                    </body>
                                                </body>
                                            </body>
                                        </body>
                                    </body>
                                </body>
                            </body>
                        </body>
                    </body>
                </body>
            </body>
            <body name="palm" pos="0 0 0" quat="0.707107 0 -0.707107 0">
                <inertial pos="0 0 0" mass="0.05" diaginertia="1e-05 1e-05 1e-05"/>
                <joint name="palm_prismatic_joint" pos="0 0 0" axis="1 0 0" type="slide" limited="true" range="0 0.16" damping="1"/>
                <geom type="mesh" contype="0" conaffinity="0" group="1" mesh="palm visual" name="palm_geom_visual"/>
                <geom type="mesh" mesh="palm collision" name="palm_geom_collision"/>
            </body>
        <site name="force sensor site" type="sphere" rgba="0 0 0 0" size="0.005 0.005 0.005" pos="0 0 0" quat="0 0 0 1"/><site name="force sensor site" type="sphere" rgba="0 0 0 0" size="0.005 0.005 0.005" pos="0 0 0" quat="0 0 0 1"/></body>
    <include file="mjcf_include/objects.xml"/><include file="../mjcf_include/objects/objects_15.xml"/></worldbody>
<keyframe>
    <key name="initial pose" time="0" qpos="0.0 0.14 0.0 0 0 0 0 0 0 0 0 0  0.14 0.0 0 0 0 0 0 0 0 0 0  0.14 0.0 0 0 0 0 0 0 0 0 0  0.0  -4.75 2.0 0.03 0 0 0 1 -4.25 2.0 0.03125 0 0 0 1 -3.75 2.0 0.0325 0 0 0 1 -3.25 2.0 0.03375 0 0 0 1 -2.75 2.0 0.035 0 0 0 1 -2.25 2.0 0.03625 0 0 0 1 -1.75 2.0 0.0375 0 0 0 1 -1.25 2.0 0.03875 0 0 0 1 -0.75 2.0 0.04 0 0 0 1 -0.25 2.0 0.03 0 0 0 1 0.25 2.0 0.03125 0 0 0 1 0.75 2.0 0.0325 0 0 0 1 1.25 2.0 0.03375 0 0 0 1 1.75 2.0 0.035 0 0 0 1 2.25 2.0 0.03625 0 0 0 1 2.75 2.0 0.0375 0 0 0 1 3.25 2.0 0.03875 0 0 0 1 3.75 2.0 0.04 0 0 0 1 4.25 2.0 0.03 0 0 0 1 4.75 2.0 0.03125 0 0 0 1 -4.75 2.5 0.0325 0 0 0 1 -4.25 2.5 0.03375 0 0 0 1 -3.75 2.5 0.035 0 0 0 1 -3.25 2.5 0.03625 0 0 0 1 -2.75 2.5 0.0375 0 0 0 1 -2.25 2.5 0.03875 0 0 0 1 -1.75 2.5 0.04 0 0 0 1 -1.25 2.5 0.03 0 0 0 1 -0.75 2.5 0.03125 0 0 0 1 -0.25 2.5 0.0325 0 0 0 1 0.25 2.5 0.03375 0 0 0 1 0.75 2.5 0.035 0 0 0 1 1.25 2.5 0.03625 0 0 0 1 1.75 2.5 0.0375 0 0 0 1 2.25 2.5 0.03875 0 0 0 1 2.75 2.5 0.04 0 0 0 1 3.25 2.5 0.03 0 0 0 1 3.75 2.5 0.03125 0 0 0 1 4.25 2.5 0.0325 0 0 0 1 4.75 2.5 0.03375 0 0 0 1 -4.75 3.0 0.035 0 0 0 1 -4.25 3.0 0.03625 0 0 0 1 -3.75 3.0 0.0375 0 0 0 1 -3.25 3.0 0.03875 0 0 0 1 -2.75 3.0 0.04 0 0 0 1 -2.25 3.0 0.03 0 0 0 1 -1.75 3.0 0.0321428571429 0 0 0 1 -1.25 3.0 0.0342857142857 0 0 0 1 -0.75 3.0 0.0364285714286 0 0 0 1 -0.25 3.0 0.0385714285714 0 0 0 1 0.25 3.0 0.0407142857143 0 0 0 1 0.75 3.0 0.0428571428571 0 0 0 1 1.25 3.0 0.045 0 0 0 1 1.75 3.0 0.0471428571429 0 0 0 1 2.25 3.0 0.0492857142857 0 0 0 1 2.75 3.0 0.0514285714286 0 0 0 1 3.25 3.0 0.0535714285714 0 0 0 1 3.75 3.0 0.0557142857143 0 0 0 1 4.25 3.0 0.0578571428571 0 0 0 1 4.75 3.0 0.06 0 0 0 1 -4.75 3.5 0.03 0 0 0 1 -4.25 3.5 0.0321428571429 0 0 0 1 -3.75 3.5 0.0342857142857 0 0 0 1 -3.25 3.5 0.0364285714286 0 0 0 1 -2.75 3.5 0.0385714285714 0 0 0 1 -2.25 3.5 0.0407142857143 0 0 0 1 -1.75 3.5 0.0428571428571 0 0 0 1 -1.25 3.5 0.045 0 0 0 1 -0.75 3.5 0.0471428571429 0 0 0 1 -0.25 3.5 0.0492857142857 0 0 0 1 0.25 3.5 0.0514285714286 0 0 0 1 0.75 3.5 0.0535714285714 0 0 0 1 1.25 3.5 0.0557142857143 0 0 0 1 1.75 3.5 0.0578571428571 0 0 0 1 2.25 3.5 0.06 0 0 0 1 2.75 3.5 0.03 0 0 0 1 3.25 3.5 0.0321428571429 0 0 0 1 3.75 3.5 0.0342857142857 0 0 0 1 4.25 3.5 0.0364285714286 0 0 0 1 4.75 3.5 0.0385714285714 0 0 0 1 -4.75 4.0 0.0407142857143 0 0 0 1 -4.25 4.0 0.0428571428571 0 0 0 1 -3.75 4.0 0.045 0 0 0 1 -3.25 4.0 0.0471428571429 0 0 0 1 -2.75 4.0 0.0492857142857 0 0 0 1 -2.25 4.0 0.0514285714286 0 0 0 1 -1.75 4.0 0.0535714285714 0 0 0 1 -1.25 4.0 0.0557142857143 0 0 0 1 -0.75 4.0 0.0578571428571 0 0 0 1 -0.25 4.0 0.06 0 0 0 1 0.25 4.0 0.05 0 0 0 1 0.75 4.0 0.0525 0 0 0 1 1.25 4.0 0.055 0 0 0 1 1.75 4.0 0.0575 0 0 0 1 2.25 4.0 0.06 0 0 0 1 2.75 4.0 0.0625 0 0 0 1 3.25 4.0 0.065 0 0 0 1 3.75 4.0 0.0675 0 0 0 1 4.25 4.0 0.07 0 0 0 1 4.75 4.0 0.05 0 0 0 1 -4.75 4.5 0.0525 0 0 0 1 -4.25 4.5 0.055 0 0 0 1 -3.75 4.5 0.0575 0 0 0 1 -3.25 4.5 0.06 0 0 0 1 -2.75 4.5 0.0625 0 0 0 1 -2.25 4.5 0.065 0 0 0 1 -1.75 4.5 0.0675 0 0 0 1 -1.25 4.5 0.07 0 0 0 1 -0.75 4.5 0.05 0 0 0 1 -0.25 4.5 0.0525 0 0 0 1 0.25 4.5 0.055 0 0 0 1 0.75 4.5 0.0575 0 0 0 1 1.25 4.5 0.06 0 0 0 1 1.75 4.5 0.0625 0 0 0 1 2.25 4.5 0.065 0 0 0 1 2.75 4.5 0.0675 0 0 0 1 3.25 4.5 0.07 0 0 0 1 3.75 4.5 0.05 0 0 0 1 4.25 4.5 0.0525 0 0 0 1 4.75 4.5 0.055 0 0 0 1 -4.75 5.0 0.0575 0 0 0 1 -4.25 5.0 0.06 0 0 0 1 -3.75 5.0 0.0625 0 0 0 1 -3.25 5.0 0.065 0 0 0 1 -2.75 5.0 0.0675 0 0 0 1 -2.25 5.0 0.07 0 0 0 1 -1.75 5.0 0.05 0 0 0 1 -1.25 5.0 0.0525 0 0 0 1 -0.75 5.0 0.055 0 0 0 1 -0.25 5.0 0.0575 0 0 0 1 0.25 5.0 0.06 0 0 0 1 0.75 5.0 0.0625 0 0 0 1 1.25 5.0 0.065 0 0 0 1 1.75 5.0 0.0675 0 0 0 1 2.25 5.0 0.07 0 0 0 1 2.75 5.0 0.02 0 0 0 1 3.25 5.0 0.020625 0 0 0 1 3.75 5.0 0.02125 0 0 0 1 4.25 5.0 0.021875 0 0 0 1 4.75 5.0 0.0225 0 0 0 1 -4.75 5.5 0.023125 0 0 0 1 -4.25 5.5 0.02375 0 0 0 1 -3.75 5.5 0.024375 0 0 0 1 -3.25 5.5 0.025 0 0 0 1 -2.75 5.5 0.02 0 0 0 1 -2.25 5.5 0.020625 0 0 0 1 -1.75 5.5 0.02125 0 0 0 1 -1.25 5.5 0.021875 0 0 0 1 -0.75 5.5 0.0225 0 0 0 1 -0.25 5.5 0.023125 0 0 0 1 0.25 5.5 0.02375 0 0 0 1 0.75 5.5 0.024375 0 0 0 1 1.25 5.5 0.025 0 0 0 1 1.75 5.5 0.02 0 0 0 1 2.25 5.5 0.020625 0 0 0 1 2.75 5.5 0.02125 0 0 0 1 3.25 5.5 0.021875 0 0 0 1 3.75 5.5 0.0225 0 0 0 1 4.25 5.5 0.023125 0 0 0 1 4.75 5.5 0.02375 0 0 0 1 -4.75 6.0 0.024375 0 0 0 1 -4.25 6.0 0.025 0 0 0 1 -3.75 6.0 0.02 0 0 0 1 -3.25 6.0 0.020625 0 0 0 1 -2.75 6.0 0.02125 0 0 0 1 -2.25 6.0 0.021875 0 0 0 1 -1.75 6.0 0.0225 0 0 0 1 -1.25 6.0 0.023125 0 0 0 1 -0.75 6.0 0.02375 0 0 0 1 -0.25 6.0 0.024375 0 0 0 1 0.25 6.0 0.025 0 0 0 1 0.75 6.0 0.02 0 0 0 1 1.25 6.0 0.020625 0 0 0 1 1.75 6.0 0.02125 0 0 0 1 2.25 6.0 0.021875 0 0 0 1 2.75 6.0 0.0225 0 0 0 1 3.25 6.0 0.023125 0 0 0 1 3.75 6.0 0.02375 0 0 0 1 4.25 6.0 0.024375 0 0 0 1 4.75 6.0 0.025 0 0 0 1 -4.75 6.5 0.02 0 0 0 1 -4.25 6.5 0.0217857142857 0 0 0 1 -3.75 6.5 0.0235714285714 0 0 0 1 -3.25 6.5 0.0253571428571 0 0 0 1 -2.75 6.5 0.0271428571429 0 0 0 1 -2.25 6.5 0.0289285714286 0 0 0 1 -1.75 6.5 0.0307142857143 0 0 0 1 -1.25 6.5 0.0325 0 0 0 1 -0.75 6.5 0.0342857142857 0 0 0 1 -0.25 6.5 0.0360714285714 0 0 0 1 0.25 6.5 0.0378571428571 0 0 0 1 0.75 6.5 0.0396428571429 0 0 0 1 1.25 6.5 0.0414285714286 0 0 0 1 1.75 6.5 0.0432142857143 0 0 0 1 2.25 6.5 0.045 0 0 0 1 2.75 6.5 0.02 0 0 0 1 3.25 6.5 0.0217857142857 0 0 0 1 3.75 6.5 0.0235714285714 0 0 0 1 4.25 6.5 0.0253571428571 0 0 0 1 4.75 6.5 0.0271428571429 0 0 0 1 -4.75 7.0 0.0289285714286 0 0 0 1 -4.25 7.0 0.0307142857143 0 0 0 1 -3.75 7.0 0.0325 0 0 0 1 -3.25 7.0 0.0342857142857 0 0 0 1 -2.75 7.0 0.0360714285714 0 0 0 1 -2.25 7.0 0.0378571428571 0 0 0 1 -1.75 7.0 0.0396428571429 0 0 0 1 -1.25 7.0 0.0414285714286 0 0 0 1 -0.75 7.0 0.0432142857143 0 0 0 1 -0.25 7.0 0.045 0 0 0 1 0.25 7.0 0.02 0 0 0 1 0.75 7.0 0.0217857142857 0 0 0 1 1.25 7.0 0.0235714285714 0 0 0 1 1.75 7.0 0.0253571428571 0 0 0 1 2.25 7.0 0.0271428571429 0 0 0 1 2.75 7.0 0.0289285714286 0 0 0 1 3.25 7.0 0.0307142857143 0 0 0 1 3.75 7.0 0.0325 0 0 0 1 4.25 7.0 0.0342857142857 0 0 0 1 4.75 7.0 0.0360714285714 0 0 0 1 -4.75 7.5 0.0378571428571 0 0 0 1 -4.25 7.5 0.0396428571429 0 0 0 1 -3.75 7.5 0.0414285714286 0 0 0 1 -3.25 7.5 0.0432142857143 0 0 0 1 -2.75 7.5 0.045 0 0 0 1 -2.25 7.5 0.02 0 0 0 1 -1.75 7.5 0.0217857142857 0 0 0 1 -1.25 7.5 0.0235714285714 0 0 0 1 -0.75 7.5 0.0253571428571 0 0 0 1 -0.25 7.5 0.0271428571429 0 0 0 1 0.25 7.5 0.0289285714286 0 0 0 1 0.75 7.5 0.0307142857143 0 0 0 1 1.25 7.5 0.0325 0 0 0 1 1.75 7.5 0.0342857142857 0 0 0 1 2.25 7.5 0.0360714285714 0 0 0 1 2.75 7.5 0.0378571428571 0 0 0 1 3.25 7.5 0.0396428571429 0 0 0 1 3.75 7.5 0.0414285714286 0 0 0 1 4.25 7.5 0.0432142857143 0 0 0 1 4.75 7.5 0.045 0 0 0 1 -4.75 8.0 0.02 0 0 0 1 -4.25 8.0 0.0217857142857 0 0 0 1 -3.75 8.0 0.0235714285714 0 0 0 1 -3.25 8.0 0.0253571428571 0 0 0 1 -2.75 8.0 0.0271428571429 0 0 0 1 -2.25 8.0 0.0289285714286 0 0 0 1 -1.75 8.0 0.0307142857143 0 0 0 1 -1.25 8.0 0.0325 0 0 0 1 -0.75 8.0 0.0342857142857 0 0 0 1 -0.25 8.0 0.0360714285714 0 0 0 1 0.25 8.0 0.0378571428571 0 0 0 1 0.75 8.0 0.0396428571429 0 0 0 1 1.25 8.0 0.0414285714286 0 0 0 1 1.75 8.0 0.0432142857143 0 0 0 1 2.25 8.0 0.045 0 0 0 1 2.75 8.0 0.03 0 0 0 1 3.25 8.0 0.031875 0 0 0 1 3.75 8.0 0.03375 0 0 0 1 4.25 8.0 0.035625 0 0 0 1 4.75 8.0 0.0375 0 0 0 1 -4.75 8.5 0.039375 0 0 0 1 -4.25 8.5 0.04125 0 0 0 1 -3.75 8.5 0.043125 0 0 0 1 -3.25 8.5 0.045 0 0 0 1 -2.75 8.5 0.03 0 0 0 1 -2.25 8.5 0.031875 0 0 0 1 -1.75 8.5 0.03375 0 0 0 1 -1.25 8.5 0.035625 0 0 0 1 -0.75 8.5 0.0375 0 0 0 1 -0.25 8.5 0.039375 0 0 0 1 0.25 8.5 0.04125 0 0 0 1 0.75 8.5 0.043125 0 0 0 1 1.25 8.5 0.045 0 0 0 1 1.75 8.5 0.03 0 0 0 1 2.25 8.5 0.031875 0 0 0 1 2.75 8.5 0.03375 0 0 0 1 3.25 8.5 0.035625 0 0 0 1 3.75 8.5 0.0375 0 0 0 1 4.25 8.5 0.039375 0 0 0 1 4.75 8.5 0.04125 0 0 0 1 -4.75 9.0 0.043125 0 0 0 1 -4.25 9.0 0.045 0 0 0 1 -3.75 9.0 0.03 0 0 0 1 -3.25 9.0 0.031875 0 0 0 1 -2.75 9.0 0.03375 0 0 0 1 -2.25 9.0 0.035625 0 0 0 1 -1.75 9.0 0.0375 0 0 0 1 -1.25 9.0 0.039375 0 0 0 1 -0.75 9.0 0.04125 0 0 0 1 -0.25 9.0 0.043125 0 0 0 1 0.25 9.0 0.045 0 0 0 1 0.75 9.0 0.03 0 0 0 1 1.25 9.0 0.031875 0 0 0 1 1.75 9.0 0.03375 0 0 0 1 2.25 9.0 0.035625 0 0 0 1 2.75 9.0 0.0375 0 0 0 1 3.25 9.0 0.039375 0 0 0 1 3.75 9.0 0.04125 0 0 0 1 4.25 9.0 0.043125 0 0 0 1 4.75 9.0 0.045 0 0 0 1 -4.75 9.5 0.035 0 0 0 1 -4.25 9.5 0.0352941176471 0 0 0 1 -3.75 9.5 0.0355882352941 0 0 0 1 -3.25 9.5 0.0358823529412 0 0 0 1 -2.75 9.5 0.0361764705882 0 0 0 1 -2.25 9.5 0.0364705882353 0 0 0 1 -1.75 9.5 0.0367647058824 0 0 0 1 -1.25 9.5 0.0370588235294 0 0 0 1 -0.75 9.5 0.0373529411765 0 0 0 1 -0.25 9.5 0.0376470588235 0 0 0 1 0.25 9.5 0.0379411764706 0 0 0 1 0.75 9.5 0.0382352941176 0 0 0 1 1.25 9.5 0.0385294117647 0 0 0 1 1.75 9.5 0.0388235294118 0 0 0 1 2.25 9.5 0.0391176470588 0 0 0 1 2.75 9.5 0.0394117647059 0 0 0 1 3.25 9.5 0.0397058823529 0 0 0 1 3.75 9.5 0.04 0 0 0 1 4.25 9.5 0.0402941176471 0 0 0 1 4.75 9.5 0.0405882352941 0 0 0 1 -4.75 10.0 0.0408823529412 0 0 0 1 -4.25 10.0 0.0411764705882 0 0 0 1 -3.75 10.0 0.0414705882353 0 0 0 1 -3.25 10.0 0.0417647058824 0 0 0 1 -2.75 10.0 0.0420588235294 0 0 0 1 -2.25 10.0 0.0423529411765 0 0 0 1 -1.75 10.0 0.0426470588235 0 0 0 1 -1.25 10.0 0.0429411764706 0 0 0 1 -0.75 10.0 0.0432352941176 0 0 0 1 -0.25 10.0 0.0435294117647 0 0 0 1 0.25 10.0 0.0438235294118 0 0 0 1 0.75 10.0 0.0441176470588 0 0 0 1 1.25 10.0 0.0444117647059 0 0 0 1 1.75 10.0 0.0447058823529 0 0 0 1 2.25 10.0 0.045 0 0 0 1 2.75 10.0 0.0452941176471 0 0 0 1 3.25 10.0 0.0455882352941 0 0 0 1 3.75 10.0 0.0458823529412 0 0 0 1 4.25 10.0 0.0461764705882 0 0 0 1 4.75 10.0 0.0464705882353 0 0 0 1 -4.75 10.5 0.0467647058824 0 0 0 1 -4.25 10.5 0.0470588235294 0 0 0 1 -3.75 10.5 0.0473529411765 0 0 0 1 -3.25 10.5 0.0476470588235 0 0 0 1 -2.75 10.5 0.0479411764706 0 0 0 1 -2.25 10.5 0.0482352941176 0 0 0 1 -1.75 10.5 0.0485294117647 0 0 0 1 -1.25 10.5 0.0488235294118 0 0 0 1 -0.75 10.5 0.0491176470588 0 0 0 1 -0.25 10.5 0.0494117647059 0 0 0 1 0.25 10.5 0.0497058823529 0 0 0 1 0.75 10.5 0.05 0 0 0 1 1.25 10.5 0.0502941176471 0 0 0 1 1.75 10.5 0.0505882352941 0 0 0 1 2.25 10.5 0.0508823529412 0 0 0 1 2.75 10.5 0.0511764705882 0 0 0 1 3.25 10.5 0.0514705882353 0 0 0 1 3.75 10.5 0.0517647058824 0 0 0 1 4.25 10.5 0.0520588235294 0 0 0 1 4.75 10.5 0.0523529411765 0 0 0 1 -4.75 11.0 0.0526470588235 0 0 0 1 -4.25 11.0 0.0529411764706 0 0 0 1 -3.75 11.0 0.0532352941176 0 0 0 1 -3.25 11.0 0.0535294117647 0 0 0 1 -2.75 11.0 0.0538235294118 0 0 0 1 -2.25 11.0 0.0541176470588 0 0 0 1 -1.75 11.0 0.0544117647059 0 0 0 1 -1.25 11.0 0.0547058823529 0 0 0 1 -0.75 11.0 0.055 0 0 0 1 -0.25 11.0 0.0552941176471 0 0 0 1 0.25 11.0 0.0555882352941 0 0 0 1 0.75 11.0 0.0558823529412 0 0 0 1 1.25 11.0 0.0561764705882 0 0 0 1 1.75 11.0 0.0564705882353 0 0 0 1 2.25 11.0 0.0567647058824 0 0 0 1 2.75 11.0 0.0570588235294 0 0 0 1 3.25 11.0 0.0573529411765 0 0 0 1 3.75 11.0 0.0576470588235 0 0 0 1 4.25 11.0 0.0579411764706 0 0 0 1 4.75 11.0 0.0582352941176 0 0 0 1 -4.75 11.5 0.0585294117647 0 0 0 1 -4.25 11.5 0.0588235294118 0 0 0 1 -3.75 11.5 0.0591176470588 0 0 0 1 -3.25 11.5 0.0594117647059 0 0 0 1 -2.75 11.5 0.0597058823529 0 0 0 1 -2.25 11.5 0.06 0 0 0 1 -1.75 11.5 0.0602941176471 0 0 0 1 -1.25 11.5 0.0605882352941 0 0 0 1 -0.75 11.5 0.0608823529412 0 0 0 1 -0.25 11.5 0.0611764705882 0 0 0 1 0.25 11.5 0.0614705882353 0 0 0 1 0.75 11.5 0.0617647058824 0 0 0 1 1.25 11.5 0.0620588235294 0 0 0 1 1.75 11.5 0.0623529411765 0 0 0 1 2.25 11.5 0.0626470588235 0 0 0 1 2.75 11.5 0.0629411764706 0 0 0 1 3.25 11.5 0.0632352941176 0 0 0 1 3.75 11.5 0.0635294117647 0 0 0 1 4.25 11.5 0.0638235294118 0 0 0 1 4.75 11.5 0.0641176470588 0 0 0 1 -4.75 12.0 0.0644117647059 0 0 0 1 -4.25 12.0 0.0647058823529 0 0 0 1 -3.75 12.0 0.065 0 0 0 1 -3.25 12.0 0.0652941176471 0 0 0 1 -2.75 12.0 0.0655882352941 0 0 0 1 -2.25 12.0 0.0658823529412 0 0 0 1 -1.75 12.0 0.0661764705882 0 0 0 1 -1.25 12.0 0.0664705882353 0 0 0 1 -0.75 12.0 0.0667647058824 0 0 0 1 -0.25 12.0 0.0670588235294 0 0 0 1 0.25 12.0 0.0673529411765 0 0 0 1 0.75 12.0 0.0676470588235 0 0 0 1 1.25 12.0 0.0679411764706 0 0 0 1 1.75 12.0 0.0682352941176 0 0 0 1 2.25 12.0 0.0685294117647 0 0 0 1 2.75 12.0 0.0688235294118 0 0 0 1 3.25 12.0 0.0691176470588 0 0 0 1 3.75 12.0 0.0694117647059 0 0 0 1 4.25 12.0 0.0697058823529 0 0 0 1 4.75 12.0 0.07 0 0 0 1 -4.75 12.5 0.035 0 0 0 1 -4.25 12.5 0.0375 0 0 0 1 -3.75 12.5 0.04 0 0 0 1 -3.25 12.5 0.0425 0 0 0 1 -2.75 12.5 0.045 0 0 0 1 -2.25 12.5 0.0475 0 0 0 1 -1.75 12.5 0.05 0 0 0 1 -1.25 12.5 0.0525 0 0 0 1 -0.75 12.5 0.055 0 0 0 1 -0.25 12.5 0.0575 0 0 0 1 0.25 12.5 0.06 0 0 0 1 0.75 12.5 0.0625 0 0 0 1 1.25 12.5 0.065 0 0 0 1 1.75 12.5 0.0675 0 0 0 1 2.25 12.5 0.07 0 0 0 1 2.75 12.5 0.035 0 0 0 1 3.25 12.5 0.0375 0 0 0 1 3.75 12.5 0.04 0 0 0 1 4.25 12.5 0.0425 0 0 0 1 4.75 12.5 0.045 0 0 0 1 -4.75 13.0 0.0475 0 0 0 1 -4.25 13.0 0.05 0 0 0 1 -3.75 13.0 0.0525 0 0 0 1 -3.25 13.0 0.055 0 0 0 1 -2.75 13.0 0.0575 0 0 0 1 -2.25 13.0 0.06 0 0 0 1 -1.75 13.0 0.0625 0 0 0 1 -1.25 13.0 0.065 0 0 0 1 -0.75 13.0 0.0675 0 0 0 1 -0.25 13.0 0.07 0 0 0 1 0.25 13.0 0.035 0 0 0 1 0.75 13.0 0.0375 0 0 0 1 1.25 13.0 0.04 0 0 0 1 1.75 13.0 0.0425 0 0 0 1 2.25 13.0 0.045 0 0 0 1 2.75 13.0 0.0475 0 0 0 1 3.25 13.0 0.05 0 0 0 1 3.75 13.0 0.0525 0 0 0 1 4.25 13.0 0.055 0 0 0 1 4.75 13.0 0.0575 0 0 0 1 -4.75 13.5 0.06 0 0 0 1 -4.25 13.5 0.0625 0 0 0 1 -3.75 13.5 0.065 0 0 0 1 -3.25 13.5 0.0675 0 0 0 1 -2.75 13.5 0.07 0 0 0 1 -2.25 13.5 0.035 0 0 0 1 -1.75 13.5 0.0375 0 0 0 1 -1.25 13.5 0.04 0 0 0 1 -0.75 13.5 0.0425 0 0 0 1 -0.25 13.5 0.045 0 0 0 1 0.25 13.5 0.0475 0 0 0 1 0.75 13.5 0.05 0 0 0 1 1.25 13.5 0.0525 0 0 0 1 1.75 13.5 0.055 0 0 0 1 2.25 13.5 0.0575 0 0 0 1 2.75 13.5 0.06 0 0 0 1 3.25 13.5 0.0625 0 0 0 1 3.75 13.5 0.065 0 0 0 1 4.25 13.5 0.0675 0 0 0 1 4.75 13.5 0.07 0 0 0 1 -4.75 14.0 0.035 0 0 0 1 -4.25 14.0 0.0375 0 0 0 1 -3.75 14.0 0.04 0 0 0 1 -3.25 14.0 0.0425 0 0 0 1 -2.75 14.0 0.045 0 0 0 1 -2.25 14.0 0.0475 0 0 0 1 -1.75 14.0 0.05 0 0 0 1 -1.25 14.0 0.0525 0 0 0 1 -0.75 14.0 0.055 0 0 0 1 -0.25 14.0 0.0575 0 0 0 1 0.25 14.0 0.06 0 0 0 1 0.75 14.0 0.0625 0 0 0 1 1.25 14.0 0.065 0 0 0 1 1.75 14.0 0.0675 0 0 0 1 2.25 14.0 0.07 0 0 0 1 2.75 14.0 0.03 0 0 0 1 3.25 14.0 0.03125 0 0 0 1 3.75 14.0 0.0325 0 0 0 1 4.25 14.0 0.03375 0 0 0 1 4.75 14.0 0.035 0 0 0 1 -4.75 14.5 0.03625 0 0 0 1 -4.25 14.5 0.0375 0 0 0 1 -3.75 14.5 0.03875 0 0 0 1 -3.25 14.5 0.04 0 0 0 1 -2.75 14.5 0.03 0 0 0 1 -2.25 14.5 0.03125 0 0 0 1 -1.75 14.5 0.0325 0 0 0 1 -1.25 14.5 0.03375 0 0 0 1 -0.75 14.5 0.035 0 0 0 1 -0.25 14.5 0.03625 0 0 0 1 0.25 14.5 0.0375 0 0 0 1 0.75 14.5 0.03875 0 0 0 1 1.25 14.5 0.04 0 0 0 1 1.75 14.5 0.03 0 0 0 1 2.25 14.5 0.03125 0 0 0 1 2.75 14.5 0.0325 0 0 0 1 3.25 14.5 0.03375 0 0 0 1 3.75 14.5 0.035 0 0 0 1 4.25 14.5 0.03625 0 0 0 1 4.75 14.5 0.0375 0 0 0 1 -4.75 15.0 0.03875 0 0 0 1 -4.25 15.0 0.04 0 0 0 1 -3.75 15.0 0.03 0 0 0 1 -3.25 15.0 0.03125 0 0 0 1 -2.75 15.0 0.0325 0 0 0 1 -2.25 15.0 0.03375 0 0 0 1 -1.75 15.0 0.035 0 0 0 1 -1.25 15.0 0.03625 0 0 0 1 -0.75 15.0 0.0375 0 0 0 1 -0.25 15.0 0.03875 0 0 0 1 0.25 15.0 0.04 0 0 0 1 0.75 15.0 0.03 0 0 0 1 1.25 15.0 0.03125 0 0 0 1 1.75 15.0 0.0325 0 0 0 1 2.25 15.0 0.03375 0 0 0 1 2.75 15.0 0.035 0 0 0 1 3.25 15.0 0.03625 0 0 0 1 3.75 15.0 0.0375 0 0 0 1 4.25 15.0 0.03875 0 0 0 1 4.75 15.0 0.04 0 0 0 1 -4.75 15.5 0.03 0 0 0 1 -4.25 15.5 0.0310714285714 0 0 0 1 -3.75 15.5 0.0321428571429 0 0 0 1 -3.25 15.5 0.0332142857143 0 0 0 1 -2.75 15.5 0.0342857142857 0 0 0 1 -2.25 15.5 0.0353571428571 0 0 0 1 -1.75 15.5 0.0364285714286 0 0 0 1 -1.25 15.5 0.0375 0 0 0 1 -0.75 15.5 0.0385714285714 0 0 0 1 -0.25 15.5 0.0396428571429 0 0 0 1 0.25 15.5 0.0407142857143 0 0 0 1 0.75 15.5 0.0417857142857 0 0 0 1 1.25 15.5 0.0428571428571 0 0 0 1 1.75 15.5 0.0439285714286 0 0 0 1 2.25 15.5 0.045 0 0 0 1 2.75 15.5 0.03 0 0 0 1 3.25 15.5 0.0310714285714 0 0 0 1 3.75 15.5 0.0321428571429 0 0 0 1 4.25 15.5 0.0332142857143 0 0 0 1 4.75 15.5 0.0342857142857 0 0 0 1 -4.75 16.0 0.0353571428571 0 0 0 1 -4.25 16.0 0.0364285714286 0 0 0 1 -3.75 16.0 0.0375 0 0 0 1 -3.25 16.0 0.0385714285714 0 0 0 1 -2.75 16.0 0.0396428571429 0 0 0 1 -2.25 16.0 0.0407142857143 0 0 0 1 -1.75 16.0 0.0417857142857 0 0 0 1 -1.25 16.0 0.0428571428571 0 0 0 1 -0.75 16.0 0.0439285714286 0 0 0 1 -0.25 16.0 0.045 0 0 0 1 0.25 16.0 0.03 0 0 0 1 0.75 16.0 0.0310714285714 0 0 0 1 1.25 16.0 0.0321428571429 0 0 0 1 1.75 16.0 0.0332142857143 0 0 0 1 2.25 16.0 0.0342857142857 0 0 0 1 2.75 16.0 0.0353571428571 0 0 0 1 3.25 16.0 0.0364285714286 0 0 0 1 3.75 16.0 0.0375 0 0 0 1 4.25 16.0 0.0385714285714 0 0 0 1 4.75 16.0 0.0396428571429 0 0 0 1 -4.75 16.5 0.0407142857143 0 0 0 1 -4.25 16.5 0.0417857142857 0 0 0 1 -3.75 16.5 0.0428571428571 0 0 0 1 -3.25 16.5 0.0439285714286 0 0 0 1 -2.75 16.5 0.045 0 0 0 1 -2.25 16.5 0.03 0 0 0 1 -1.75 16.5 0.0310714285714 0 0 0 1 -1.25 16.5 0.0321428571429 0 0 0 1 -0.75 16.5 0.0332142857143 0 0 0 1 -0.25 16.5 0.0342857142857 0 0 0 1 0.25 16.5 0.0353571428571 0 0 0 1 0.75 16.5 0.0364285714286 0 0 0 1 1.25 16.5 0.0375 0 0 0 1 1.75 16.5 0.0385714285714 0 0 0 1 2.25 16.5 0.0396428571429 0 0 0 1 2.75 16.5 0.0407142857143 0 0 0 1 3.25 16.5 0.0417857142857 0 0 0 1 3.75 16.5 0.0428571428571 0 0 0 1 4.25 16.5 0.0439285714286 0 0 0 1 4.75 16.5 0.045 0 0 0 1 -4.75 17.0 0.03 0 0 0 1 -4.25 17.0 0.0310714285714 0 0 0 1 -3.75 17.0 0.0321428571429 0 0 0 1 -3.25 17.0 0.0332142857143 0 0 0 1 -2.75 17.0 0.0342857142857 0 0 0 1 -2.25 17.0 0.0353571428571 0 0 0 1 -1.75 17.0 0.0364285714286 0 0 0 1 -1.25 17.0 0.0375 0 0 0 1 -0.75 17.0 0.0385714285714 0 0 0 1 -0.25 17.0 0.0396428571429 0 0 0 1 0.25 17.0 0.0407142857143 0 0 0 1 0.75 17.0 0.0417857142857 0 0 0 1 1.25 17.0 0.0428571428571 0 0 0 1 1.75 17.0 0.0439285714286 0 0 0 1 2.25 17.0 0.045 0 0 0 1 2.75 17.0 0.03 0 0 0 1 3.25 17.0 0.0310714285714 0 0 0 1 3.75 17.0 0.0321428571429 0 0 0 1 4.25 17.0 0.0332142857143 0 0 0 1 4.75 17.0 0.0342857142857 0 0 0 1 -4.75 17.5 0.0353571428571 0 0 0 1 -4.25 17.5 0.0364285714286 0 0 0 1 -3.75 17.5 0.0375 0 0 0 1 -3.25 17.5 0.0385714285714 0 0 0 1 -2.75 17.5 0.0396428571429 0 0 0 1 -2.25 17.5 0.0407142857143 0 0 0 1 -1.75 17.5 0.0417857142857 0 0 0 1 -1.25 17.5 0.0428571428571 0 0 0 1 -0.75 17.5 0.0439285714286 0 0 0 1 -0.25 17.5 0.045 0 0 0 1 0.25 17.5 0.02 0 0 0 1 0.75 17.5 0.021875 0 0 0 1 1.25 17.5 0.02375 0 0 0 1 1.75 17.5 0.025625 0 0 0 1 2.25 17.5 0.0275 0 0 0 1 2.75 17.5 0.029375 0 0 0 1 3.25 17.5 0.03125 0 0 0 1 3.75 17.5 0.033125 0 0 0 1 4.25 17.5 0.035 0 0 0 1 4.75 17.5 0.02 0 0 0 1 -4.75 18.0 0.021875 0 0 0 1 -4.25 18.0 0.02375 0 0 0 1 -3.75 18.0 0.025625 0 0 0 1 -3.25 18.0 0.0275 0 0 0 1 -2.75 18.0 0.029375 0 0 0 1 -2.25 18.0 0.03125 0 0 0 1 -1.75 18.0 0.033125 0 0 0 1 -1.25 18.0 0.035 0 0 0 1 -0.75 18.0 0.02 0 0 0 1 -0.25 18.0 0.021875 0 0 0 1 0.25 18.0 0.02375 0 0 0 1 0.75 18.0 0.025625 0 0 0 1 1.25 18.0 0.0275 0 0 0 1 1.75 18.0 0.029375 0 0 0 1 2.25 18.0 0.03125 0 0 0 1 2.75 18.0 0.033125 0 0 0 1 3.25 18.0 0.035 0 0 0 1 3.75 18.0 0.02 0 0 0 1 4.25 18.0 0.021875 0 0 0 1 4.75 18.0 0.02375 0 0 0 1 -4.75 18.5 0.025625 0 0 0 1 -4.25 18.5 0.0275 0 0 0 1 -3.75 18.5 0.029375 0 0 0 1 -3.25 18.5 0.03125 0 0 0 1 -2.75 18.5 0.033125 0 0 0 1 -2.25 18.5 0.035 0 0 0 1 -1.75 18.5 0.02 0 0 0 1 -1.25 18.5 0.021875 0 0 0 1 -0.75 18.5 0.02375 0 0 0 1 -0.25 18.5 0.025625 0 0 0 1 0.25 18.5 0.0275 0 0 0 1 0.75 18.5 0.029375 0 0 0 1 1.25 18.5 0.03125 0 0 0 1 1.75 18.5 0.033125 0 0 0 1 2.25 18.5 0.035 0 0 0 1 2.75 18.5 0.03 0 0 0 1 3.25 18.5 0.0328571428571 0 0 0 1 3.75 18.5 0.0357142857143 0 0 0 1 4.25 18.5 0.0385714285714 0 0 0 1 4.75 18.5 0.0414285714286 0 0 0 1 -4.75 19.0 0.0442857142857 0 0 0 1 -4.25 19.0 0.0471428571429 0 0 0 1 -3.75 19.0 0.05 0 0 0 1 -3.25 19.0 0.0528571428571 0 0 0 1 -2.75 19.0 0.0557142857143 0 0 0 1 -2.25 19.0 0.0585714285714 0 0 0 1 -1.75 19.0 0.0614285714286 0 0 0 1 -1.25 19.0 0.0642857142857 0 0 0 1 -0.75 19.0 0.0671428571429 0 0 0 1 -0.25 19.0 0.07 0 0 0 1 0.25 19.0 0.03 0 0 0 1 0.75 19.0 0.0328571428571 0 0 0 1 1.25 19.0 0.0357142857143 0 0 0 1 1.75 19.0 0.0385714285714 0 0 0 1 2.25 19.0 0.0414285714286 0 0 0 1 2.75 19.0 0.0442857142857 0 0 0 1 3.25 19.0 0.0471428571429 0 0 0 1 3.75 19.0 0.05 0 0 0 1 4.25 19.0 0.0528571428571 0 0 0 1 4.75 19.0 0.0557142857143 0 0 0 1 -4.75 19.5 0.0585714285714 0 0 0 1 -4.25 19.5 0.0614285714286 0 0 0 1 -3.75 19.5 0.0642857142857 0 0 0 1 -3.25 19.5 0.0671428571429 0 0 0 1 -2.75 19.5 0.07 0 0 0 1 -2.25 19.5 0.03 0 0 0 1 -1.75 19.5 0.0328571428571 0 0 0 1 -1.25 19.5 0.0357142857143 0 0 0 1 -0.75 19.5 0.0385714285714 0 0 0 1 -0.25 19.5 0.0414285714286 0 0 0 1 0.25 19.5 0.0442857142857 0 0 0 1 0.75 19.5 0.0471428571429 0 0 0 1 1.25 19.5 0.05 0 0 0 1 1.75 19.5 0.0528571428571 0 0 0 1 2.25 19.5 0.0557142857143 0 0 0 1 2.75 19.5 0.0585714285714 0 0 0 1 3.25 19.5 0.0614285714286 0 0 0 1 3.75 19.5 0.0642857142857 0 0 0 1 4.25 19.5 0.0671428571429 0 0 0 1 4.75 19.5 0.07 0 0 0 1 -4.75 20.0 0.03 0 0 0 1 -4.25 20.0 0.0328571428571 0 0 0 1 -3.75 20.0 0.0357142857143 0 0 0 1 -3.25 20.0 0.0385714285714 0 0 0 1 -2.75 20.0 0.0414285714286 0 0 0 1 -2.25 20.0 0.0442857142857 0 0 0 1 -1.75 20.0 0.0471428571429 0 0 0 1 -1.25 20.0 0.05 0 0 0 1 -0.75 20.0 0.0528571428571 0 0 0 1 -0.25 20.0 0.0557142857143 0 0 0 1 0.25 20.0 0.0585714285714 0 0 0 1 0.75 20.0 0.0614285714286 0 0 0 1 1.25 20.0 0.0642857142857 0 0 0 1 1.75 20.0 0.0671428571429 0 0 0 1 2.25 20.0 0.07 0 0 0 1 2.75 20.0 0.03 0 0 0 1 3.25 20.0 0.0328571428571 0 0 0 1 3.75 20.0 0.0357142857143 0 0 0 1 4.25 20.0 0.0385714285714 0 0 0 1 4.75 20.0 0.0414285714286 0 0 0 1 -4.75 20.5 0.0442857142857 0 0 0 1 -4.25 20.5 0.0471428571429 0 0 0 1 -3.75 20.5 0.05 0 0 0 1 -3.25 20.5 0.0528571428571 0 0 0 1 -2.75 20.5 0.0557142857143 0 0 0 1 -2.25 20.5 0.0585714285714 0 0 0 1 -1.75 20.5 0.0614285714286 0 0 0 1 -1.25 20.5 0.0642857142857 0 0 0 1 -0.75 20.5 0.0671428571429 0 0 0 1 -0.25 20.5 0.07 0 0 0 1 0.25 20.5 0.06 0 0 0 1 0.75 20.5 0.0607142857143 0 0 0 1 1.25 20.5 0.0614285714286 0 0 0 1 1.75 20.5 0.0621428571429 0 0 0 1 2.25 20.5 0.0628571428571 0 0 0 1 2.75 20.5 0.0635714285714 0 0 0 1 3.25 20.5 0.0642857142857 0 0 0 1 3.75 20.5 0.065 0 0 0 1 4.25 20.5 0.0657142857143 0 0 0 1 4.75 20.5 0.0664285714286 0 0 0 1 -4.75 21.0 0.0671428571429 0 0 0 1 -4.25 21.0 0.0678571428571 0 0 0 1 -3.75 21.0 0.0685714285714 0 0 0 1 -3.25 21.0 0.0692857142857 0 0 0 1 -2.75 21.0 0.07 0 0 0 1 -2.25 21.0 0.06 0 0 0 1 -1.75 21.0 0.0607142857143 0 0 0 1 -1.25 21.0 0.0614285714286 0 0 0 1 -0.75 21.0 0.0621428571429 0 0 0 1 -0.25 21.0 0.0628571428571 0 0 0 1 0.25 21.0 0.0635714285714 0 0 0 1 0.75 21.0 0.0642857142857 0 0 0 1 1.25 21.0 0.065 0 0 0 1 1.75 21.0 0.0657142857143 0 0 0 1 2.25 21.0 0.0664285714286 0 0 0 1 2.75 21.0 0.0671428571429 0 0 0 1 3.25 21.0 0.0678571428571 0 0 0 1 3.75 21.0 0.0685714285714 0 0 0 1 4.25 21.0 0.0692857142857 0 0 0 1 4.75 21.0 0.07 0 0 0 1 -4.75 21.5 0.06 0 0 0 1 -4.25 21.5 0.0607142857143 0 0 0 1 -3.75 21.5 0.0614285714286 0 0 0 1 -3.25 21.5 0.0621428571429 0 0 0 1 -2.75 21.5 0.0628571428571 0 0 0 1 -2.25 21.5 0.0635714285714 0 0 0 1 -1.75 21.5 0.0642857142857 0 0 0 1 -1.25 21.5 0.065 0 0 0 1 -0.75 21.5 0.0657142857143 0 0 0 1 -0.25 21.5 0.0664285714286 0 0 0 1 0.25 21.5 0.0671428571429 0 0 0 1 0.75 21.5 0.0678571428571 0 0 0 1 1.25 21.5 0.0685714285714 0 0 0 1 1.75 21.5 0.0692857142857 0 0 0 1 2.25 21.5 0.07 0 0 0 1"/>
  </keyframe><actuator>
    
  <motor name="world_to_base_actuator" joint="world_to_base"/>

    
  <motor name="finger_1_prismatic_joint_actuator" joint="finger_1_prismatic_joint"/>

  <motor name="finger_1_revolute_joint_actuator" joint="finger_1_revolute_joint"/>

  <motor name="finger_2_prismatic_joint_actuator" joint="finger_2_prismatic_joint"/>

  <motor name="finger_2_revolute_joint_actuator" joint="finger_2_revolute_joint"/>

  <motor name="finger_3_prismatic_joint_actuator" joint="finger_3_prismatic_joint"/>

  <motor name="finger_3_revolute_joint_actuator" joint="finger_3_revolute_joint"/>

  <motor name="palm_prismatic_joint_actuator" joint="palm_prismatic_joint"/>

    
  <motor name="finger_1_segment_joint_1_actuator" joint="finger_1_segment_joint_1"/>

  <motor name="finger_1_segment_joint_2_actuator" joint="finger_1_segment_joint_2"/>

  <motor name="finger_1_segment_joint_3_actuator" joint="finger_1_segment_joint_3"/>

  <motor name="finger_1_segment_joint_4_actuator" joint="finger_1_segment_joint_4"/>

  <motor name="finger_1_segment_joint_5_actuator" joint="finger_1_segment_joint_5"/>

  <motor name="finger_1_segment_joint_6_actuator" joint="finger_1_segment_joint_6"/>

  <motor name="finger_1_segment_joint_7_actuator" joint="finger_1_segment_joint_7"/>

  <motor name="finger_1_segment_joint_8_actuator" joint="finger_1_segment_joint_8"/>

  <motor name="finger_1_segment_joint_9_actuator" joint="finger_1_segment_joint_9"/>

  <motor name="finger_2_segment_joint_1_actuator" joint="finger_2_segment_joint_1"/>

  <motor name="finger_2_segment_joint_2_actuator" joint="finger_2_segment_joint_2"/>

  <motor name="finger_2_segment_joint_3_actuator" joint="finger_2_segment_joint_3"/>

  <motor name="finger_2_segment_joint_4_actuator" joint="finger_2_segment_joint_4"/>

  <motor name="finger_2_segment_joint_5_actuator" joint="finger_2_segment_joint_5"/>

  <motor name="finger_2_segment_joint_6_actuator" joint="finger_2_segment_joint_6"/>

  <motor name="finger_2_segment_joint_7_actuator" joint="finger_2_segment_joint_7"/>

  <motor name="finger_2_segment_joint_8_actuator" joint="finger_2_segment_joint_8"/>

  <motor name="finger_2_segment_joint_9_actuator" joint="finger_2_segment_joint_9"/>

  <motor name="finger_3_segment_joint_1_actuator" joint="finger_3_segment_joint_1"/>

  <motor name="finger_3_segment_joint_2_actuator" joint="finger_3_segment_joint_2"/>

  <motor name="finger_3_segment_joint_3_actuator" joint="finger_3_segment_joint_3"/>

  <motor name="finger_3_segment_joint_4_actuator" joint="finger_3_segment_joint_4"/>

  <motor name="finger_3_segment_joint_5_actuator" joint="finger_3_segment_joint_5"/>

  <motor name="finger_3_segment_joint_6_actuator" joint="finger_3_segment_joint_6"/>

  <motor name="finger_3_segment_joint_7_actuator" joint="finger_3_segment_joint_7"/>

  <motor name="finger_3_segment_joint_8_actuator" joint="finger_3_segment_joint_8"/>

  <motor name="finger_3_segment_joint_9_actuator" joint="finger_3_segment_joint_9"/>

  </actuator><sensor>
    <force name="force sensor" noise="0" site="force sensor site"/>
  </sensor><actuator>
    
  <motor name="world_to_base_actuator" joint="world_to_base"/>

    
  <motor name="finger_1_prismatic_joint_actuator" joint="finger_1_prismatic_joint"/>

  <motor name="finger_1_revolute_joint_actuator" joint="finger_1_revolute_joint"/>

  <motor name="finger_2_prismatic_joint_actuator" joint="finger_2_prismatic_joint"/>

  <motor name="finger_2_revolute_joint_actuator" joint="finger_2_revolute_joint"/>

  <motor name="finger_3_prismatic_joint_actuator" joint="finger_3_prismatic_joint"/>

  <motor name="finger_3_revolute_joint_actuator" joint="finger_3_revolute_joint"/>

  <motor name="palm_prismatic_joint_actuator" joint="palm_prismatic_joint"/>

    
  <motor name="finger_1_segment_joint_1_actuator" joint="finger_1_segment_joint_1"/>

  <motor name="finger_1_segment_joint_2_actuator" joint="finger_1_segment_joint_2"/>

  <motor name="finger_1_segment_joint_3_actuator" joint="finger_1_segment_joint_3"/>

  <motor name="finger_1_segment_joint_4_actuator" joint="finger_1_segment_joint_4"/>

  <motor name="finger_1_segment_joint_5_actuator" joint="finger_1_segment_joint_5"/>

  <motor name="finger_1_segment_joint_6_actuator" joint="finger_1_segment_joint_6"/>

  <motor name="finger_1_segment_joint_7_actuator" joint="finger_1_segment_joint_7"/>

  <motor name="finger_1_segment_joint_8_actuator" joint="finger_1_segment_joint_8"/>

  <motor name="finger_1_segment_joint_9_actuator" joint="finger_1_segment_joint_9"/>

  <motor name="finger_2_segment_joint_1_actuator" joint="finger_2_segment_joint_1"/>

  <motor name="finger_2_segment_joint_2_actuator" joint="finger_2_segment_joint_2"/>

  <motor name="finger_2_segment_joint_3_actuator" joint="finger_2_segment_joint_3"/>

  <motor name="finger_2_segment_joint_4_actuator" joint="finger_2_segment_joint_4"/>

  <motor name="finger_2_segment_joint_5_actuator" joint="finger_2_segment_joint_5"/>

  <motor name="finger_2_segment_joint_6_actuator" joint="finger_2_segment_joint_6"/>

  <motor name="finger_2_segment_joint_7_actuator" joint="finger_2_segment_joint_7"/>

  <motor name="finger_2_segment_joint_8_actuator" joint="finger_2_segment_joint_8"/>

  <motor name="finger_2_segment_joint_9_actuator" joint="finger_2_segment_joint_9"/>

  <motor name="finger_3_segment_joint_1_actuator" joint="finger_3_segment_joint_1"/>

  <motor name="finger_3_segment_joint_2_actuator" joint="finger_3_segment_joint_2"/>

  <motor name="finger_3_segment_joint_3_actuator" joint="finger_3_segment_joint_3"/>

  <motor name="finger_3_segment_joint_4_actuator" joint="finger_3_segment_joint_4"/>

  <motor name="finger_3_segment_joint_5_actuator" joint="finger_3_segment_joint_5"/>

  <motor name="finger_3_segment_joint_6_actuator" joint="finger_3_segment_joint_6"/>

  <motor name="finger_3_segment_joint_7_actuator" joint="finger_3_segment_joint_7"/>

  <motor name="finger_3_segment_joint_8_actuator" joint="finger_3_segment_joint_8"/>

  <motor name="finger_3_segment_joint_9_actuator" joint="finger_3_segment_joint_9"/>

  </actuator><sensor>
    <force name="force sensor" noise="0" site="force sensor site"/>
  </sensor><keyframe>
    <key name="initial pose" time="0" qpos="0.0 0.14 0.0 0 0 0 0 0 0 0 0 0  0.14 0.0 0 0 0 0 0 0 0 0 0  0.14 0.0 0 0 0 0 0 0 0 0 0  0.0  -0.75 2.0 0.0418857142857 0 0 0 1 -0.25 2.0 0.0615285714286 0 0 0 1 0.25 2.0 0.0301 0 0 0 1 0.75 2.0 0.0524529411765 0 0 0 1 -0.75 2.5 0.0397428571429 0 0 0 1 -0.25 2.5 0.0201 0 0 0 1 0.25 2.5 0.0409823529412 0 0 0 1 0.75 2.5 0.0358142857143 0 0 0 1 -0.75 3.0 0.0301 0 0 0 1 -0.25 3.0 0.0301 0 0 0 1 0.25 3.0 0.0440285714286 0 0 0 1 0.75 3.0 0.0236714285714 0 0 0 1 -0.75 3.5 0.0606882352941 0 0 0 1 -0.25 3.5 0.0451 0 0 0 1 0.25 3.5 0.0551 0 0 0 1 0.75 3.5 0.0290285714286 0 0 0 1 -0.75 4.0 0.0326 0 0 0 1 -0.25 4.0 0.0643857142857 0 0 0 1 0.25 4.0 0.03135 0 0 0 1 0.75 4.0 0.0333142857143 0 0 0 1"/>
  </keyframe></mujoco>