<mujoco><body name="cuboid_311_fillet_25_thinner_9" pos="0 0 0">
    <inertial diaginertia="2.5919999999999996e-05 0.0004795199999999999 0.0004795199999999999" mass="0.043199999999999995" pos="0 0 0" quat="1 0 0 0"/>
    <freejoint name="cuboid_311_fillet_25_thinner_9"/>
    <geom mesh="cuboid_311_fillet_25_thinner_9" name="cuboid_311_fillet_25_thinner_9_geom" type="mesh"/>
  </body>
  <body name="cube_fillet_35_normal_14" pos="0 0 0">
    <inertial diaginertia="2.0424324785307697e-05 2.0424324785307697e-05 2.0424324785307697e-05" mass="0.028377842565597656" pos="0 0 0" quat="1 0 0 0"/>
    <freejoint name="cube_fillet_35_normal_14"/>
    <geom mesh="cube_fillet_35_normal_14" name="cube_fillet_35_normal_14_geom" type="mesh"/>
  </body>
  <body name="cylinder_12_fillet_5_sideways_6" pos="0 0 0">
    <inertial diaginertia="0.0016316114769515673 0.0016316114769515673 0.0001163229122538228" mass="0.09577521865889212" pos="0 0 0" quat="0.683 0.683 0.183 0.183"/>
    <freejoint name="cylinder_12_fillet_5_sideways_6"/>
    <geom mesh="cylinder_12_fillet_5_sideways_6" name="cylinder_12_fillet_5_sideways_6_geom" type="mesh"/>
  </body>
  <body name="cuboid_311_fillet_45_thinner_4" pos="0 0 0">
    <inertial diaginertia="5.5256328124999984e-05 0.0007088381640624997 0.0007088381640624997" mass="0.06307499999999999" pos="0 0 0" quat="1 0 0 0"/>
    <freejoint name="cuboid_311_fillet_45_thinner_4"/>
    <geom mesh="cuboid_311_fillet_45_thinner_4" name="cuboid_311_fillet_45_thinner_4_geom" type="mesh"/>
  </body>
  <body name="sphere_normal_6" pos="0 0 0">
    <inertial diaginertia="0.000483654238696573 0.000483654238696573 0.000483654238696573" mass="0.2574666598819459" pos="0 0 0" quat="1 0 0 0"/>
    <freejoint name="sphere_normal_6"/>
    <geom mesh="sphere_normal_6" name="sphere_normal_6_geom" type="mesh"/>
  </body>
  <body name="cuboid_211_fillet_35_normal_4" pos="0 0 0">
    <inertial diaginertia="5.04779328918457e-05 0.00012619483222961426 0.00012619483222961426" mass="0.0488373046875" pos="0 0 0" quat="1 0 0 0"/>
    <freejoint name="cuboid_211_fillet_35_normal_4"/>
    <geom mesh="cuboid_211_fillet_35_normal_4" name="cuboid_211_fillet_35_normal_4_geom" type="mesh"/>
  </body>
  <body name="sphere_normal_12" pos="0 0 0">
    <inertial diaginertia="0.0004245068270304684 0.0004245068270304684 0.0004245068270304684" mass="0.23808432729493176" pos="0 0 0" quat="1 0 0 0"/>
    <freejoint name="sphere_normal_12"/>
    <geom mesh="sphere_normal_12" name="sphere_normal_12_geom" type="mesh"/>
  </body>
  <body name="cylinder_11_fillet_45_normal_5" pos="0 0 0">
    <inertial diaginertia="0.0018835199999999996 0.0018835199999999996 0.00031103999999999995" mass="0.17279999999999998" pos="0 0 0" quat="1 0 0 0"/>
    <freejoint name="cylinder_11_fillet_45_normal_5"/>
    <geom mesh="cylinder_11_fillet_45_normal_5" name="cylinder_11_fillet_45_normal_5_geom" type="mesh"/>
  </body>
  <body name="sphere_normal_40" pos="0 0 0">
    <inertial diaginertia="0.0002197965013371064 0.0002197965013371064 0.0002197965013371064" mass="0.1604029920618766" pos="0 0 0" quat="1 0 0 0"/>
    <freejoint name="sphere_normal_40"/>
    <geom mesh="sphere_normal_40" name="sphere_normal_40_geom" type="mesh"/>
  </body>
  <body name="cylinder_21_fillet_35_normal_5" pos="0 0 0">
    <inertial diaginertia="0.0003360664791951766 0.0003360664791951766 0.00012441110638424467" mass="0.04340437317784256" pos="0 0 0" quat="1 0 0 0"/>
    <freejoint name="cylinder_21_fillet_35_normal_5"/>
    <geom mesh="cylinder_21_fillet_35_normal_5" name="cylinder_21_fillet_35_normal_5_geom" type="mesh"/>
  </body>
  <body name="cuboid_321_fillet_25_normal_9" pos="0 0 0">
    <inertial diaginertia="4.266666666666669e-06 1.1093333333333338e-05 8.533333333333335e-06" mass="0.006400000000000002" pos="0 0 0" quat="0.7071 0.7071 0 0"/>
    <freejoint name="cuboid_321_fillet_25_normal_9"/>
    <geom mesh="cuboid_321_fillet_25_normal_9" name="cuboid_321_fillet_25_normal_9_geom" type="mesh"/>
  </body>
  <body name="cylinder_11_fillet_45_normal_4" pos="0 0 0">
    <inertial diaginertia="0.002225240071614583 0.002225240071614583 0.0003814697265625" mass="0.1953125" pos="0 0 0" quat="1 0 0 0"/>
    <freejoint name="cylinder_11_fillet_45_normal_4"/>
    <geom mesh="cylinder_11_fillet_45_normal_4" name="cylinder_11_fillet_45_normal_4_geom" type="mesh"/>
  </body>
  <body name="cylinder_13_fillet_15_sideways_9" pos="0 0 0">
    <inertial diaginertia="0.0007172453460983516 0.0007172453460983516 2.5660829639435942e-05" mass="0.0386737609329446" pos="0 0 0" quat="0.683 0.683 0.183 0.183"/>
    <freejoint name="cylinder_13_fillet_15_sideways_9"/>
    <geom mesh="cylinder_13_fillet_15_sideways_9" name="cylinder_13_fillet_15_sideways_9_geom" type="mesh"/>
  </body>
  <body name="sphere_normal_50" pos="0 0 0">
    <inertial diaginertia="0.0001698495552361964 0.0001698495552361964 0.0001698495552361964" mass="0.13741642580907798" pos="0 0 0" quat="1 0 0 0"/>
    <freejoint name="sphere_normal_50"/>
    <geom mesh="sphere_normal_50" name="sphere_normal_50_geom" type="mesh"/>
  </body>
  <body name="cylinder_11_fillet_5_normal_13" pos="0 0 0">
    <inertial diaginertia="0.0003618133333333333 0.0003618133333333333 4.096e-05" mass="0.051199999999999996" pos="0 0 0" quat="1 0 0 0"/>
    <freejoint name="cylinder_11_fillet_5_normal_13"/>
    <geom mesh="cylinder_11_fillet_5_normal_13" name="cylinder_11_fillet_5_normal_13_geom" type="mesh"/>
  </body>
  <body name="sphere_normal_69" pos="0 0 0">
    <inertial diaginertia="9.999999999999995e-05 9.999999999999995e-05 9.999999999999995e-05" mass="0.09999999999999996" pos="0 0 0" quat="1 0 0 0"/>
    <freejoint name="sphere_normal_69"/>
    <geom mesh="sphere_normal_69" name="sphere_normal_69_geom" type="mesh"/>
  </body>
  <body name="cylinder_14_fillet_5_normal_5" pos="0 0 0">
    <inertial diaginertia="0.0014878756789209855 0.0014878756789209855 4.475010836258703e-05" mass="0.05399212827988339" pos="0 0 0" quat="0.683 0.683 0.183 0.183"/>
    <freejoint name="cylinder_14_fillet_5_normal_5"/>
    <geom mesh="cylinder_14_fillet_5_normal_5" name="cylinder_14_fillet_5_normal_5_geom" type="mesh"/>
  </body>
  <body name="cuboid_311_fillet_25_thinner_5" pos="0 0 0">
    <inertial diaginertia="4.801999999999998e-05 0.0006590499999999998 0.0006590499999999998" mass="0.05879999999999999" pos="0 0 0" quat="1 0 0 0"/>
    <freejoint name="cuboid_311_fillet_25_thinner_5"/>
    <geom mesh="cuboid_311_fillet_25_thinner_5" name="cuboid_311_fillet_25_thinner_5_geom" type="mesh"/>
  </body>
  <body name="cube_fillet_45_normal_7" pos="0 0 0">
    <inertial diaginertia="0.00022004785942365268 0.00022004785942365268 0.00022004785942365268" mass="0.11814110787172005" pos="0 0 0" quat="1 0 0 0"/>
    <freejoint name="cube_fillet_45_normal_7"/>
    <geom mesh="cube_fillet_45_normal_7" name="cube_fillet_45_normal_7_geom" type="mesh"/>
  </body>
  <body name="sphere_normal_46" pos="0 0 0">
    <inertial diaginertia="0.00018860010845669667 0.00018860010845669667 0.00018860010845669667" mass="0.14632723386932628" pos="0 0 0" quat="1 0 0 0"/>
    <freejoint name="sphere_normal_46"/>
    <geom mesh="sphere_normal_46" name="sphere_normal_46_geom" type="mesh"/>
  </body>
  <body name="ground" pos="0 0 0">
    <geom name="ground_geom" size="1 1 1" type="plane"/>
  </body>
</mujoco>