<mujoco><body name="cylinder_21_fillet_25_normal_3" pos="0 0 0">
    <inertial diaginertia="0.0004904016929453999 0.0004904016929453999 0.0001952629166418755" mass="0.05688396501457727" pos="0 0 0" quat="1 0 0 0"/>
    <freejoint name="cylinder_21_fillet_25_normal_3"/>
    <geom mesh="cylinder_21_fillet_25_normal_3" name="cylinder_21_fillet_25_normal_3_geom" type="mesh"/>
  </body>
  <body name="cylinder_11_fillet_35_normal_4" pos="0 0 0">
    <inertial diaginertia="0.002225240071614583 0.002225240071614583 0.0003814697265625" mass="0.1953125" pos="0 0 0" quat="1 0 0 0"/>
    <freejoint name="cylinder_11_fillet_35_normal_4"/>
    <geom mesh="cylinder_11_fillet_35_normal_4" name="cylinder_11_fillet_35_normal_4_geom" type="mesh"/>
  </body>
  <body name="cuboid_211_fillet_45_normal_4" pos="0 0 0">
    <inertial diaginertia="5.04779328918457e-05 0.00012619483222961426 0.00012619483222961426" mass="0.0488373046875" pos="0 0 0" quat="1 0 0 0"/>
    <freejoint name="cuboid_211_fillet_45_normal_4"/>
    <geom mesh="cuboid_211_fillet_45_normal_4" name="cuboid_211_fillet_45_normal_4_geom" type="mesh"/>
  </body>
  <body name="cylinder_21_fillet_35_normal_6" pos="0 0 0">
    <inertial diaginertia="0.00027458620741946583 0.00027458620741946583 9.770947838884107e-05" mass="0.03754741253644317" pos="0 0 0" quat="1 0 0 0"/>
    <freejoint name="cylinder_21_fillet_35_normal_6"/>
    <geom mesh="cylinder_21_fillet_35_normal_6" name="cylinder_21_fillet_35_normal_6_geom" type="mesh"/>
  </body>
  <body name="cuboid_211_fillet_35_normal_3" pos="0 0 0">
    <inertial diaginertia="6.36969287109375e-05 0.00015924232177734373 0.00015924232177734373" mass="0.056151562499999995" pos="0 0 0" quat="1 0 0 0"/>
    <freejoint name="cuboid_211_fillet_35_normal_3"/>
    <geom mesh="cuboid_211_fillet_35_normal_3" name="cuboid_211_fillet_35_normal_3_geom" type="mesh"/>
  </body>
  <body name="cylinder_14_fillet_15_normal_10" pos="0 0 0">
    <inertial diaginertia="0.0008445547722152132 0.0008445547722152132 2.2102724355458288e-05" mass="0.035360750728862966" pos="0 0 0" quat="0.683 0.683 0.183 0.183"/>
    <freejoint name="cylinder_14_fillet_15_normal_10"/>
    <geom mesh="cylinder_14_fillet_15_normal_10" name="cylinder_14_fillet_15_normal_10_geom" type="mesh"/>
  </body>
  <body name="cuboid_211_fillet_45_normal_8" pos="0 0 0">
    <inertial diaginertia="1.754889175415039e-05 4.387222938537597e-05 4.387222938537597e-05" mass="0.025908398437499997" pos="0 0 0" quat="1 0 0 0"/>
    <freejoint name="cuboid_211_fillet_45_normal_8"/>
    <geom mesh="cuboid_211_fillet_45_normal_8" name="cuboid_211_fillet_45_normal_8_geom" type="mesh"/>
  </body>
  <body name="cylinder_13_fillet_5_sideways_11" pos="0 0 0">
    <inertial diaginertia="0.0005622050621764741 0.0005622050621764741 1.8950732432914862e-05" mass="0.032242565597667645" pos="0 0 0" quat="0.683 0.683 0.183 0.183"/>
    <freejoint name="cylinder_13_fillet_5_sideways_11"/>
    <geom mesh="cylinder_13_fillet_5_sideways_11" name="cylinder_13_fillet_5_sideways_11_geom" type="mesh"/>
  </body>
  <body name="cuboid_221_fillet_5_normal_8" pos="0 0 0">
    <inertial diaginertia="6.67850176493327e-06 1.0685602823893232e-05 6.67850176493327e-06" mass="0.008374023437500001" pos="0 0 0" quat="0.7071 0.7071 0 0"/>
    <freejoint name="cuboid_221_fillet_5_normal_8"/>
    <geom mesh="cuboid_221_fillet_5_normal_8" name="cuboid_221_fillet_5_normal_8_geom" type="mesh"/>
  </body>
  <body name="cylinder_12_fillet_5_upright_2" pos="0 0 0">
    <inertial diaginertia="0.0003940609009526505 0.0003940609009526505 1.99585279222385e-05" mass="0.033260677842565596" pos="0 0 0" quat="0 0.01 0 0"/>
    <freejoint name="cylinder_12_fillet_5_upright_2"/>
    <geom mesh="cylinder_12_fillet_5_upright_2" name="cylinder_12_fillet_5_upright_2_geom" type="mesh"/>
  </body>
  <body name="cylinder_21_fillet_15_normal_13" pos="0 0 0">
    <inertial diaginertia="4.698195588147798e-05 4.698195588147798e-05 1.1642587314809316e-05" mass="0.010477259475218662" pos="0 0 0" quat="1 0 0 0"/>
    <freejoint name="cylinder_21_fillet_15_normal_13"/>
    <geom mesh="cylinder_21_fillet_15_normal_13" name="cylinder_21_fillet_15_normal_13_geom" type="mesh"/>
  </body>
  <body name="cylinder_21_fillet_25_normal_6" pos="0 0 0">
    <inertial diaginertia="0.00027458620741946583 0.00027458620741946583 9.770947838884107e-05" mass="0.03754741253644317" pos="0 0 0" quat="1 0 0 0"/>
    <freejoint name="cylinder_21_fillet_25_normal_6"/>
    <geom mesh="cylinder_21_fillet_25_normal_6" name="cylinder_21_fillet_25_normal_6_geom" type="mesh"/>
  </body>
  <body name="cuboid_221_fillet_5_normal_4" pos="0 0 0">
    <inertial diaginertia="2.9162725702921556e-05 4.6660361124674486e-05 2.9162725702921556e-05" mass="0.0202779296875" pos="0 0 0" quat="0.7071 0.7071 0 0"/>
    <freejoint name="cuboid_221_fillet_5_normal_4"/>
    <geom mesh="cuboid_221_fillet_5_normal_4" name="cuboid_221_fillet_5_normal_4_geom" type="mesh"/>
  </body>
  <body name="cylinder_11_fillet_35_normal_1" pos="0 0 0">
    <inertial diaginertia="0.0035374733333333325 0.0035374733333333325 0.0006722799999999998" mass="0.2744" pos="0 0 0" quat="1 0 0 0"/>
    <freejoint name="cylinder_11_fillet_35_normal_1"/>
    <geom mesh="cylinder_11_fillet_35_normal_1" name="cylinder_11_fillet_35_normal_1_geom" type="mesh"/>
  </body>
  <body name="sphere_normal_66" pos="0 0 0">
    <inertial diaginertia="0.00010914049238268358 0.00010914049238268358 0.00010914049238268358" mass="0.10538809281498064" pos="0 0 0" quat="1 0 0 0"/>
    <freejoint name="sphere_normal_66"/>
    <geom mesh="sphere_normal_66" name="sphere_normal_66_geom" type="mesh"/>
  </body>
  <body name="sphere_normal_90" pos="0 0 0">
    <inertial diaginertia="5.1723360696887064e-05 5.1723360696887064e-05 5.1723360696887064e-05" mass="0.0673305312436393" pos="0 0 0" quat="1 0 0 0"/>
    <freejoint name="sphere_normal_90"/>
    <geom mesh="sphere_normal_90" name="sphere_normal_90_geom" type="mesh"/>
  </body>
  <body name="cube_fillet_35_normal_5" pos="0 0 0">
    <inertial diaginertia="0.00036764427837607326 0.00036764427837607326 0.00036764427837607326" mass="0.16074868804664716" pos="0 0 0" quat="1 0 0 0"/>
    <freejoint name="cube_fillet_35_normal_5"/>
    <geom mesh="cube_fillet_35_normal_5" name="cube_fillet_35_normal_5_geom" type="mesh"/>
  </body>
  <body name="cuboid_311_fillet_5_normal_1" pos="0 0 0">
    <inertial diaginertia="5.4613333333333375e-05 0.0002730666666666667 0.0002730666666666667" mass="0.051200000000000016" pos="0 0 0" quat="1 0 0 0"/>
    <freejoint name="cuboid_311_fillet_5_normal_1"/>
    <geom mesh="cuboid_311_fillet_5_normal_1" name="cuboid_311_fillet_5_normal_1_geom" type="mesh"/>
  </body>
  <body name="cuboid_321_fillet_35_normal_4" pos="0 0 0">
    <inertial diaginertia="8.817540105183924e-06 2.29256042734782e-05 1.7635080210367844e-05" mass="0.009893164062500003" pos="0 0 0" quat="0.7071 0.7071 0 0"/>
    <freejoint name="cuboid_321_fillet_35_normal_4"/>
    <geom mesh="cuboid_321_fillet_35_normal_4" name="cuboid_321_fillet_35_normal_4_geom" type="mesh"/>
  </body>
  <body name="cylinder_21_fillet_25_normal_1" pos="0 0 0">
    <inertial diaginertia="0.0006943725000000002 0.0006943725000000002 0.00029524500000000013" mass="0.07290000000000002" pos="0 0 0" quat="1 0 0 0"/>
    <freejoint name="cylinder_21_fillet_25_normal_1"/>
    <geom mesh="cylinder_21_fillet_25_normal_1" name="cylinder_21_fillet_25_normal_1_geom" type="mesh"/>
  </body>
  <body name="ground" pos="0 0 0">
    <geom name="ground_geom" size="1 1 1" type="plane"/>
  </body>
</mujoco>