<mujoco><body name="sphere_normal_106" pos="0 0 0">
    <inertial diaginertia="2.9309850141950906e-05 2.9309850141950906e-05 2.9309850141950906e-05" mass="0.04788595562792589" pos="0 0 0" quat="1 0 0 0"/>
    <freejoint name="sphere_normal_106"/>
    <geom mesh="sphere_normal_106" name="sphere_normal_106_geom" type="mesh"/>
  </body>
  <body name="cuboid_221_fillet_15_normal_5" pos="0 0 0">
    <inertial diaginertia="2.0970182291666673e-05 3.355229166666668e-05 2.0970182291666673e-05" mass="0.016637500000000003" pos="0 0 0" quat="0.7071 0.7071 0 0"/>
    <freejoint name="cuboid_221_fillet_15_normal_5"/>
    <geom mesh="cuboid_221_fillet_15_normal_5" name="cuboid_221_fillet_15_normal_5_geom" type="mesh"/>
  </body>
  <body name="cylinder_12_fillet_15_sideways_11" pos="0 0 0">
    <inertial diaginertia="0.0006073189825667874 0.0006073189825667874 3.414983518771939e-05" mass="0.04590787172011661" pos="0 0 0" quat="0.683 0.683 0.183 0.183"/>
    <freejoint name="cylinder_12_fillet_15_sideways_11"/>
    <geom mesh="cylinder_12_fillet_15_sideways_11" name="cylinder_12_fillet_15_sideways_11_geom" type="mesh"/>
  </body>
  <body name="cylinder_14_fillet_15_normal_13" pos="0 0 0">
    <inertial diaginertia="0.0005761560705732727 0.0005761560705732727 1.3724052850002968e-05" mass="0.026567055393585996" pos="0 0 0" quat="0.683 0.683 0.183 0.183"/>
    <freejoint name="cylinder_14_fillet_15_normal_13"/>
    <geom mesh="cylinder_14_fillet_15_normal_13" name="cylinder_14_fillet_15_normal_13_geom" type="mesh"/>
  </body>
  <body name="cuboid_211_fillet_35_normal_1" pos="0 0 0">
    <inertial diaginertia="9.841500000000004e-05 0.0002460375000000001 0.0002460375000000001" mass="0.07290000000000002" pos="0 0 0" quat="1 0 0 0"/>
    <freejoint name="cuboid_211_fillet_35_normal_1"/>
    <geom mesh="cuboid_211_fillet_35_normal_1" name="cuboid_211_fillet_35_normal_1_geom" type="mesh"/>
  </body>
  <body name="cylinder_21_fillet_25_normal_13" pos="0 0 0">
    <inertial diaginertia="4.698195588147798e-05 4.698195588147798e-05 1.1642587314809316e-05" mass="0.010477259475218662" pos="0 0 0" quat="1 0 0 0"/>
    <freejoint name="cylinder_21_fillet_25_normal_13"/>
    <geom mesh="cylinder_21_fillet_25_normal_13" name="cylinder_21_fillet_25_normal_13_geom" type="mesh"/>
  </body>
  <body name="cylinder_21_fillet_35_normal_1" pos="0 0 0">
    <inertial diaginertia="0.0006943725000000002 0.0006943725000000002 0.00029524500000000013" mass="0.07290000000000002" pos="0 0 0" quat="1 0 0 0"/>
    <freejoint name="cylinder_21_fillet_35_normal_1"/>
    <geom mesh="cylinder_21_fillet_35_normal_1" name="cylinder_21_fillet_35_normal_1_geom" type="mesh"/>
  </body>
  <body name="cuboid_321_fillet_45_normal_6" pos="0 0 0">
    <inertial diaginertia="6.67850176493327e-06 1.73641045888265e-05 1.3357003529866538e-05" mass="0.008374023437500001" pos="0 0 0" quat="0.7071 0.7071 0 0"/>
    <freejoint name="cuboid_321_fillet_45_normal_6"/>
    <geom mesh="cuboid_321_fillet_45_normal_6" name="cuboid_321_fillet_45_normal_6_geom" type="mesh"/>
  </body>
  <body name="cuboid_311_fillet_5_thinner_7" pos="0 0 0">
    <inertial diaginertia="3.570125e-05 0.0005654106249999999 0.0005654106249999999" mass="0.0507" pos="0 0 0" quat="1 0 0 0"/>
    <freejoint name="cuboid_311_fillet_5_thinner_7"/>
    <geom mesh="cuboid_311_fillet_5_thinner_7" name="cuboid_311_fillet_5_thinner_7_geom" type="mesh"/>
  </body>
  <body name="cylinder_13_fillet_15_sideways_13" pos="0 0 0">
    <inertial diaginertia="0.00043383255953620485 0.00043383255953620485 1.3724052850002968e-05" mass="0.026567055393585996" pos="0 0 0" quat="0.683 0.683 0.183 0.183"/>
    <freejoint name="cylinder_13_fillet_15_sideways_13"/>
    <geom mesh="cylinder_13_fillet_15_sideways_13" name="cylinder_13_fillet_15_sideways_13_geom" type="mesh"/>
  </body>
  <body name="cylinder_13_fillet_5_sideways_3" pos="0 0 0">
    <inertial diaginertia="0.0013783542571547576 0.0013783542571547576 5.7833045754745086e-05" mass="0.06297376093294463" pos="0 0 0" quat="0.683 0.683 0.183 0.183"/>
    <freejoint name="cylinder_13_fillet_5_sideways_3"/>
    <geom mesh="cylinder_13_fillet_5_sideways_3" name="cylinder_13_fillet_5_sideways_3_geom" type="mesh"/>
  </body>
  <body name="cylinder_11_fillet_5_normal_4" pos="0 0 0">
    <inertial diaginertia="0.002225240071614583 0.002225240071614583 0.0003814697265625" mass="0.1953125" pos="0 0 0" quat="1 0 0 0"/>
    <freejoint name="cylinder_11_fillet_5_normal_4"/>
    <geom mesh="cylinder_11_fillet_5_normal_4" name="cylinder_11_fillet_5_normal_4_geom" type="mesh"/>
  </body>
  <body name="cuboid_311_fillet_15_thinner_8" pos="0 0 0">
    <inertial diaginertia="3.0517578125e-05 0.0005215087890625 0.0005215087890625" mass="0.046875" pos="0 0 0" quat="1 0 0 0"/>
    <freejoint name="cuboid_311_fillet_15_thinner_8"/>
    <geom mesh="cuboid_311_fillet_15_thinner_8" name="cuboid_311_fillet_15_thinner_8_geom" type="mesh"/>
  </body>
  <body name="cylinder_21_fillet_35_normal_7" pos="0 0 0">
    <inertial diaginertia="0.000222144696852502 0.000222144696852502 7.580292973165945e-05" mass="0.032242565597667645" pos="0 0 0" quat="1 0 0 0"/>
    <freejoint name="cylinder_21_fillet_35_normal_7"/>
    <geom mesh="cylinder_21_fillet_35_normal_7" name="cylinder_21_fillet_35_normal_7_geom" type="mesh"/>
  </body>
  <body name="cylinder_12_fillet_25_upright_13" pos="0 0 0">
    <inertial diaginertia="0.00024278463994417015 0.00024278463994417015 1.0933572544178026e-05" mass="0.023179883381924202" pos="0 0 0" quat="0 0.01 0 0"/>
    <freejoint name="cylinder_12_fillet_25_upright_13"/>
    <geom mesh="cylinder_12_fillet_25_upright_13" name="cylinder_12_fillet_25_upright_13_geom" type="mesh"/>
  </body>
  <body name="cuboid_311_fillet_15_normal_4" pos="0 0 0">
    <inertial diaginertia="3.338403157552083e-05 0.00016692015787760415 0.00016692015787760415" mass="0.0381078125" pos="0 0 0" quat="1 0 0 0"/>
    <freejoint name="cuboid_311_fillet_15_normal_4"/>
    <geom mesh="cuboid_311_fillet_15_normal_4" name="cuboid_311_fillet_15_normal_4_geom" type="mesh"/>
  </body>
  <body name="cylinder_21_fillet_5_normal_13" pos="0 0 0">
    <inertial diaginertia="4.698195588147798e-05 4.698195588147798e-05 1.1642587314809316e-05" mass="0.010477259475218662" pos="0 0 0" quat="1 0 0 0"/>
    <freejoint name="cylinder_21_fillet_5_normal_13"/>
    <geom mesh="cylinder_21_fillet_5_normal_13" name="cylinder_21_fillet_5_normal_13_geom" type="mesh"/>
  </body>
  <body name="cuboid_311_fillet_35_thinner_1" pos="0 0 0">
    <inertial diaginertia="8.192000000000004e-05 0.0008704000000000001 0.0008704000000000001" mass="0.07680000000000001" pos="0 0 0" quat="1 0 0 0"/>
    <freejoint name="cuboid_311_fillet_35_thinner_1"/>
    <geom mesh="cuboid_311_fillet_35_thinner_1" name="cuboid_311_fillet_35_thinner_1_geom" type="mesh"/>
  </body>
  <body name="cuboid_221_fillet_25_normal_4" pos="0 0 0">
    <inertial diaginertia="2.9162725702921556e-05 4.6660361124674486e-05 2.9162725702921556e-05" mass="0.0202779296875" pos="0 0 0" quat="0.7071 0.7071 0 0"/>
    <freejoint name="cuboid_221_fillet_25_normal_4"/>
    <geom mesh="cuboid_221_fillet_25_normal_4" name="cuboid_221_fillet_25_normal_4_geom" type="mesh"/>
  </body>
  <body name="cylinder_21_fillet_15_normal_4" pos="0 0 0">
    <inertial diaginertia="0.00040763273557427716 0.00040763273557427716 0.00015665516554672166" mass="0.04984077988338193" pos="0 0 0" quat="1 0 0 0"/>
    <freejoint name="cylinder_21_fillet_15_normal_4"/>
    <geom mesh="cylinder_21_fillet_15_normal_4" name="cylinder_21_fillet_15_normal_4_geom" type="mesh"/>
  </body>
  <body name="ground" pos="0 0 0">
    <geom name="ground_geom" size="1 1 1" type="plane"/>
  </body>
</mujoco>