<mujoco><body name="sphere_normal_36" pos="0 0 0">
    <inertial diaginertia="0.00024279267647587044 0.00024279267647587044 0.00024279267647587044" mass="0.17027125992265416" pos="0 0 0" quat="1 0 0 0"/>
    <freejoint name="sphere_normal_36"/>
    <geom mesh="sphere_normal_36" name="sphere_normal_36_geom" type="mesh"/>
  </body>
  <body name="sphere_normal_99" pos="0 0 0">
    <inertial diaginertia="3.7878744127049413e-05 3.7878744127049413e-05 3.7878744127049413e-05" mass="0.05585182169753714" pos="0 0 0" quat="1 0 0 0"/>
    <freejoint name="sphere_normal_99"/>
    <geom mesh="sphere_normal_99" name="sphere_normal_99_geom" type="mesh"/>
  </body>
  <body name="sphere_normal_57" pos="0 0 0">
    <inertial diaginertia="0.00014064112543164556 0.00014064112543164556 0.00014064112543164556" mass="0.1227064522694891" pos="0 0 0" quat="1 0 0 0"/>
    <freejoint name="sphere_normal_57"/>
    <geom mesh="sphere_normal_57" name="sphere_normal_57_geom" type="mesh"/>
  </body>
  <body name="sphere_normal_110" pos="0 0 0">
    <inertial diaginertia="2.51596123053237e-05 2.51596123053237e-05 2.51596123053237e-05" mass="0.04369405658457154" pos="0 0 0" quat="1 0 0 0"/>
    <freejoint name="sphere_normal_110"/>
    <geom mesh="sphere_normal_110" name="sphere_normal_110_geom" type="mesh"/>
  </body>
  <body name="cylinder_21_fillet_45_normal_5" pos="0 0 0">
    <inertial diaginertia="0.0003360664791951766 0.0003360664791951766 0.00012441110638424467" mass="0.04340437317784256" pos="0 0 0" quat="1 0 0 0"/>
    <freejoint name="cylinder_21_fillet_45_normal_5"/>
    <geom mesh="cylinder_21_fillet_45_normal_5" name="cylinder_21_fillet_45_normal_5_geom" type="mesh"/>
  </body>
  <body name="cuboid_321_fillet_45_normal_3" pos="0 0 0">
    <inertial diaginertia="1.0075272623697915e-05 2.6195708821614575e-05 2.015054524739583e-05" mass="0.0107171875" pos="0 0 0" quat="0.7071 0.7071 0 0"/>
    <freejoint name="cuboid_321_fillet_45_normal_3"/>
    <geom mesh="cuboid_321_fillet_45_normal_3" name="cuboid_321_fillet_45_normal_3_geom" type="mesh"/>
  </body>
  <body name="sphere_normal_25" pos="0 0 0">
    <inertial diaginertia="0.000316099828239041 0.000316099828239041 0.000316099828239041" mass="0.199477793608793" pos="0 0 0" quat="1 0 0 0"/>
    <freejoint name="sphere_normal_25"/>
    <geom mesh="sphere_normal_25" name="sphere_normal_25_geom" type="mesh"/>
  </body>
  <body name="cuboid_211_fillet_45_normal_9" pos="0 0 0">
    <inertial diaginertia="1.2959999999999998e-05 3.2399999999999995e-05 3.2399999999999995e-05" mass="0.021599999999999998" pos="0 0 0" quat="1 0 0 0"/>
    <freejoint name="cuboid_211_fillet_45_normal_9"/>
    <geom mesh="cuboid_211_fillet_45_normal_9" name="cuboid_211_fillet_45_normal_9_geom" type="mesh"/>
  </body>
  <body name="cylinder_13_fillet_25_sideways_3" pos="0 0 0">
    <inertial diaginertia="0.0013783542571547576 0.0013783542571547576 5.7833045754745086e-05" mass="0.06297376093294463" pos="0 0 0" quat="0.683 0.683 0.183 0.183"/>
    <freejoint name="cylinder_13_fillet_25_sideways_3"/>
    <geom mesh="cylinder_13_fillet_25_sideways_3" name="cylinder_13_fillet_25_sideways_3_geom" type="mesh"/>
  </body>
  <body name="cuboid_321_fillet_5_normal_7" pos="0 0 0">
    <inertial diaginertia="5.777412923177089e-06 1.5021273600260424e-05 1.1554825846354172e-05" mass="0.007676562500000003" pos="0 0 0" quat="0.7071 0.7071 0 0"/>
    <freejoint name="cuboid_321_fillet_5_normal_7"/>
    <geom mesh="cuboid_321_fillet_5_normal_7" name="cuboid_321_fillet_5_normal_7_geom" type="mesh"/>
  </body>
  <body name="cuboid_211_fillet_35_upright_6" pos="0 0 0">
    <inertial diaginertia="1.0475818684895828e-05 2.618954671223957e-05 2.618954671223957e-05" mass="0.019010937499999995" pos="0 0 0" quat="0.707 0 0.707 0"/>
    <freejoint name="cuboid_211_fillet_35_upright_6"/>
    <geom mesh="cuboid_211_fillet_35_upright_6" name="cuboid_211_fillet_35_upright_6_geom" type="mesh"/>
  </body>
  <body name="cylinder_21_fillet_45_normal_7" pos="0 0 0">
    <inertial diaginertia="0.000222144696852502 0.000222144696852502 7.580292973165945e-05" mass="0.032242565597667645" pos="0 0 0" quat="1 0 0 0"/>
    <freejoint name="cylinder_21_fillet_45_normal_7"/>
    <geom mesh="cylinder_21_fillet_45_normal_7" name="cylinder_21_fillet_45_normal_7_geom" type="mesh"/>
  </body>
  <body name="cube_fillet_5_normal_12" pos="0 0 0">
    <inertial diaginertia="4.5533113583625855e-05 4.5533113583625855e-05 4.5533113583625855e-05" mass="0.04590787172011661" pos="0 0 0" quat="1 0 0 0"/>
    <freejoint name="cube_fillet_5_normal_12"/>
    <geom mesh="cube_fillet_5_normal_12" name="cube_fillet_5_normal_12_geom" type="mesh"/>
  </body>
  <body name="cuboid_221_fillet_45_normal_5" pos="0 0 0">
    <inertial diaginertia="2.0970182291666673e-05 3.355229166666668e-05 2.0970182291666673e-05" mass="0.016637500000000003" pos="0 0 0" quat="0.7071 0.7071 0 0"/>
    <freejoint name="cuboid_221_fillet_45_normal_5"/>
    <geom mesh="cuboid_221_fillet_45_normal_5" name="cuboid_221_fillet_45_normal_5_geom" type="mesh"/>
  </body>
  <body name="cylinder_14_fillet_25_normal_9" pos="0 0 0">
    <inertial diaginertia="0.0009520503231912296 0.0009520503231912296 2.5660829639435942e-05" mass="0.0386737609329446" pos="0 0 0" quat="0.683 0.683 0.183 0.183"/>
    <freejoint name="cylinder_14_fillet_25_normal_9"/>
    <geom mesh="cylinder_14_fillet_25_normal_9" name="cylinder_14_fillet_25_normal_9_geom" type="mesh"/>
  </body>
  <body name="cylinder_21_fillet_35_normal_15" pos="0 0 0">
    <inertial diaginertia="2.3893333333333344e-05 2.3893333333333344e-05 5.120000000000004e-06" mass="0.006400000000000002" pos="0 0 0" quat="1 0 0 0"/>
    <freejoint name="cylinder_21_fillet_35_normal_15"/>
    <geom mesh="cylinder_21_fillet_35_normal_15" name="cylinder_21_fillet_35_normal_15_geom" type="mesh"/>
  </body>
  <body name="cylinder_12_fillet_15_upright_14" pos="0 0 0">
    <inertial diaginertia="0.00023162710577523187 0.00023162710577523187 1.0312511911424553e-05" mass="0.022380648688046643" pos="0 0 0" quat="0 0.01 0 0"/>
    <freejoint name="cylinder_12_fillet_15_upright_14"/>
    <geom mesh="cylinder_12_fillet_15_upright_14" name="cylinder_12_fillet_15_upright_14_geom" type="mesh"/>
  </body>
  <body name="cuboid_211_fillet_5_upright_9" pos="0 0 0">
    <inertial diaginertia="5.208333333333334e-06 1.3020833333333336e-05 1.3020833333333336e-05" mass="0.0125" pos="0 0 0" quat="0.707 0 0.707 0"/>
    <freejoint name="cuboid_211_fillet_5_upright_9"/>
    <geom mesh="cuboid_211_fillet_5_upright_9" name="cuboid_211_fillet_5_upright_9_geom" type="mesh"/>
  </body>
  <body name="cylinder_14_fillet_15_normal_14" pos="0 0 0">
    <inertial diaginertia="0.0005028919288733396 0.0005028919288733396 1.15842013535097e-05" mass="0.023997922740524782" pos="0 0 0" quat="0.683 0.683 0.183 0.183"/>
    <freejoint name="cylinder_14_fillet_15_normal_14"/>
    <geom mesh="cylinder_14_fillet_15_normal_14" name="cylinder_14_fillet_15_normal_14_geom" type="mesh"/>
  </body>
  <body name="cuboid_321_fillet_5_normal_8" pos="0 0 0">
    <inertial diaginertia="4.976322555541996e-06 1.2938438644409185e-05 9.952645111083987e-06" mass="0.007018945312500003" pos="0 0 0" quat="0.7071 0.7071 0 0"/>
    <freejoint name="cuboid_321_fillet_5_normal_8"/>
    <geom mesh="cuboid_321_fillet_5_normal_8" name="cuboid_321_fillet_5_normal_8_geom" type="mesh"/>
  </body>
  <body name="ground" pos="0 0 0">
    <geom name="ground_geom" size="1 1 1" type="plane"/>
  </body>
</mujoco>