<mujoco><body name="cuboid_311_fillet_15_thinner_7" pos="0 0 0">
    <inertial diaginertia="3.570125e-05 0.0005654106249999999 0.0005654106249999999" mass="0.0507" pos="0 0 0" quat="1 0 0 0"/>
    <freejoint name="cuboid_311_fillet_15_thinner_7"/>
    <geom mesh="cuboid_311_fillet_15_thinner_7" name="cuboid_311_fillet_15_thinner_7_geom" type="mesh"/>
  </body>
  <body name="cuboid_221_fillet_35_normal_2" pos="0 0 0">
    <inertial diaginertia="5.317630678812663e-05 8.508209086100261e-05 5.317630678812663e-05" mass="0.0290775390625" pos="0 0 0" quat="0.7071 0.7071 0 0"/>
    <freejoint name="cuboid_221_fillet_35_normal_2"/>
    <geom mesh="cuboid_221_fillet_35_normal_2" name="cuboid_221_fillet_35_normal_2_geom" type="mesh"/>
  </body>
  <body name="cube_fillet_15_normal_13" pos="0 0 0">
    <inertial diaginertia="3.098907201364509e-05 3.098907201364509e-05 3.098907201364509e-05" mass="0.036443148688046635" pos="0 0 0" quat="1 0 0 0"/>
    <freejoint name="cube_fillet_15_normal_13"/>
    <geom mesh="cube_fillet_15_normal_13" name="cube_fillet_15_normal_13_geom" type="mesh"/>
  </body>
  <body name="cube_fillet_25_normal_15" pos="0 0 0">
    <inertial diaginertia="1.2959999999999998e-05 1.2959999999999998e-05 1.2959999999999998e-05" mass="0.021599999999999998" pos="0 0 0" quat="1 0 0 0"/>
    <freejoint name="cube_fillet_25_normal_15"/>
    <geom mesh="cube_fillet_25_normal_15" name="cube_fillet_25_normal_15_geom" type="mesh"/>
  </body>
  <body name="cube_fillet_5_normal_3" pos="0 0 0">
    <inertial diaginertia="0.0005855595882667932 0.0005855595882667932 0.0005855595882667932" mass="0.21253644314868797" pos="0 0 0" quat="1 0 0 0"/>
    <freejoint name="cube_fillet_5_normal_3"/>
    <geom mesh="cube_fillet_5_normal_3" name="cube_fillet_5_normal_3_geom" type="mesh"/>
  </body>
  <body name="cylinder_12_fillet_25_sideways_8" pos="0 0 0">
    <inertial diaginertia="0.0011304056249999996 0.0011304056249999996 7.381124999999998e-05" mass="0.07289999999999998" pos="0 0 0" quat="0.683 0.683 0.183 0.183"/>
    <freejoint name="cylinder_12_fillet_25_sideways_8"/>
    <geom mesh="cylinder_12_fillet_25_sideways_8" name="cylinder_12_fillet_25_sideways_8_geom" type="mesh"/>
  </body>
  <body name="cylinder_12_fillet_15_upright_5" pos="0 0 0">
    <inertial diaginertia="0.00034725422716973075 0.00034725422716973075 1.7057253450943056e-05" mass="0.03026909620991253" pos="0 0 0" quat="0 0.01 0 0"/>
    <freejoint name="cylinder_12_fillet_15_upright_5"/>
    <geom mesh="cylinder_12_fillet_15_upright_5" name="cylinder_12_fillet_15_upright_5_geom" type="mesh"/>
  </body>
  <body name="cylinder_14_fillet_25_normal_11" pos="0 0 0">
    <inertial diaginertia="0.0007464482941631465 0.0007464482941631465 1.8950732432914862e-05" mass="0.032242565597667645" pos="0 0 0" quat="0.683 0.683 0.183 0.183"/>
    <freejoint name="cylinder_14_fillet_25_normal_11"/>
    <geom mesh="cylinder_14_fillet_25_normal_11" name="cylinder_14_fillet_25_normal_11_geom" type="mesh"/>
  </body>
  <body name="cylinder_12_fillet_15_upright_6" pos="0 0 0">
    <inertial diaginertia="0.0003326246528755225 0.0003326246528755225 1.6169052731469775e-05" mass="0.029313301749271135" pos="0 0 0" quat="0 0.01 0 0"/>
    <freejoint name="cylinder_12_fillet_15_upright_6"/>
    <geom mesh="cylinder_12_fillet_15_upright_6" name="cylinder_12_fillet_15_upright_6_geom" type="mesh"/>
  </body>
  <body name="cylinder_11_fillet_45_normal_8" pos="0 0 0">
    <inertial diaginertia="0.0010926894726562492 0.0010926894726562492 0.00015953519531249985" mass="0.11576249999999993" pos="0 0 0" quat="1 0 0 0"/>
    <freejoint name="cylinder_11_fillet_45_normal_8"/>
    <geom mesh="cylinder_11_fillet_45_normal_8" name="cylinder_11_fillet_45_normal_8_geom" type="mesh"/>
  </body>
  <body name="cylinder_21_fillet_15_normal_5" pos="0 0 0">
    <inertial diaginertia="0.0003360664791951766 0.0003360664791951766 0.00012441110638424467" mass="0.04340437317784256" pos="0 0 0" quat="1 0 0 0"/>
    <freejoint name="cylinder_21_fillet_15_normal_5"/>
    <geom mesh="cylinder_21_fillet_15_normal_5" name="cylinder_21_fillet_15_normal_5_geom" type="mesh"/>
  </body>
  <body name="cuboid_321_fillet_25_normal_3" pos="0 0 0">
    <inertial diaginertia="1.0075272623697915e-05 2.6195708821614575e-05 2.015054524739583e-05" mass="0.0107171875" pos="0 0 0" quat="0.7071 0.7071 0 0"/>
    <freejoint name="cuboid_321_fillet_25_normal_3"/>
    <geom mesh="cuboid_321_fillet_25_normal_3" name="cuboid_321_fillet_25_normal_3_geom" type="mesh"/>
  </body>
  <body name="cube_fillet_45_normal_11" pos="0 0 0">
    <inertial diaginertia="6.508763888062512e-05 6.508763888062512e-05 6.508763888062512e-05" mass="0.05688396501457725" pos="0 0 0" quat="1 0 0 0"/>
    <freejoint name="cube_fillet_45_normal_11"/>
    <geom mesh="cube_fillet_45_normal_11" name="cube_fillet_45_normal_11_geom" type="mesh"/>
  </body>
  <body name="cylinder_13_fillet_15_sideways_2" pos="0 0 0">
    <inertial diaginertia="0.001522243157662869 0.001522243157662869 6.543278294339782e-05" mass="0.06781585276967929" pos="0 0 0" quat="0.683 0.683 0.183 0.183"/>
    <freejoint name="cylinder_13_fillet_15_sideways_2"/>
    <geom mesh="cylinder_13_fillet_15_sideways_2" name="cylinder_13_fillet_15_sideways_2_geom" type="mesh"/>
  </body>
  <body name="cuboid_311_fillet_15_thinner_2" pos="0 0 0">
    <inertial diaginertia="7.215007812500002e-05 0.0008144850390624999 0.0008144850390624999" mass="0.072075" pos="0 0 0" quat="1 0 0 0"/>
    <freejoint name="cuboid_311_fillet_15_thinner_2"/>
    <geom mesh="cuboid_311_fillet_15_thinner_2" name="cuboid_311_fillet_15_thinner_2_geom" type="mesh"/>
  </body>
  <body name="cylinder_11_fillet_45_normal_1" pos="0 0 0">
    <inertial diaginertia="0.0035374733333333325 0.0035374733333333325 0.0006722799999999998" mass="0.2744" pos="0 0 0" quat="1 0 0 0"/>
    <freejoint name="cylinder_11_fillet_45_normal_1"/>
    <geom mesh="cylinder_11_fillet_45_normal_1" name="cylinder_11_fillet_45_normal_1_geom" type="mesh"/>
  </body>
  <body name="cylinder_21_fillet_5_normal_3" pos="0 0 0">
    <inertial diaginertia="0.0004904016929453999 0.0004904016929453999 0.0001952629166418755" mass="0.05688396501457727" pos="0 0 0" quat="1 0 0 0"/>
    <freejoint name="cylinder_21_fillet_5_normal_3"/>
    <geom mesh="cylinder_21_fillet_5_normal_3" name="cylinder_21_fillet_5_normal_3_geom" type="mesh"/>
  </body>
  <body name="cuboid_211_fillet_15_upright_5" pos="0 0 0">
    <inertial diaginertia="1.2959999999999998e-05 3.2399999999999995e-05 3.2399999999999995e-05" mass="0.021599999999999998" pos="0 0 0" quat="0.707 0 0.707 0"/>
    <freejoint name="cuboid_211_fillet_15_upright_5"/>
    <geom mesh="cuboid_211_fillet_15_upright_5" name="cuboid_211_fillet_15_upright_5_geom" type="mesh"/>
  </body>
  <body name="cube_fillet_35_normal_11" pos="0 0 0">
    <inertial diaginertia="6.508763888062512e-05 6.508763888062512e-05 6.508763888062512e-05" mass="0.05688396501457725" pos="0 0 0" quat="1 0 0 0"/>
    <freejoint name="cube_fillet_35_normal_11"/>
    <geom mesh="cube_fillet_35_normal_11" name="cube_fillet_35_normal_11_geom" type="mesh"/>
  </body>
  <body name="cube_fillet_35_normal_1" pos="0 0 0">
    <inertial diaginertia="0.0008963733333333331 0.0008963733333333331 0.0008963733333333331" mass="0.2744" pos="0 0 0" quat="1 0 0 0"/>
    <freejoint name="cube_fillet_35_normal_1"/>
    <geom mesh="cube_fillet_35_normal_1" name="cube_fillet_35_normal_1_geom" type="mesh"/>
  </body>
  <body name="ground" pos="0 0 0">
    <geom name="ground_geom" size="1 1 1" type="plane"/>
  </body>
</mujoco>