<mujoco><body name="cuboid_311_fillet_15_thinner_4" pos="0 0 0">
    <inertial diaginertia="5.5256328124999984e-05 0.0007088381640624997 0.0007088381640624997" mass="0.06307499999999999" pos="0 0 0" quat="1 0 0 0"/>
    <freejoint name="cuboid_311_fillet_15_thinner_4"/>
    <geom mesh="cuboid_311_fillet_15_thinner_4" name="cuboid_311_fillet_15_thinner_4_geom" type="mesh"/>
  </body>
  <body name="cylinder_12_fillet_15_sideways_5" pos="0 0 0">
    <inertial diaginertia="0.0019374162860712795 0.0019374162860712795 0.00014390712441244714" mass="0.10881865889212826" pos="0 0 0" quat="0.683 0.683 0.183 0.183"/>
    <freejoint name="cylinder_12_fillet_15_sideways_5"/>
    <geom mesh="cylinder_12_fillet_15_sideways_5" name="cylinder_12_fillet_15_sideways_5_geom" type="mesh"/>
  </body>
  <body name="sphere_normal_84" pos="0 0 0">
    <inertial diaginertia="6.301063901153423e-05 6.301063901153423e-05 6.301063901153423e-05" mass="0.07579635660492567" pos="0 0 0" quat="1 0 0 0"/>
    <freejoint name="sphere_normal_84"/>
    <geom mesh="sphere_normal_84" name="sphere_normal_84_geom" type="mesh"/>
  </body>
  <body name="cuboid_311_fillet_5_normal_5" pos="0 0 0">
    <inertial diaginertia="2.8011666666666658e-05 0.0001400583333333333 0.0001400583333333333" mass="0.0343" pos="0 0 0" quat="1 0 0 0"/>
    <freejoint name="cuboid_311_fillet_5_normal_5"/>
    <geom mesh="cuboid_311_fillet_5_normal_5" name="cuboid_311_fillet_5_normal_5_geom" type="mesh"/>
  </body>
  <body name="cube_fillet_5_normal_4" pos="0 0 0">
    <inertial diaginertia="0.0004664990952182619 0.0004664990952182619 0.0004664990952182619" mass="0.1854390670553935" pos="0 0 0" quat="1 0 0 0"/>
    <freejoint name="cube_fillet_5_normal_4"/>
    <geom mesh="cube_fillet_5_normal_4" name="cube_fillet_5_normal_4_geom" type="mesh"/>
  </body>
  <body name="cuboid_221_fillet_45_normal_8" pos="0 0 0">
    <inertial diaginertia="6.67850176493327e-06 1.0685602823893232e-05 6.67850176493327e-06" mass="0.008374023437500001" pos="0 0 0" quat="0.7071 0.7071 0 0"/>
    <freejoint name="cuboid_221_fillet_45_normal_8"/>
    <geom mesh="cuboid_221_fillet_45_normal_8" name="cuboid_221_fillet_45_normal_8_geom" type="mesh"/>
  </body>
  <body name="cylinder_14_fillet_5_normal_10" pos="0 0 0">
    <inertial diaginertia="0.0008445547722152132 0.0008445547722152132 2.2102724355458288e-05" mass="0.035360750728862966" pos="0 0 0" quat="0.683 0.683 0.183 0.183"/>
    <freejoint name="cylinder_14_fillet_5_normal_10"/>
    <geom mesh="cylinder_14_fillet_5_normal_10" name="cylinder_14_fillet_5_normal_10_geom" type="mesh"/>
  </body>
  <body name="sphere_normal_70" pos="0 0 0">
    <inertial diaginertia="9.709322266185959e-05 9.709322266185959e-05 9.709322266185959e-05" mass="0.09824565438632198" pos="0 0 0" quat="1 0 0 0"/>
    <freejoint name="sphere_normal_70"/>
    <geom mesh="sphere_normal_70" name="sphere_normal_70_geom" type="mesh"/>
  </body>
  <body name="cylinder_21_fillet_5_normal_4" pos="0 0 0">
    <inertial diaginertia="0.00040763273557427716 0.00040763273557427716 0.00015665516554672166" mass="0.04984077988338193" pos="0 0 0" quat="1 0 0 0"/>
    <freejoint name="cylinder_21_fillet_5_normal_4"/>
    <geom mesh="cylinder_21_fillet_5_normal_4" name="cylinder_21_fillet_5_normal_4_geom" type="mesh"/>
  </body>
  <body name="sphere_normal_34" pos="0 0 0">
    <inertial diaginertia="0.0002549909097359805 0.0002549909097359805 0.0002549909097359805" mass="0.17535365357215552" pos="0 0 0" quat="1 0 0 0"/>
    <freejoint name="sphere_normal_34"/>
    <geom mesh="sphere_normal_34" name="sphere_normal_34_geom" type="mesh"/>
  </body>
  <body name="cube_fillet_15_normal_11" pos="0 0 0">
    <inertial diaginertia="6.508763888062512e-05 6.508763888062512e-05 6.508763888062512e-05" mass="0.05688396501457725" pos="0 0 0" quat="1 0 0 0"/>
    <freejoint name="cube_fillet_15_normal_11"/>
    <geom mesh="cube_fillet_15_normal_11" name="cube_fillet_15_normal_11_geom" type="mesh"/>
  </body>
  <body name="cube_fillet_5_normal_14" pos="0 0 0">
    <inertial diaginertia="2.0424324785307697e-05 2.0424324785307697e-05 2.0424324785307697e-05" mass="0.028377842565597656" pos="0 0 0" quat="1 0 0 0"/>
    <freejoint name="cube_fillet_5_normal_14"/>
    <geom mesh="cube_fillet_5_normal_14" name="cube_fillet_5_normal_14_geom" type="mesh"/>
  </body>
  <body name="cuboid_211_fillet_25_normal_9" pos="0 0 0">
    <inertial diaginertia="1.2959999999999998e-05 3.2399999999999995e-05 3.2399999999999995e-05" mass="0.021599999999999998" pos="0 0 0" quat="1 0 0 0"/>
    <freejoint name="cuboid_211_fillet_25_normal_9"/>
    <geom mesh="cuboid_211_fillet_25_normal_9" name="cuboid_211_fillet_25_normal_9_geom" type="mesh"/>
  </body>
  <body name="cylinder_13_fillet_25_sideways_10" pos="0 0 0">
    <inertial diaginertia="0.000636178919705842 0.000636178919705842 2.2102724355458288e-05" mass="0.035360750728862966" pos="0 0 0" quat="0.683 0.683 0.183 0.183"/>
    <freejoint name="cylinder_13_fillet_25_sideways_10"/>
    <geom mesh="cylinder_13_fillet_25_sideways_10" name="cylinder_13_fillet_25_sideways_10_geom" type="mesh"/>
  </body>
  <body name="cube_fillet_45_normal_10" pos="0 0 0">
    <inertial diaginertia="9.084834017572043e-05 9.084834017572043e-05 9.084834017572043e-05" mass="0.06948338192419824" pos="0 0 0" quat="1 0 0 0"/>
    <freejoint name="cube_fillet_45_normal_10"/>
    <geom mesh="cube_fillet_45_normal_10" name="cube_fillet_45_normal_10_geom" type="mesh"/>
  </body>
  <body name="cuboid_321_fillet_35_normal_7" pos="0 0 0">
    <inertial diaginertia="5.777412923177089e-06 1.5021273600260424e-05 1.1554825846354172e-05" mass="0.007676562500000003" pos="0 0 0" quat="0.7071 0.7071 0 0"/>
    <freejoint name="cuboid_321_fillet_35_normal_7"/>
    <geom mesh="cuboid_321_fillet_35_normal_7" name="cuboid_321_fillet_35_normal_7_geom" type="mesh"/>
  </body>
  <body name="cylinder_14_fillet_25_normal_4" pos="0 0 0">
    <inertial diaginertia="0.001651438943266059 0.001651438943266059 5.0956447548361555e-05" mass="0.05836782069970846" pos="0 0 0" quat="0.683 0.683 0.183 0.183"/>
    <freejoint name="cylinder_14_fillet_25_normal_4"/>
    <geom mesh="cylinder_14_fillet_25_normal_4" name="cylinder_14_fillet_25_normal_4_geom" type="mesh"/>
  </body>
  <body name="cylinder_12_fillet_5_sideways_14" pos="0 0 0">
    <inertial diaginertia="0.00029150904849913707 0.00029150904849913707 1.3724052850002968e-05" mass="0.026567055393585996" pos="0 0 0" quat="0.683 0.683 0.183 0.183"/>
    <freejoint name="cylinder_12_fillet_5_sideways_14"/>
    <geom mesh="cylinder_12_fillet_5_sideways_14" name="cylinder_12_fillet_5_sideways_14_geom" type="mesh"/>
  </body>
  <body name="cuboid_211_fillet_5_normal_6" pos="0 0 0">
    <inertial diaginertia="3.060364059448244e-05 7.650910148620609e-05 7.650910148620609e-05" mass="0.03617050781250001" pos="0 0 0" quat="1 0 0 0"/>
    <freejoint name="cuboid_211_fillet_5_normal_6"/>
    <geom mesh="cuboid_211_fillet_5_normal_6" name="cuboid_211_fillet_5_normal_6_geom" type="mesh"/>
  </body>
  <body name="cylinder_12_fillet_5_sideways_9" pos="0 0 0">
    <inertial diaginertia="0.0009285416790622954 0.0009285416790622954 5.7833045754745045e-05" mass="0.0629737609329446" pos="0 0 0" quat="0.683 0.683 0.183 0.183"/>
    <freejoint name="cylinder_12_fillet_5_sideways_9"/>
    <geom mesh="cylinder_12_fillet_5_sideways_9" name="cylinder_12_fillet_5_sideways_9_geom" type="mesh"/>
  </body>
  <body name="ground" pos="0 0 0">
    <geom name="ground_geom" size="1 1 1" type="plane"/>
  </body>
</mujoco>