<mujoco><body name="cuboid_321_fillet_45_normal_7" pos="0 0 0">
    <inertial diaginertia="5.777412923177089e-06 1.5021273600260424e-05 1.1554825846354172e-05" mass="0.007676562500000003" pos="0 0 0" quat="0.7071 0.7071 0 0"/>
    <freejoint name="cuboid_321_fillet_45_normal_7"/>
    <geom mesh="cuboid_321_fillet_45_normal_7" name="cuboid_321_fillet_45_normal_7_geom" type="mesh"/>
  </body>
  <body name="cuboid_221_fillet_35_normal_6" pos="0 0 0">
    <inertial diaginertia="1.4731877772013339e-05 2.3571004435221344e-05 1.4731877772013339e-05" mass="0.013461132812499997" pos="0 0 0" quat="0.7071 0.7071 0 0"/>
    <freejoint name="cuboid_221_fillet_35_normal_6"/>
    <geom mesh="cuboid_221_fillet_35_normal_6" name="cuboid_221_fillet_35_normal_6_geom" type="mesh"/>
  </body>
  <body name="cylinder_11_fillet_25_normal_15" pos="0 0 0">
    <inertial diaginertia="0.00021058770833333327 0.00021058770833333327 2.1008749999999994e-05" mass="0.0343" pos="0 0 0" quat="1 0 0 0"/>
    <freejoint name="cylinder_11_fillet_25_normal_15"/>
    <geom mesh="cylinder_11_fillet_25_normal_15" name="cylinder_11_fillet_25_normal_15_geom" type="mesh"/>
  </body>
  <body name="cuboid_211_fillet_5_normal_1" pos="0 0 0">
    <inertial diaginertia="9.841500000000004e-05 0.0002460375000000001 0.0002460375000000001" mass="0.07290000000000002" pos="0 0 0" quat="1 0 0 0"/>
    <freejoint name="cuboid_211_fillet_5_normal_1"/>
    <geom mesh="cuboid_211_fillet_5_normal_1" name="cuboid_211_fillet_5_normal_1_geom" type="mesh"/>
  </body>
  <body name="cuboid_311_fillet_15_normal_6" pos="0 0 0">
    <inertial diaginertia="2.3354340820312507e-05 0.00011677170410156253 0.00011677170410156253" mass="0.030754687500000006" pos="0 0 0" quat="1 0 0 0"/>
    <freejoint name="cuboid_311_fillet_15_normal_6"/>
    <geom mesh="cuboid_311_fillet_15_normal_6" name="cuboid_311_fillet_15_normal_6_geom" type="mesh"/>
  </body>
  <body name="cylinder_12_fillet_25_sideways_13" pos="0 0 0">
    <inertial diaginertia="0.00037796183018980195 0.00037796183018980195 1.8950732432914862e-05" mass="0.032242565597667645" pos="0 0 0" quat="0.683 0.683 0.183 0.183"/>
    <freejoint name="cylinder_12_fillet_25_sideways_13"/>
    <geom mesh="cylinder_12_fillet_25_sideways_13" name="cylinder_12_fillet_25_sideways_13_geom" type="mesh"/>
  </body>
  <body name="cuboid_211_fillet_45_normal_7" pos="0 0 0">
    <inertial diaginertia="2.3354340820312507e-05 5.8385852050781267e-05 5.8385852050781267e-05" mass="0.030754687500000006" pos="0 0 0" quat="1 0 0 0"/>
    <freejoint name="cuboid_211_fillet_45_normal_7"/>
    <geom mesh="cuboid_211_fillet_45_normal_7" name="cuboid_211_fillet_45_normal_7_geom" type="mesh"/>
  </body>
  <body name="cuboid_321_fillet_35_normal_1" pos="0 0 0">
    <inertial diaginertia="1.3020833333333336e-05 3.3854166666666665e-05 2.604166666666667e-05" mass="0.0125" pos="0 0 0" quat="0.7071 0.7071 0 0"/>
    <freejoint name="cuboid_321_fillet_35_normal_1"/>
    <geom mesh="cuboid_321_fillet_35_normal_1" name="cuboid_321_fillet_35_normal_1_geom" type="mesh"/>
  </body>
  <body name="cuboid_211_fillet_35_normal_2" pos="0 0 0">
    <inertial diaginertia="7.955074813842776e-05 0.00019887687034606942 0.00019887687034606942" mass="0.06416191406250002" pos="0 0 0" quat="1 0 0 0"/>
    <freejoint name="cuboid_211_fillet_35_normal_2"/>
    <geom mesh="cuboid_211_fillet_35_normal_2" name="cuboid_211_fillet_35_normal_2_geom" type="mesh"/>
  </body>
  <body name="cuboid_321_fillet_45_normal_4" pos="0 0 0">
    <inertial diaginertia="8.817540105183924e-06 2.29256042734782e-05 1.7635080210367844e-05" mass="0.009893164062500003" pos="0 0 0" quat="0.7071 0.7071 0 0"/>
    <freejoint name="cuboid_321_fillet_45_normal_4"/>
    <geom mesh="cuboid_321_fillet_45_normal_4" name="cuboid_321_fillet_45_normal_4_geom" type="mesh"/>
  </body>
  <body name="cuboid_311_fillet_35_normal_7" pos="0 0 0">
    <inertial diaginertia="1.933817708333334e-05 9.669088541666669e-05 9.669088541666669e-05" mass="0.027462500000000004" pos="0 0 0" quat="1 0 0 0"/>
    <freejoint name="cuboid_311_fillet_35_normal_7"/>
    <geom mesh="cuboid_311_fillet_35_normal_7" name="cuboid_311_fillet_35_normal_7_geom" type="mesh"/>
  </body>
  <body name="cuboid_311_fillet_25_thinner_1" pos="0 0 0">
    <inertial diaginertia="8.192000000000004e-05 0.0008704000000000001 0.0008704000000000001" mass="0.07680000000000001" pos="0 0 0" quat="1 0 0 0"/>
    <freejoint name="cuboid_311_fillet_25_thinner_1"/>
    <geom mesh="cuboid_311_fillet_25_thinner_1" name="cuboid_311_fillet_25_thinner_1_geom" type="mesh"/>
  </body>
  <body name="cylinder_21_fillet_5_normal_14" pos="0 0 0">
    <inertial diaginertia="3.396087180781571e-05 3.396087180781571e-05 7.85197667824419e-06" mass="0.00827190233236152" pos="0 0 0" quat="1 0 0 0"/>
    <freejoint name="cylinder_21_fillet_5_normal_14"/>
    <geom mesh="cylinder_21_fillet_5_normal_14" name="cylinder_21_fillet_5_normal_14_geom" type="mesh"/>
  </body>
  <body name="sphere_normal_13" pos="0 0 0">
    <inertial diaginertia="0.0004152384763930452 0.0004152384763930452 0.0004152384763930452" mass="0.23495167921840016" pos="0 0 0" quat="1 0 0 0"/>
    <freejoint name="sphere_normal_13"/>
    <geom mesh="sphere_normal_13" name="sphere_normal_13_geom" type="mesh"/>
  </body>
  <body name="cuboid_321_fillet_25_normal_2" pos="0 0 0">
    <inertial diaginertia="1.1472600173950195e-05 2.9828760452270503e-05 2.2945200347900387e-05" mass="0.0115857421875" pos="0 0 0" quat="0.7071 0.7071 0 0"/>
    <freejoint name="cuboid_321_fillet_25_normal_2"/>
    <geom mesh="cuboid_321_fillet_25_normal_2" name="cuboid_321_fillet_25_normal_2_geom" type="mesh"/>
  </body>
  <body name="cuboid_221_fillet_25_normal_8" pos="0 0 0">
    <inertial diaginertia="6.67850176493327e-06 1.0685602823893232e-05 6.67850176493327e-06" mass="0.008374023437500001" pos="0 0 0" quat="0.7071 0.7071 0 0"/>
    <freejoint name="cuboid_221_fillet_25_normal_8"/>
    <geom mesh="cuboid_221_fillet_25_normal_8" name="cuboid_221_fillet_25_normal_8_geom" type="mesh"/>
  </body>
  <body name="cylinder_14_fillet_15_normal_2" pos="0 0 0">
    <inertial diaginertia="0.002018752079726592 0.002018752079726592 6.543278294339782e-05" mass="0.06781585276967929" pos="0 0 0" quat="0.683 0.683 0.183 0.183"/>
    <freejoint name="cylinder_14_fillet_15_normal_2"/>
    <geom mesh="cylinder_14_fillet_15_normal_2" name="cylinder_14_fillet_15_normal_2_geom" type="mesh"/>
  </body>
  <body name="cylinder_12_fillet_25_upright_7" pos="0 0 0">
    <inertial diaginertia="0.0003184640641796076 0.0003184640641796076 1.5318243588980778e-05" mass="0.028377842565597663" pos="0 0 0" quat="0 0.01 0 0"/>
    <freejoint name="cylinder_12_fillet_25_upright_7"/>
    <geom mesh="cylinder_12_fillet_25_upright_7" name="cylinder_12_fillet_25_upright_7_geom" type="mesh"/>
  </body>
  <body name="cylinder_12_fillet_25_sideways_7" pos="0 0 0">
    <inertial diaginertia="0.0013637115404295833 0.0013637115404295833 9.314069851847447e-05" mass="0.08381807580174928" pos="0 0 0" quat="0.683 0.683 0.183 0.183"/>
    <freejoint name="cylinder_12_fillet_25_sideways_7"/>
    <geom mesh="cylinder_12_fillet_25_sideways_7" name="cylinder_12_fillet_25_sideways_7_geom" type="mesh"/>
  </body>
  <body name="cylinder_11_fillet_45_normal_12" pos="0 0 0">
    <inertial diaginertia="0.00046273679036458335 0.00046273679036458335 5.5463164062500016e-05" mass="0.06141250000000001" pos="0 0 0" quat="1 0 0 0"/>
    <freejoint name="cylinder_11_fillet_45_normal_12"/>
    <geom mesh="cylinder_11_fillet_45_normal_12" name="cylinder_11_fillet_45_normal_12_geom" type="mesh"/>
  </body>
  <body name="ground" pos="0 0 0">
    <geom name="ground_geom" size="1 1 1" type="plane"/>
  </body>
</mujoco>