<mujoco><body name="cylinder_21_fillet_5_normal_11" pos="0 0 0">
    <inertial diaginertia="8.415643799210652e-05 8.415643799210652e-05 2.3572073540786596e-05" mass="0.01599766763848397" pos="0 0 0" quat="1 0 0 0"/>
    <freejoint name="cylinder_21_fillet_5_normal_11"/>
    <geom mesh="cylinder_21_fillet_5_normal_11" name="cylinder_21_fillet_5_normal_11_geom" type="mesh"/>
  </body>
  <body name="cylinder_12_fillet_15_upright_12" pos="0 0 0">
    <inertial diaginertia="0.00025434201477504725 0.00025434201477504725 1.15842013535097e-05" mass="0.023997922740524782" pos="0 0 0" quat="0 0.01 0 0"/>
    <freejoint name="cylinder_12_fillet_15_upright_12"/>
    <geom mesh="cylinder_12_fillet_15_upright_12" name="cylinder_12_fillet_15_upright_12_geom" type="mesh"/>
  </body>
  <body name="sphere_normal_59" pos="0 0 0">
    <inertial diaginertia="0.00013308157089058956 0.00013308157089058956 0.00013308157089058956" mass="0.11870547526969258" pos="0 0 0" quat="1 0 0 0"/>
    <freejoint name="sphere_normal_59"/>
    <geom mesh="sphere_normal_59" name="sphere_normal_59_geom" type="mesh"/>
  </body>
  <body name="cuboid_321_fillet_35_normal_8" pos="0 0 0">
    <inertial diaginertia="4.976322555541996e-06 1.2938438644409185e-05 9.952645111083987e-06" mass="0.007018945312500003" pos="0 0 0" quat="0.7071 0.7071 0 0"/>
    <freejoint name="cuboid_321_fillet_35_normal_8"/>
    <geom mesh="cuboid_321_fillet_35_normal_8" name="cuboid_321_fillet_35_normal_8_geom" type="mesh"/>
  </body>
  <body name="cuboid_221_fillet_25_normal_7" pos="0 0 0">
    <inertial diaginertia="1.0075272623697915e-05 1.6120436197916666e-05 1.0075272623697915e-05" mass="0.0107171875" pos="0 0 0" quat="0.7071 0.7071 0 0"/>
    <freejoint name="cuboid_221_fillet_25_normal_7"/>
    <geom mesh="cuboid_221_fillet_25_normal_7" name="cuboid_221_fillet_25_normal_7_geom" type="mesh"/>
  </body>
  <body name="sphere_normal_108" pos="0 0 0">
    <inertial diaginertia="2.7171390957680947e-05 2.7171390957680947e-05 2.7171390957680947e-05" mass="0.04575800936291471" pos="0 0 0" quat="1 0 0 0"/>
    <freejoint name="sphere_normal_108"/>
    <geom mesh="sphere_normal_108" name="sphere_normal_108_geom" type="mesh"/>
  </body>
  <body name="cylinder_13_fillet_25_sideways_7" pos="0 0 0">
    <inertial diaginertia="0.0009024410150532518 0.0009024410150532518 3.414983518771942e-05" mass="0.04590787172011663" pos="0 0 0" quat="0.683 0.683 0.183 0.183"/>
    <freejoint name="cylinder_13_fillet_25_sideways_7"/>
    <geom mesh="cylinder_13_fillet_25_sideways_7" name="cylinder_13_fillet_25_sideways_7_geom" type="mesh"/>
  </body>
  <body name="cube_fillet_5_normal_1" pos="0 0 0">
    <inertial diaginertia="0.0008963733333333331 0.0008963733333333331 0.0008963733333333331" mass="0.2744" pos="0 0 0" quat="1 0 0 0"/>
    <freejoint name="cube_fillet_5_normal_1"/>
    <geom mesh="cube_fillet_5_normal_1" name="cube_fillet_5_normal_1_geom" type="mesh"/>
  </body>
  
  <body name="sphere_normal_45" pos="0 0 0">
    <inertial diaginertia="0.0001935370169136751 0.0001935370169136751 0.0001935370169136751" mass="0.14861355587217584" pos="0 0 0" quat="1 0 0 0"/>
    <freejoint name="sphere_normal_45"/>
    <geom mesh="sphere_normal_45" name="sphere_normal_45_geom" type="mesh"/>
  </body>
  <body name="cuboid_211_fillet_45_normal_6" pos="0 0 0">
    <inertial diaginertia="3.060364059448244e-05 7.650910148620609e-05 7.650910148620609e-05" mass="0.03617050781250001" pos="0 0 0" quat="1 0 0 0"/>
    <freejoint name="cuboid_211_fillet_45_normal_6"/>
    <geom mesh="cuboid_211_fillet_45_normal_6" name="cuboid_211_fillet_45_normal_6_geom" type="mesh"/>
  </body>
  <body name="cylinder_13_fillet_5_sideways_15" pos="0 0 0">
    <inertial diaginertia="0.00032885999999999994 0.00032885999999999994 9.719999999999998e-06" mass="0.021599999999999998" pos="0 0 0" quat="0.683 0.683 0.183 0.183"/>
    <freejoint name="cylinder_13_fillet_5_sideways_15"/>
    <geom mesh="cylinder_13_fillet_5_sideways_15" name="cylinder_13_fillet_5_sideways_15_geom" type="mesh"/>
  </body>
  <body name="sphere_normal_114" pos="0 0 0">
    <inertial diaginertia="2.1493416678581012e-05 2.1493416678581012e-05 2.1493416678581012e-05" mass="0.03975422348870343" pos="0 0 0" quat="1 0 0 0"/>
    <freejoint name="sphere_normal_114"/>
    <geom mesh="sphere_normal_114" name="sphere_normal_114_geom" type="mesh"/>
  </body>
  <body name="cylinder_11_fillet_25_normal_1" pos="0 0 0">
    <inertial diaginertia="0.0035374733333333325 0.0035374733333333325 0.0006722799999999998" mass="0.2744" pos="0 0 0" quat="1 0 0 0"/>
    <freejoint name="cylinder_11_fillet_25_normal_1"/>
    <geom mesh="cylinder_11_fillet_25_normal_1" name="cylinder_11_fillet_25_normal_1_geom" type="mesh"/>
  </body>
  <body name="sphere_normal_49" pos="0 0 0">
    <inertial diaginertia="0.00017439073089754818 0.00017439073089754818 0.00017439073089754818" mass="0.13960920008141667" pos="0 0 0" quat="1 0 0 0"/>
    <freejoint name="sphere_normal_49"/>
    <geom mesh="sphere_normal_49" name="sphere_normal_49_geom" type="mesh"/>
  </body>
  <body name="cylinder_12_fillet_5_upright_4" pos="0 0 0">
    <inertial diaginertia="0.00036236313216351113 0.00036236313216351113 1.7984064896229984e-05" mass="0.031245444606413982" pos="0 0 0" quat="0 0.01 0 0"/>
    <freejoint name="cylinder_12_fillet_5_upright_4"/>
    <geom mesh="cylinder_12_fillet_5_upright_4" name="cylinder_12_fillet_5_upright_4_geom" type="mesh"/>
  </body>
  <body name="cuboid_211_fillet_35_upright_1" pos="0 0 0">
    <inertial diaginertia="2.8011666666666658e-05 7.002916666666664e-05 7.002916666666664e-05" mass="0.0343" pos="0 0 0" quat="0.707 0 0.707 0"/>
    <freejoint name="cuboid_211_fillet_35_upright_1"/>
    <geom mesh="cuboid_211_fillet_35_upright_1" name="cuboid_211_fillet_35_upright_1_geom" type="mesh"/>
  </body>
  <body name="cuboid_321_fillet_15_normal_7" pos="0 0 0">
    <inertial diaginertia="5.777412923177089e-06 1.5021273600260424e-05 1.1554825846354172e-05" mass="0.007676562500000003" pos="0 0 0" quat="0.7071 0.7071 0 0"/>
    <freejoint name="cuboid_321_fillet_15_normal_7"/>
    <geom mesh="cuboid_321_fillet_15_normal_7" name="cuboid_321_fillet_15_normal_7_geom" type="mesh"/>
  </body>
  <body name="cylinder_14_fillet_25_normal_6" pos="0 0 0">
    <inertial diaginertia="0.0013368025068970055 0.0013368025068970055 3.916379138668041e-05" mass="0.049840779883381925" pos="0 0 0" quat="0.683 0.683 0.183 0.183"/>
    <freejoint name="cylinder_14_fillet_25_normal_6"/>
    <geom mesh="cylinder_14_fillet_25_normal_6" name="cylinder_14_fillet_25_normal_6_geom" type="mesh"/>
  </body>
  <body name="cylinder_12_fillet_5_sideways_5" pos="0 0 0">
    <inertial diaginertia="0.0019374162860712795 0.0019374162860712795 0.00014390712441244714" mass="0.10881865889212826" pos="0 0 0" quat="0.683 0.683 0.183 0.183"/>
    <freejoint name="cylinder_12_fillet_5_sideways_5"/>
    <geom mesh="cylinder_12_fillet_5_sideways_5" name="cylinder_12_fillet_5_sideways_5_geom" type="mesh"/>
  </body>
  <body name="cube_fillet_25_normal_8" pos="0 0 0">
    <inertial diaginertia="0.0001666666666666667 0.0001666666666666667 0.0001666666666666667" mass="0.1" pos="0 0 0" quat="1 0 0 0"/>
    <freejoint name="cube_fillet_25_normal_8"/>
    <geom mesh="cube_fillet_25_normal_8" name="cube_fillet_25_normal_8_geom" type="mesh"/>
  </body>
  <body name="ground" pos="0 0 0">
    <geom name="ground_geom" size="1 1 1" type="plane"/>
  </body>
</mujoco>