<mujoco><body name="cuboid_221_fillet_15_normal_4" pos="0 0 0">
    <inertial diaginertia="2.9162725702921556e-05 4.6660361124674486e-05 2.9162725702921556e-05" mass="0.0202779296875" pos="0 0 0" quat="0.7071 0.7071 0 0"/>
    <freejoint name="cuboid_221_fillet_15_normal_4"/>
    <geom mesh="cuboid_221_fillet_15_normal_4" name="cuboid_221_fillet_15_normal_4_geom" type="mesh"/>
  </body>
  <body name="cuboid_211_fillet_5_upright_8" pos="0 0 0">
    <inertial diaginertia="6.6472998046875015e-06 1.6618249511718753e-05 1.6618249511718753e-05" mass="0.014470312500000002" pos="0 0 0" quat="0.707 0 0.707 0"/>
    <freejoint name="cuboid_211_fillet_5_upright_8"/>
    <geom mesh="cuboid_211_fillet_5_upright_8" name="cuboid_211_fillet_5_upright_8_geom" type="mesh"/>
  </body>
  <body name="sphere_normal_89" pos="0 0 0">
    <inertial diaginertia="5.348249858964671e-05 5.348249858964671e-05 5.348249858964671e-05" mass="0.06869529818847954" pos="0 0 0" quat="1 0 0 0"/>
    <freejoint name="sphere_normal_89"/>
    <geom mesh="sphere_normal_89" name="sphere_normal_89_geom" type="mesh"/>
  </body>
  <body name="cylinder_14_fillet_25_normal_10" pos="0 0 0">
    <inertial diaginertia="0.0008445547722152132 0.0008445547722152132 2.2102724355458288e-05" mass="0.035360750728862966" pos="0 0 0" quat="0.683 0.683 0.183 0.183"/>
    <freejoint name="cylinder_14_fillet_25_normal_10"/>
    <geom mesh="cylinder_14_fillet_25_normal_10" name="cylinder_14_fillet_25_normal_10_geom" type="mesh"/>
  </body>
  <body name="cube_fillet_15_normal_3" pos="0 0 0">
    <inertial diaginertia="0.0005855595882667932 0.0005855595882667932 0.0005855595882667932" mass="0.21253644314868797" pos="0 0 0" quat="1 0 0 0"/>
    <freejoint name="cube_fillet_15_normal_3"/>
    <geom mesh="cube_fillet_15_normal_3" name="cube_fillet_15_normal_3_geom" type="mesh"/>
  </body>
  <body name="sphere_normal_73" pos="0 0 0">
    <inertial diaginertia="8.877605320535796e-05 8.877605320535796e-05 8.877605320535796e-05" mass="0.09310596376959085" pos="0 0 0" quat="1 0 0 0"/>
    <freejoint name="sphere_normal_73"/>
    <geom mesh="sphere_normal_73" name="sphere_normal_73_geom" type="mesh"/>
  </body>
  <body name="cylinder_13_fillet_25_sideways_5" pos="0 0 0">
    <inertial diaginertia="0.0011215005227360624 0.0011215005227360624 4.475010836258703e-05" mass="0.05399212827988339" pos="0 0 0" quat="0.683 0.683 0.183 0.183"/>
    <freejoint name="cylinder_13_fillet_25_sideways_5"/>
    <geom mesh="cylinder_13_fillet_25_sideways_5" name="cylinder_13_fillet_25_sideways_5_geom" type="mesh"/>
  </body>
  <body name="cube_fillet_15_normal_6" pos="0 0 0">
    <inertial diaginertia="0.00028630673409888737 0.00028630673409888737 0.00028630673409888737" mass="0.1383533527696793" pos="0 0 0" quat="1 0 0 0"/>
    <freejoint name="cube_fillet_15_normal_6"/>
    <geom mesh="cube_fillet_15_normal_6" name="cube_fillet_15_normal_6_geom" type="mesh"/>
  </body>
  <body name="cuboid_211_fillet_25_normal_8" pos="0 0 0">
    <inertial diaginertia="1.754889175415039e-05 4.387222938537597e-05 4.387222938537597e-05" mass="0.025908398437499997" pos="0 0 0" quat="1 0 0 0"/>
    <freejoint name="cuboid_211_fillet_25_normal_8"/>
    <geom mesh="cuboid_211_fillet_25_normal_8" name="cuboid_211_fillet_25_normal_8_geom" type="mesh"/>
  </body>
  <body name="sphere_normal_52" pos="0 0 0">
    <inertial diaginertia="0.00016105099999999992 0.00016105099999999992 0.00016105099999999992" mass="0.13309999999999994" pos="0 0 0" quat="1 0 0 0"/>
    <freejoint name="sphere_normal_52"/>
    <geom mesh="sphere_normal_52" name="sphere_normal_52_geom" type="mesh"/>
  </body>
  <body name="cube_fillet_5_normal_10" pos="0 0 0">
    <inertial diaginertia="9.084834017572043e-05 9.084834017572043e-05 9.084834017572043e-05" mass="0.06948338192419824" pos="0 0 0" quat="1 0 0 0"/>
    <freejoint name="cube_fillet_5_normal_10"/>
    <geom mesh="cube_fillet_5_normal_10" name="cube_fillet_5_normal_10_geom" type="mesh"/>
  </body>
  <body name="cylinder_13_fillet_25_sideways_9" pos="0 0 0">
    <inertial diaginertia="0.0007172453460983516 0.0007172453460983516 2.5660829639435942e-05" mass="0.0386737609329446" pos="0 0 0" quat="0.683 0.683 0.183 0.183"/>
    <freejoint name="cylinder_13_fillet_25_sideways_9"/>
    <geom mesh="cylinder_13_fillet_25_sideways_9" name="cylinder_13_fillet_25_sideways_9_geom" type="mesh"/>
  </body>
  <body name="cylinder_11_fillet_15_normal_8" pos="0 0 0">
    <inertial diaginertia="0.0010926894726562492 0.0010926894726562492 0.00015953519531249985" mass="0.11576249999999993" pos="0 0 0" quat="1 0 0 0"/>
    <freejoint name="cylinder_11_fillet_15_normal_8"/>
    <geom mesh="cylinder_11_fillet_15_normal_8" name="cylinder_11_fillet_15_normal_8_geom" type="mesh"/>
  </body>
  <body name="cuboid_321_fillet_45_normal_8" pos="0 0 0">
    <inertial diaginertia="4.976322555541996e-06 1.2938438644409185e-05 9.952645111083987e-06" mass="0.007018945312500003" pos="0 0 0" quat="0.7071 0.7071 0 0"/>
    <freejoint name="cuboid_321_fillet_45_normal_8"/>
    <geom mesh="cuboid_321_fillet_45_normal_8" name="cuboid_321_fillet_45_normal_8_geom" type="mesh"/>
  </body>
  <body name="cylinder_12_fillet_25_upright_8" pos="0 0 0">
    <inertial diaginertia="0.00030476223307291647 0.00030476223307291647 1.450363281249999e-05" mass="0.02746249999999999" pos="0 0 0" quat="0 0.01 0 0"/>
    <freejoint name="cylinder_12_fillet_25_upright_8"/>
    <geom mesh="cylinder_12_fillet_25_upright_8" name="cylinder_12_fillet_25_upright_8_geom" type="mesh"/>
  </body>
  <body name="cuboid_311_fillet_25_normal_8" pos="0 0 0">
    <inertial diaginertia="1.5894571940104164e-05 7.947285970052082e-05 7.947285970052082e-05" mass="0.0244140625" pos="0 0 0" quat="1 0 0 0"/>
    <freejoint name="cuboid_311_fillet_25_normal_8"/>
    <geom mesh="cuboid_311_fillet_25_normal_8" name="cuboid_311_fillet_25_normal_8_geom" type="mesh"/>
  </body>
  <body name="cylinder_21_fillet_45_normal_6" pos="0 0 0">
    <inertial diaginertia="0.00027458620741946583 0.00027458620741946583 9.770947838884107e-05" mass="0.03754741253644317" pos="0 0 0" quat="1 0 0 0"/>
    <freejoint name="cylinder_21_fillet_45_normal_6"/>
    <geom mesh="cylinder_21_fillet_45_normal_6" name="cylinder_21_fillet_45_normal_6_geom" type="mesh"/>
  </body>
  <body name="cylinder_12_fillet_5_upright_1" pos="0 0 0">
    <inertial diaginertia="0.0004106710416666666 0.0004106710416666666 2.1008749999999994e-05" mass="0.0343" pos="0 0 0" quat="0 0.01 0 0"/>
    <freejoint name="cylinder_12_fillet_5_upright_1"/>
    <geom mesh="cylinder_12_fillet_5_upright_1" name="cylinder_12_fillet_5_upright_1_geom" type="mesh"/>
  </body>
  <body name="cuboid_221_fillet_35_normal_8" pos="0 0 0">
    <inertial diaginertia="6.67850176493327e-06 1.0685602823893232e-05 6.67850176493327e-06" mass="0.008374023437500001" pos="0 0 0" quat="0.7071 0.7071 0 0"/>
    <freejoint name="cuboid_221_fillet_35_normal_8"/>
    <geom mesh="cuboid_221_fillet_35_normal_8" name="cuboid_221_fillet_35_normal_8_geom" type="mesh"/>
  </body>
  <body name="sphere_normal_96" pos="0 0 0">
    <inertial diaginertia="4.2114881247195995e-05 4.2114881247195995e-05 4.2114881247195995e-05" mass="0.059519784245878254" pos="0 0 0" quat="1 0 0 0"/>
    <freejoint name="sphere_normal_96"/>
    <geom mesh="sphere_normal_96" name="sphere_normal_96_geom" type="mesh"/>
  </body>
  <body name="ground" pos="0 0 0">
    <geom name="ground_geom" size="1 1 1" type="plane"/>
  </body>
</mujoco>