<mujoco><body name="cylinder_11_fillet_25_normal_13" pos="0 0 0">
    <inertial diaginertia="0.0003618133333333333 0.0003618133333333333 4.096e-05" mass="0.051199999999999996" pos="0 0 0" quat="1 0 0 0"/>
    <freejoint name="cylinder_11_fillet_25_normal_13"/>
    <geom mesh="cylinder_11_fillet_25_normal_13" name="cylinder_11_fillet_25_normal_13_geom" type="mesh"/>
  </body>
  <body name="cuboid_221_fillet_15_normal_8" pos="0 0 0">
    <inertial diaginertia="6.67850176493327e-06 1.0685602823893232e-05 6.67850176493327e-06" mass="0.008374023437500001" pos="0 0 0" quat="0.7071 0.7071 0 0"/>
    <freejoint name="cuboid_221_fillet_15_normal_8"/>
    <geom mesh="cuboid_221_fillet_15_normal_8" name="cuboid_221_fillet_15_normal_8_geom" type="mesh"/>
  </body>
  <body name="cylinder_13_fillet_5_sideways_7" pos="0 0 0">
    <inertial diaginertia="0.0009024410150532518 0.0009024410150532518 3.414983518771942e-05" mass="0.04590787172011663" pos="0 0 0" quat="0.683 0.683 0.183 0.183"/>
    <freejoint name="cylinder_13_fillet_5_sideways_7"/>
    <geom mesh="cylinder_13_fillet_5_sideways_7" name="cylinder_13_fillet_5_sideways_7_geom" type="mesh"/>
  </body>
  <body name="cylinder_21_fillet_45_normal_11" pos="0 0 0">
    <inertial diaginertia="8.415643799210652e-05 8.415643799210652e-05 2.3572073540786596e-05" mass="0.01599766763848397" pos="0 0 0" quat="1 0 0 0"/>
    <freejoint name="cylinder_21_fillet_45_normal_11"/>
    <geom mesh="cylinder_21_fillet_45_normal_11" name="cylinder_21_fillet_45_normal_11_geom" type="mesh"/>
  </body>
  <body name="cuboid_211_fillet_5_normal_9" pos="0 0 0">
    <inertial diaginertia="1.2959999999999998e-05 3.2399999999999995e-05 3.2399999999999995e-05" mass="0.021599999999999998" pos="0 0 0" quat="1 0 0 0"/>
    <freejoint name="cuboid_211_fillet_5_normal_9"/>
    <geom mesh="cuboid_211_fillet_5_normal_9" name="cuboid_211_fillet_5_normal_9_geom" type="mesh"/>
  </body>
  <body name="cuboid_311_fillet_15_normal_2" pos="0 0 0">
    <inertial diaginertia="4.6596925455729194e-05 0.00023298462727864587 0.00023298462727864587" mass="0.04654843750000001" pos="0 0 0" quat="1 0 0 0"/>
    <freejoint name="cuboid_311_fillet_15_normal_2"/>
    <geom mesh="cuboid_311_fillet_15_normal_2" name="cuboid_311_fillet_15_normal_2_geom" type="mesh"/>
  </body>
  <body name="cuboid_321_fillet_5_normal_3" pos="0 0 0">
    <inertial diaginertia="1.0075272623697915e-05 2.6195708821614575e-05 2.015054524739583e-05" mass="0.0107171875" pos="0 0 0" quat="0.7071 0.7071 0 0"/>
    <freejoint name="cuboid_321_fillet_5_normal_3"/>
    <geom mesh="cuboid_321_fillet_5_normal_3" name="cuboid_321_fillet_5_normal_3_geom" type="mesh"/>
  </body>
  <body name="cube_fillet_5_normal_15" pos="0 0 0">
    <inertial diaginertia="1.2959999999999998e-05 1.2959999999999998e-05 1.2959999999999998e-05" mass="0.021599999999999998" pos="0 0 0" quat="1 0 0 0"/>
    <freejoint name="cube_fillet_5_normal_15"/>
    <geom mesh="cube_fillet_5_normal_15" name="cube_fillet_5_normal_15_geom" type="mesh"/>
  </body>
  <body name="sphere_normal_55" pos="0 0 0">
    <inertial diaginertia="0.00014854037232200142 0.00014854037232200142 0.00014854037232200142" mass="0.12679633625076325" pos="0 0 0" quat="1 0 0 0"/>
    <freejoint name="sphere_normal_55"/>
    <geom mesh="sphere_normal_55" name="sphere_normal_55_geom" type="mesh"/>
  </body>
  <body name="cylinder_13_fillet_15_sideways_1" pos="0 0 0">
    <inertial diaginertia="0.0016771556250000004 0.0016771556250000004 7.381125000000003e-05" mass="0.07290000000000002" pos="0 0 0" quat="0.683 0.683 0.183 0.183"/>
    <freejoint name="cylinder_13_fillet_15_sideways_1"/>
    <geom mesh="cylinder_13_fillet_15_sideways_1" name="cylinder_13_fillet_15_sideways_1_geom" type="mesh"/>
  </body>
  <body name="cylinder_13_fillet_5_sideways_1" pos="0 0 0">
    <inertial diaginertia="0.0016771556250000004 0.0016771556250000004 7.381125000000003e-05" mass="0.07290000000000002" pos="0 0 0" quat="0.683 0.683 0.183 0.183"/>
    <freejoint name="cylinder_13_fillet_5_sideways_1"/>
    <geom mesh="cylinder_13_fillet_5_sideways_1" name="cylinder_13_fillet_5_sideways_1_geom" type="mesh"/>
  </body>
  <body name="sphere_normal_115" pos="0 0 0">
    <inertial diaginertia="2.0647326191299537e-05 2.0647326191299537e-05 2.0647326191299537e-05" mass="0.03880773458172195" pos="0 0 0" quat="1 0 0 0"/>
    <freejoint name="sphere_normal_115"/>
    <geom mesh="sphere_normal_115" name="sphere_normal_115_geom" type="mesh"/>
  </body>
  <body name="sphere_normal_67" pos="0 0 0">
    <inertial diaginertia="0.00010602239917963569 0.00010602239917963569 0.00010602239917963569" mass="0.10357109708935476" pos="0 0 0" quat="1 0 0 0"/>
    <freejoint name="sphere_normal_67"/>
    <geom mesh="sphere_normal_67" name="sphere_normal_67_geom" type="mesh"/>
  </body>
  <body name="cylinder_12_fillet_5_sideways_4" pos="0 0 0">
    <inertial diaginertia="0.0022845967035684538 0.0022845967035684538 0.00017649244920271318" mass="0.12299562682215744" pos="0 0 0" quat="0.683 0.683 0.183 0.183"/>
    <freejoint name="cylinder_12_fillet_5_sideways_4"/>
    <geom mesh="cylinder_12_fillet_5_sideways_4" name="cylinder_12_fillet_5_sideways_4_geom" type="mesh"/>
  </body>
  <body name="cuboid_211_fillet_45_upright_8" pos="0 0 0">
    <inertial diaginertia="6.6472998046875015e-06 1.6618249511718753e-05 1.6618249511718753e-05" mass="0.014470312500000002" pos="0 0 0" quat="0.707 0 0.707 0"/>
    <freejoint name="cuboid_211_fillet_45_upright_8"/>
    <geom mesh="cuboid_211_fillet_45_upright_8" name="cuboid_211_fillet_45_upright_8_geom" type="mesh"/>
  </body>
  <body name="cylinder_13_fillet_5_sideways_13" pos="0 0 0">
    <inertial diaginertia="0.00043383255953620485 0.00043383255953620485 1.3724052850002968e-05" mass="0.026567055393585996" pos="0 0 0" quat="0.683 0.683 0.183 0.183"/>
    <freejoint name="cylinder_13_fillet_5_sideways_13"/>
    <geom mesh="cylinder_13_fillet_5_sideways_13" name="cylinder_13_fillet_5_sideways_13_geom" type="mesh"/>
  </body>
  <body name="cylinder_12_fillet_25_upright_3" pos="0 0 0">
    <inertial diaginertia="0.00037796183018980195 0.00037796183018980195 1.8950732432914862e-05" mass="0.032242565597667645" pos="0 0 0" quat="0 0.01 0 0"/>
    <freejoint name="cylinder_12_fillet_25_upright_3"/>
    <geom mesh="cylinder_12_fillet_25_upright_3" name="cylinder_12_fillet_25_upright_3_geom" type="mesh"/>
  </body>
  <body name="cylinder_14_fillet_25_normal_5" pos="0 0 0">
    <inertial diaginertia="0.0014878756789209855 0.0014878756789209855 4.475010836258703e-05" mass="0.05399212827988339" pos="0 0 0" quat="0.683 0.683 0.183 0.183"/>
    <freejoint name="cylinder_14_fillet_25_normal_5"/>
    <geom mesh="cylinder_14_fillet_25_normal_5" name="cylinder_14_fillet_25_normal_5_geom" type="mesh"/>
  </body>
  <body name="sphere_normal_120" pos="0 0 0">
    <inertial diaginertia="1.6806999999999997e-05 1.6806999999999997e-05 1.6806999999999997e-05" mass="0.0343" pos="0 0 0" quat="1 0 0 0"/>
    <freejoint name="sphere_normal_120"/>
    <geom mesh="sphere_normal_120" name="sphere_normal_120_geom" type="mesh"/>
  </body>
  <body name="sphere_normal_60" pos="0 0 0">
    <inertial diaginertia="0.00012942570758815846 0.00012942570758815846 0.00012942570758815846" mass="0.11673802157541212" pos="0 0 0" quat="1 0 0 0"/>
    <freejoint name="sphere_normal_60"/>
    <geom mesh="sphere_normal_60" name="sphere_normal_60_geom" type="mesh"/>
  </body>
  <body name="ground" pos="0 0 0">
    <geom name="ground_geom" size="1 1 1" type="plane"/>
  </body>
</mujoco>