<mujoco><body name="cylinder_11_fillet_35_normal_12" pos="0 0 0">
    <inertial diaginertia="0.00046273679036458335 0.00046273679036458335 5.5463164062500016e-05" mass="0.06141250000000001" pos="0 0 0" quat="1 0 0 0"/>
    <freejoint name="cylinder_11_fillet_35_normal_12"/>
    <geom mesh="cylinder_11_fillet_35_normal_12" name="cylinder_11_fillet_35_normal_12_geom" type="mesh"/>
  </body>
  <body name="cylinder_13_fillet_5_sideways_5" pos="0 0 0">
    <inertial diaginertia="0.0011215005227360624 0.0011215005227360624 4.475010836258703e-05" mass="0.05399212827988339" pos="0 0 0" quat="0.683 0.683 0.183 0.183"/>
    <freejoint name="cylinder_13_fillet_5_sideways_5"/>
    <geom mesh="cylinder_13_fillet_5_sideways_5" name="cylinder_13_fillet_5_sideways_5_geom" type="mesh"/>
  </body>
  <body name="cuboid_211_fillet_15_upright_6" pos="0 0 0">
    <inertial diaginertia="1.0475818684895828e-05 2.618954671223957e-05 2.618954671223957e-05" mass="0.019010937499999995" pos="0 0 0" quat="0.707 0 0.707 0"/>
    <freejoint name="cuboid_211_fillet_15_upright_6"/>
    <geom mesh="cuboid_211_fillet_15_upright_6" name="cuboid_211_fillet_15_upright_6_geom" type="mesh"/>
  </body>
  <body name="cuboid_211_fillet_5_upright_3" pos="0 0 0">
    <inertial diaginertia="1.9338177083333318e-05 4.83454427083333e-05 4.83454427083333e-05" mass="0.02746249999999999" pos="0 0 0" quat="0.707 0 0.707 0"/>
    <freejoint name="cuboid_211_fillet_5_upright_3"/>
    <geom mesh="cuboid_211_fillet_5_upright_3" name="cuboid_211_fillet_5_upright_3_geom" type="mesh"/>
  </body>
  <body name="sphere_normal_44" pos="0 0 0">
    <inertial diaginertia="0.00019857677348845688 0.00019857677348845688 0.00019857677348845688" mass="0.15092357012008953" pos="0 0 0" quat="1 0 0 0"/>
    <freejoint name="sphere_normal_44"/>
    <geom mesh="sphere_normal_44" name="sphere_normal_44_geom" type="mesh"/>
  </body>
  <body name="cuboid_321_fillet_15_normal_5" pos="0 0 0">
    <inertial diaginertia="7.688671875000004e-06 1.9990546875000007e-05 1.5377343750000004e-05" mass="0.009112500000000003" pos="0 0 0" quat="0.7071 0.7071 0 0"/>
    <freejoint name="cuboid_321_fillet_15_normal_5"/>
    <geom mesh="cuboid_321_fillet_15_normal_5" name="cuboid_321_fillet_15_normal_5_geom" type="mesh"/>
  </body>
  <body name="cylinder_12_fillet_15_sideways_10" pos="0 0 0">
    <inertial diaginertia="0.0007551253665511394 0.0007551253665511394 4.475010836258703e-05" mass="0.05399212827988339" pos="0 0 0" quat="0.683 0.683 0.183 0.183"/>
    <freejoint name="cylinder_12_fillet_15_sideways_10"/>
    <geom mesh="cylinder_12_fillet_15_sideways_10" name="cylinder_12_fillet_15_sideways_10_geom" type="mesh"/>
  </body>
  <body name="cuboid_211_fillet_45_normal_5" pos="0 0 0">
    <inertial diaginertia="3.9550781250000015e-05 9.887695312500003e-05 9.887695312500003e-05" mass="0.0421875" pos="0 0 0" quat="1 0 0 0"/>
    <freejoint name="cuboid_211_fillet_45_normal_5"/>
    <geom mesh="cuboid_211_fillet_45_normal_5" name="cuboid_211_fillet_45_normal_5_geom" type="mesh"/>
  </body>
  <body name="cuboid_321_fillet_5_normal_1" pos="0 0 0">
    <inertial diaginertia="1.3020833333333336e-05 3.3854166666666665e-05 2.604166666666667e-05" mass="0.0125" pos="0 0 0" quat="0.7071 0.7071 0 0"/>
    <freejoint name="cuboid_321_fillet_5_normal_1"/>
    <geom mesh="cuboid_321_fillet_5_normal_1" name="cuboid_321_fillet_5_normal_1_geom" type="mesh"/>
  </body>
  <body name="cube_fillet_35_normal_12" pos="0 0 0">
    <inertial diaginertia="4.5533113583625855e-05 4.5533113583625855e-05 4.5533113583625855e-05" mass="0.04590787172011661" pos="0 0 0" quat="1 0 0 0"/>
    <freejoint name="cube_fillet_35_normal_12"/>
    <geom mesh="cube_fillet_35_normal_12" name="cube_fillet_35_normal_12_geom" type="mesh"/>
  </body>
  <body name="cuboid_311_fillet_5_thinner_8" pos="0 0 0">
    <inertial diaginertia="3.0517578125e-05 0.0005215087890625 0.0005215087890625" mass="0.046875" pos="0 0 0" quat="1 0 0 0"/>
    <freejoint name="cuboid_311_fillet_5_thinner_8"/>
    <geom mesh="cuboid_311_fillet_5_thinner_8" name="cuboid_311_fillet_5_thinner_8_geom" type="mesh"/>
  </body>
  <body name="cylinder_11_fillet_25_normal_3" pos="0 0 0">
    <inertial diaginertia="0.0026121414583333315 0.0026121414583333315 0.0004641162499999997" mass="0.21969999999999992" pos="0 0 0" quat="1 0 0 0"/>
    <freejoint name="cylinder_11_fillet_25_normal_3"/>
    <geom mesh="cylinder_11_fillet_25_normal_3" name="cylinder_11_fillet_25_normal_3_geom" type="mesh"/>
  </body>
  <body name="cuboid_211_fillet_25_normal_2" pos="0 0 0">
    <inertial diaginertia="7.955074813842776e-05 0.00019887687034606942 0.00019887687034606942" mass="0.06416191406250002" pos="0 0 0" quat="1 0 0 0"/>
    <freejoint name="cuboid_211_fillet_25_normal_2"/>
    <geom mesh="cuboid_211_fillet_25_normal_2" name="cuboid_211_fillet_25_normal_2_geom" type="mesh"/>
  </body>
  <body name="cube_fillet_45_normal_9" pos="0 0 0">
    <inertial diaginertia="0.00012418759802463263 0.00012418759802463263 0.00012418759802463263" mass="0.08381807580174928" pos="0 0 0" quat="1 0 0 0"/>
    <freejoint name="cube_fillet_45_normal_9"/>
    <geom mesh="cube_fillet_45_normal_9" name="cube_fillet_45_normal_9_geom" type="mesh"/>
  </body>
  <body name="cuboid_221_fillet_45_normal_1" pos="0 0 0">
    <inertial diaginertia="7.002916666666664e-05 0.00011204666666666663 7.002916666666664e-05" mass="0.0343" pos="0 0 0" quat="0.7071 0.7071 0 0"/>
    <freejoint name="cuboid_221_fillet_45_normal_1"/>
    <geom mesh="cuboid_221_fillet_45_normal_1" name="cuboid_221_fillet_45_normal_1_geom" type="mesh"/>
  </body>
  <body name="sphere_normal_48" pos="0 0 0">
    <inertial diaginertia="0.0001790285232604411 0.0001790285232604411 0.0001790285232604411" mass="0.14182517809892126" pos="0 0 0" quat="1 0 0 0"/>
    <freejoint name="sphere_normal_48"/>
    <geom mesh="sphere_normal_48" name="sphere_normal_48_geom" type="mesh"/>
  </body>
  <body name="cylinder_11_fillet_15_normal_12" pos="0 0 0">
    <inertial diaginertia="0.00046273679036458335 0.00046273679036458335 5.5463164062500016e-05" mass="0.06141250000000001" pos="0 0 0" quat="1 0 0 0"/>
    <freejoint name="cylinder_11_fillet_15_normal_12"/>
    <geom mesh="cylinder_11_fillet_15_normal_12" name="cylinder_11_fillet_15_normal_12_geom" type="mesh"/>
  </body>
  <body name="sphere_normal_31" pos="0 0 0">
    <inertial diaginertia="0.0002742029153414744 0.0002742029153414744 0.0002742029153414744" mass="0.18316531650722567" pos="0 0 0" quat="1 0 0 0"/>
    <freejoint name="sphere_normal_31"/>
    <geom mesh="sphere_normal_31" name="sphere_normal_31_geom" type="mesh"/>
  </body>
  <body name="cube_fillet_25_normal_11" pos="0 0 0">
    <inertial diaginertia="6.508763888062512e-05 6.508763888062512e-05 6.508763888062512e-05" mass="0.05688396501457725" pos="0 0 0" quat="1 0 0 0"/>
    <freejoint name="cube_fillet_25_normal_11"/>
    <geom mesh="cube_fillet_25_normal_11" name="cube_fillet_25_normal_11_geom" type="mesh"/>
  </body>
  <body name="cuboid_311_fillet_35_thinner_5" pos="0 0 0">
    <inertial diaginertia="4.801999999999998e-05 0.0006590499999999998 0.0006590499999999998" mass="0.05879999999999999" pos="0 0 0" quat="1 0 0 0"/>
    <freejoint name="cuboid_311_fillet_35_thinner_5"/>
    <geom mesh="cuboid_311_fillet_35_thinner_5" name="cuboid_311_fillet_35_thinner_5_geom" type="mesh"/>
  </body>
  <body name="ground" pos="0 0 0">
    <geom name="ground_geom" size="1 1 1" type="plane"/>
  </body>
</mujoco>