<mujoco><body name="cuboid_211_fillet_45_normal_3" pos="0 0 0">
    <inertial diaginertia="6.36969287109375e-05 0.00015924232177734373 0.00015924232177734373" mass="0.056151562499999995" pos="0 0 0" quat="1 0 0 0"/>
    <freejoint name="cuboid_211_fillet_45_normal_3"/>
    <geom mesh="cuboid_211_fillet_45_normal_3" name="cuboid_211_fillet_45_normal_3_geom" type="mesh"/>
  </body>
  <body name="cuboid_211_fillet_35_normal_7" pos="0 0 0">
    <inertial diaginertia="2.3354340820312507e-05 5.8385852050781267e-05 5.8385852050781267e-05" mass="0.030754687500000006" pos="0 0 0" quat="1 0 0 0"/>
    <freejoint name="cuboid_211_fillet_35_normal_7"/>
    <geom mesh="cuboid_211_fillet_35_normal_7" name="cuboid_211_fillet_35_normal_7_geom" type="mesh"/>
  </body>
  <body name="cylinder_13_fillet_5_sideways_2" pos="0 0 0">
    <inertial diaginertia="0.001522243157662869 0.001522243157662869 6.543278294339782e-05" mass="0.06781585276967929" pos="0 0 0" quat="0.683 0.683 0.183 0.183"/>
    <freejoint name="cylinder_13_fillet_5_sideways_2"/>
    <geom mesh="cylinder_13_fillet_5_sideways_2" name="cylinder_13_fillet_5_sideways_2_geom" type="mesh"/>
  </body>
  <body name="sphere_normal_2" pos="0 0 0">
    <inertial diaginertia="0.0005266197264632987 0.0005266197264632987 0.0005266197264632987" mass="0.2709556889883981" pos="0 0 0" quat="1 0 0 0"/>
    <freejoint name="sphere_normal_2"/>
    <geom mesh="sphere_normal_2" name="sphere_normal_2_geom" type="mesh"/>
  </body>
  <body name="cylinder_12_fillet_25_upright_4" pos="0 0 0">
    <inertial diaginertia="0.00036236313216351113 0.00036236313216351113 1.7984064896229984e-05" mass="0.031245444606413982" pos="0 0 0" quat="0 0.01 0 0"/>
    <freejoint name="cylinder_12_fillet_25_upright_4"/>
    <geom mesh="cylinder_12_fillet_25_upright_4" name="cylinder_12_fillet_25_upright_4_geom" type="mesh"/>
  </body>
  <body name="cylinder_14_fillet_15_normal_12" pos="0 0 0">
    <inertial diaginertia="0.00065716477938531 0.00065716477938531 1.6169052731469775e-05" mass="0.029313301749271135" pos="0 0 0" quat="0.683 0.683 0.183 0.183"/>
    <freejoint name="cylinder_14_fillet_15_normal_12"/>
    <geom mesh="cylinder_14_fillet_15_normal_12" name="cylinder_14_fillet_15_normal_12_geom" type="mesh"/>
  </body>
  <body name="cylinder_11_fillet_5_normal_15" pos="0 0 0">
    <inertial diaginertia="0.00021058770833333327 0.00021058770833333327 2.1008749999999994e-05" mass="0.0343" pos="0 0 0" quat="1 0 0 0"/>
    <freejoint name="cylinder_11_fillet_5_normal_15"/>
    <geom mesh="cylinder_11_fillet_5_normal_15" name="cylinder_11_fillet_5_normal_15_geom" type="mesh"/>
  </body>
  <body name="cylinder_11_fillet_25_normal_12" pos="0 0 0">
    <inertial diaginertia="0.00046273679036458335 0.00046273679036458335 5.5463164062500016e-05" mass="0.06141250000000001" pos="0 0 0" quat="1 0 0 0"/>
    <freejoint name="cylinder_11_fillet_25_normal_12"/>
    <geom mesh="cylinder_11_fillet_25_normal_12" name="cylinder_11_fillet_25_normal_12_geom" type="mesh"/>
  </body>
  <body name="cylinder_14_fillet_15_normal_8" pos="0 0 0">
    <inertial diaginertia="0.0010695190429687502 0.0010695190429687502 2.966308593750001e-05" mass="0.0421875" pos="0 0 0" quat="0.683 0.683 0.183 0.183"/>
    <freejoint name="cylinder_14_fillet_15_normal_8"/>
    <geom mesh="cylinder_14_fillet_15_normal_8" name="cylinder_14_fillet_15_normal_8_geom" type="mesh"/>
  </body>
  <body name="cuboid_211_fillet_15_normal_2" pos="0 0 0">
    <inertial diaginertia="7.955074813842776e-05 0.00019887687034606942 0.00019887687034606942" mass="0.06416191406250002" pos="0 0 0" quat="1 0 0 0"/>
    <freejoint name="cuboid_211_fillet_15_normal_2"/>
    <geom mesh="cuboid_211_fillet_15_normal_2" name="cuboid_211_fillet_15_normal_2_geom" type="mesh"/>
  </body>
  <body name="cuboid_321_fillet_5_normal_9" pos="0 0 0">
    <inertial diaginertia="4.266666666666669e-06 1.1093333333333338e-05 8.533333333333335e-06" mass="0.006400000000000002" pos="0 0 0" quat="0.7071 0.7071 0 0"/>
    <freejoint name="cuboid_321_fillet_5_normal_9"/>
    <geom mesh="cuboid_321_fillet_5_normal_9" name="cuboid_321_fillet_5_normal_9_geom" type="mesh"/>
  </body>
  <body name="cylinder_13_fillet_5_sideways_8" pos="0 0 0">
    <inertial diaginertia="0.00080584716796875 0.00080584716796875 2.966308593750001e-05" mass="0.0421875" pos="0 0 0" quat="0.683 0.683 0.183 0.183"/>
    <freejoint name="cylinder_13_fillet_5_sideways_8"/>
    <geom mesh="cylinder_13_fillet_5_sideways_8" name="cylinder_13_fillet_5_sideways_8_geom" type="mesh"/>
  </body>
  <body name="sphere_normal_47" pos="0 0 0">
    <inertial diaginertia="0.00018376446588071898 0.00018376446588071898 0.00018376446588071898" mass="0.14406448198656624" pos="0 0 0" quat="1 0 0 0"/>
    <freejoint name="sphere_normal_47"/>
    <geom mesh="sphere_normal_47" name="sphere_normal_47_geom" type="mesh"/>
  </body>
  <body name="cuboid_211_fillet_25_upright_4" pos="0 0 0">
    <inertial diaginertia="1.5894571940104164e-05 3.973642985026041e-05 3.973642985026041e-05" mass="0.0244140625" pos="0 0 0" quat="0.707 0 0.707 0"/>
    <freejoint name="cuboid_211_fillet_25_upright_4"/>
    <geom mesh="cuboid_211_fillet_25_upright_4" name="cuboid_211_fillet_25_upright_4_geom" type="mesh"/>
  </body>
  <body name="sphere_normal_81" pos="0 0 0">
    <inertial diaginertia="6.934909978117512e-05 6.934909978117512e-05 6.934909978117512e-05" mass="0.0802831671076735" pos="0 0 0" quat="1 0 0 0"/>
    <freejoint name="sphere_normal_81"/>
    <geom mesh="sphere_normal_81" name="sphere_normal_81_geom" type="mesh"/>
  </body>
  <body name="cuboid_311_fillet_25_normal_5" pos="0 0 0">
    <inertial diaginertia="2.8011666666666658e-05 0.0001400583333333333 0.0001400583333333333" mass="0.0343" pos="0 0 0" quat="1 0 0 0"/>
    <freejoint name="cuboid_311_fillet_25_normal_5"/>
    <geom mesh="cuboid_311_fillet_25_normal_5" name="cuboid_311_fillet_25_normal_5_geom" type="mesh"/>
  </body>
  <body name="cuboid_221_fillet_5_normal_9" pos="0 0 0">
    <inertial diaginertia="4.266666666666669e-06 6.826666666666672e-06 4.266666666666669e-06" mass="0.006400000000000002" pos="0 0 0" quat="0.7071 0.7071 0 0"/>
    <freejoint name="cuboid_221_fillet_5_normal_9"/>
    <geom mesh="cuboid_221_fillet_5_normal_9" name="cuboid_221_fillet_5_normal_9_geom" type="mesh"/>
  </body>
  <body name="cuboid_311_fillet_25_thinner_3" pos="0 0 0">
    <inertial diaginertia="6.328125000000001e-05 0.0007606406249999999 0.0007606406249999999" mass="0.0675" pos="0 0 0" quat="1 0 0 0"/>
    <freejoint name="cuboid_311_fillet_25_thinner_3"/>
    <geom mesh="cuboid_311_fillet_25_thinner_3" name="cuboid_311_fillet_25_thinner_3_geom" type="mesh"/>
  </body>
  <body name="cylinder_14_fillet_25_normal_12" pos="0 0 0">
    <inertial diaginertia="0.00065716477938531 0.00065716477938531 1.6169052731469775e-05" mass="0.029313301749271135" pos="0 0 0" quat="0.683 0.683 0.183 0.183"/>
    <freejoint name="cylinder_14_fillet_25_normal_12"/>
    <geom mesh="cylinder_14_fillet_25_normal_12" name="cylinder_14_fillet_25_normal_12_geom" type="mesh"/>
  </body>
  <body name="cylinder_12_fillet_15_sideways_13" pos="0 0 0">
    <inertial diaginertia="0.00037796183018980195 0.00037796183018980195 1.8950732432914862e-05" mass="0.032242565597667645" pos="0 0 0" quat="0.683 0.683 0.183 0.183"/>
    <freejoint name="cylinder_12_fillet_15_sideways_13"/>
    <geom mesh="cylinder_12_fillet_15_sideways_13" name="cylinder_12_fillet_15_sideways_13_geom" type="mesh"/>
  </body>
  <body name="ground" pos="0 0 0">
    <geom name="ground_geom" size="1 1 1" type="plane"/>
  </body>
</mujoco>