<mujoco><body name="cuboid_311_fillet_45_normal_2" pos="0 0 0">
    <inertial diaginertia="4.6596925455729194e-05 0.00023298462727864587 0.00023298462727864587" mass="0.04654843750000001" pos="0 0 0" quat="1 0 0 0"/>
    <freejoint name="cuboid_311_fillet_45_normal_2"/>
    <geom mesh="cuboid_311_fillet_45_normal_2" name="cuboid_311_fillet_45_normal_2_geom" type="mesh"/>
  </body>
  <body name="cuboid_311_fillet_5_normal_8" pos="0 0 0">
    <inertial diaginertia="1.5894571940104164e-05 7.947285970052082e-05 7.947285970052082e-05" mass="0.0244140625" pos="0 0 0" quat="1 0 0 0"/>
    <freejoint name="cuboid_311_fillet_5_normal_8"/>
    <geom mesh="cuboid_311_fillet_5_normal_8" name="cuboid_311_fillet_5_normal_8_geom" type="mesh"/>
  </body>
  <body name="cuboid_311_fillet_5_thinner_4" pos="0 0 0">
    <inertial diaginertia="5.5256328124999984e-05 0.0007088381640624997 0.0007088381640624997" mass="0.06307499999999999" pos="0 0 0" quat="1 0 0 0"/>
    <freejoint name="cuboid_311_fillet_5_thinner_4"/>
    <geom mesh="cuboid_311_fillet_5_thinner_4" name="cuboid_311_fillet_5_thinner_4_geom" type="mesh"/>
  </body>
  <body name="cylinder_12_fillet_25_sideways_4" pos="0 0 0">
    <inertial diaginertia="0.0022845967035684538 0.0022845967035684538 0.00017649244920271318" mass="0.12299562682215744" pos="0 0 0" quat="0.683 0.683 0.183 0.183"/>
    <freejoint name="cylinder_12_fillet_25_sideways_4"/>
    <geom mesh="cylinder_12_fillet_25_sideways_4" name="cylinder_12_fillet_25_sideways_4_geom" type="mesh"/>
  </body>
  <body name="cylinder_11_fillet_35_normal_7" pos="0 0 0">
    <inertial diaginertia="0.0013207402083333325 0.0013207402083333325 0.00020131374999999988" mass="0.13309999999999994" pos="0 0 0" quat="1 0 0 0"/>
    <freejoint name="cylinder_11_fillet_35_normal_7"/>
    <geom mesh="cylinder_11_fillet_35_normal_7" name="cylinder_11_fillet_35_normal_7_geom" type="mesh"/>
  </body>
  <body name="cuboid_211_fillet_35_upright_7" pos="0 0 0">
    <inertial diaginertia="8.38807291666667e-06 2.0970182291666673e-05 2.0970182291666673e-05" mass="0.016637500000000003" pos="0 0 0" quat="0.707 0 0.707 0"/>
    <freejoint name="cuboid_211_fillet_35_upright_7"/>
    <geom mesh="cuboid_211_fillet_35_upright_7" name="cuboid_211_fillet_35_upright_7_geom" type="mesh"/>
  </body>
  <body name="cuboid_311_fillet_45_thinner_1" pos="0 0 0">
    <inertial diaginertia="8.192000000000004e-05 0.0008704000000000001 0.0008704000000000001" mass="0.07680000000000001" pos="0 0 0" quat="1 0 0 0"/>
    <freejoint name="cuboid_311_fillet_45_thinner_1"/>
    <geom mesh="cuboid_311_fillet_45_thinner_1" name="cuboid_311_fillet_45_thinner_1_geom" type="mesh"/>
  </body>
  <body name="cylinder_13_fillet_25_sideways_14" pos="0 0 0">
    <inertial diaginertia="0.00037861697182419335 0.00037861697182419335 1.15842013535097e-05" mass="0.023997922740524782" pos="0 0 0" quat="0.683 0.683 0.183 0.183"/>
    <freejoint name="cylinder_13_fillet_25_sideways_14"/>
    <geom mesh="cylinder_13_fillet_25_sideways_14" name="cylinder_13_fillet_25_sideways_14_geom" type="mesh"/>
  </body>
  <body name="cuboid_321_fillet_35_normal_3" pos="0 0 0">
    <inertial diaginertia="1.0075272623697915e-05 2.6195708821614575e-05 2.015054524739583e-05" mass="0.0107171875" pos="0 0 0" quat="0.7071 0.7071 0 0"/>
    <freejoint name="cuboid_321_fillet_35_normal_3"/>
    <geom mesh="cuboid_321_fillet_35_normal_3" name="cuboid_321_fillet_35_normal_3_geom" type="mesh"/>
  </body>
  <body name="sphere_normal_83" pos="0 0 0">
    <inertial diaginertia="6.506963713669752e-05 6.506963713669752e-05 6.506963713669752e-05" mass="0.07727286790148581" pos="0 0 0" quat="1 0 0 0"/>
    <freejoint name="sphere_normal_83"/>
    <geom mesh="sphere_normal_83" name="sphere_normal_83_geom" type="mesh"/>
  </body>
  <body name="sphere_normal_28" pos="0 0 0">
    <inertial diaginertia="0.0002945558616473351 0.0002945558616473351 0.0002945558616473351" mass="0.19120559739466725" pos="0 0 0" quat="1 0 0 0"/>
    <freejoint name="sphere_normal_28"/>
    <geom mesh="sphere_normal_28" name="sphere_normal_28_geom" type="mesh"/>
  </body>
  <body name="sphere_normal_5" pos="0 0 0">
    <inertial diaginertia="0.0004941225570067973 0.0004941225570067973 0.0004941225570067973" mass="0.26079592916751476" pos="0 0 0" quat="1 0 0 0"/>
    <freejoint name="sphere_normal_5"/>
    <geom mesh="sphere_normal_5" name="sphere_normal_5_geom" type="mesh"/>
  </body>
  <body name="cuboid_311_fillet_35_normal_1" pos="0 0 0">
    <inertial diaginertia="5.4613333333333375e-05 0.0002730666666666667 0.0002730666666666667" mass="0.051200000000000016" pos="0 0 0" quat="1 0 0 0"/>
    <freejoint name="cuboid_311_fillet_35_normal_1"/>
    <geom mesh="cuboid_311_fillet_35_normal_1" name="cuboid_311_fillet_35_normal_1_geom" type="mesh"/>
  </body>
  <body name="cuboid_211_fillet_15_normal_8" pos="0 0 0">
    <inertial diaginertia="1.754889175415039e-05 4.387222938537597e-05 4.387222938537597e-05" mass="0.025908398437499997" pos="0 0 0" quat="1 0 0 0"/>
    <freejoint name="cuboid_211_fillet_15_normal_8"/>
    <geom mesh="cuboid_211_fillet_15_normal_8" name="cuboid_211_fillet_15_normal_8_geom" type="mesh"/>
  </body>
  <body name="cuboid_321_fillet_5_normal_5" pos="0 0 0">
    <inertial diaginertia="7.688671875000004e-06 1.9990546875000007e-05 1.5377343750000004e-05" mass="0.009112500000000003" pos="0 0 0" quat="0.7071 0.7071 0 0"/>
    <freejoint name="cuboid_321_fillet_5_normal_5"/>
    <geom mesh="cuboid_321_fillet_5_normal_5" name="cuboid_321_fillet_5_normal_5_geom" type="mesh"/>
  </body>
  <body name="cylinder_11_fillet_35_normal_14" pos="0 0 0">
    <inertial diaginertia="0.0002785034179687501 0.0002785034179687501 2.966308593750001e-05" mass="0.0421875" pos="0 0 0" quat="1 0 0 0"/>
    <freejoint name="cylinder_11_fillet_35_normal_14"/>
    <geom mesh="cylinder_11_fillet_35_normal_14" name="cylinder_11_fillet_35_normal_14_geom" type="mesh"/>
  </body>
  <body name="cylinder_21_fillet_15_normal_3" pos="0 0 0">
    <inertial diaginertia="0.0004904016929453999 0.0004904016929453999 0.0001952629166418755" mass="0.05688396501457727" pos="0 0 0" quat="1 0 0 0"/>
    <freejoint name="cylinder_21_fillet_15_normal_3"/>
    <geom mesh="cylinder_21_fillet_15_normal_3" name="cylinder_21_fillet_15_normal_3_geom" type="mesh"/>
  </body>
  <body name="cuboid_221_fillet_15_normal_3" pos="0 0 0">
    <inertial diaginertia="3.973642985026041e-05 6.357828776041666e-05 3.973642985026041e-05" mass="0.0244140625" pos="0 0 0" quat="0.7071 0.7071 0 0"/>
    <freejoint name="cuboid_221_fillet_15_normal_3"/>
    <geom mesh="cuboid_221_fillet_15_normal_3" name="cuboid_221_fillet_15_normal_3_geom" type="mesh"/>
  </body>
  <body name="cylinder_21_fillet_15_normal_6" pos="0 0 0">
    <inertial diaginertia="0.00027458620741946583 0.00027458620741946583 9.770947838884107e-05" mass="0.03754741253644317" pos="0 0 0" quat="1 0 0 0"/>
    <freejoint name="cylinder_21_fillet_15_normal_6"/>
    <geom mesh="cylinder_21_fillet_15_normal_6" name="cylinder_21_fillet_15_normal_6_geom" type="mesh"/>
  </body>
  <body name="cube_fillet_35_normal_2" pos="0 0 0">
    <inertial diaginertia="0.000727776147240237 0.000727776147240237 0.000727776147240237" mass="0.24215276967930024" pos="0 0 0" quat="1 0 0 0"/>
    <freejoint name="cube_fillet_35_normal_2"/>
    <geom mesh="cube_fillet_35_normal_2" name="cube_fillet_35_normal_2_geom" type="mesh"/>
  </body>
  <body name="ground" pos="0 0 0">
    <geom name="ground_geom" size="1 1 1" type="plane"/>
  </body>
</mujoco>