<mujoco><body name="cube_fillet_35_normal_10" pos="0 0 0">
    <inertial diaginertia="9.084834017572043e-05 9.084834017572043e-05 9.084834017572043e-05" mass="0.06948338192419824" pos="0 0 0" quat="1 0 0 0"/>
    <freejoint name="cube_fillet_35_normal_10"/>
    <geom mesh="cube_fillet_35_normal_10" name="cube_fillet_35_normal_10_geom" type="mesh"/>
  </body>
  <body name="cuboid_311_fillet_25_thinner_6" pos="0 0 0">
    <inertial diaginertia="4.151882812500001e-05 0.0006112494140625001 0.0006112494140625001" mass="0.05467500000000001" pos="0 0 0" quat="1 0 0 0"/>
    <freejoint name="cuboid_311_fillet_25_thinner_6"/>
    <geom mesh="cuboid_311_fillet_25_thinner_6" name="cuboid_311_fillet_25_thinner_6_geom" type="mesh"/>
  </body>
  <body name="sphere_normal_14" pos="0 0 0">
    <inertial diaginertia="0.0004061327236651297 0.0004061327236651297 0.0004061327236651297" mass="0.23184663138611844" pos="0 0 0" quat="1 0 0 0"/>
    <freejoint name="sphere_normal_14"/>
    <geom mesh="sphere_normal_14" name="sphere_normal_14_geom" type="mesh"/>
  </body>
  <body name="cylinder_11_fillet_5_normal_10" pos="0 0 0">
    <inertial diaginertia="0.0007271165169270833 0.0007271165169270833 9.67226171875e-05" mass="0.0857375" pos="0 0 0" quat="1 0 0 0"/>
    <freejoint name="cylinder_11_fillet_5_normal_10"/>
    <geom mesh="cylinder_11_fillet_5_normal_10" name="cylinder_11_fillet_5_normal_10_geom" type="mesh"/>
  </body>
  <body name="cuboid_211_fillet_25_normal_7" pos="0 0 0">
    <inertial diaginertia="2.3354340820312507e-05 5.8385852050781267e-05 5.8385852050781267e-05" mass="0.030754687500000006" pos="0 0 0" quat="1 0 0 0"/>
    <freejoint name="cuboid_211_fillet_25_normal_7"/>
    <geom mesh="cuboid_211_fillet_25_normal_7" name="cuboid_211_fillet_25_normal_7_geom" type="mesh"/>
  </body>
  <body name="cube_fillet_5_normal_9" pos="0 0 0">
    <inertial diaginertia="0.00012418759802463263 0.00012418759802463263 0.00012418759802463263" mass="0.08381807580174928" pos="0 0 0" quat="1 0 0 0"/>
    <freejoint name="cube_fillet_5_normal_9"/>
    <geom mesh="cube_fillet_5_normal_9" name="cube_fillet_5_normal_9_geom" type="mesh"/>
  </body>
  <body name="cylinder_12_fillet_5_upright_7" pos="0 0 0">
    <inertial diaginertia="0.0003184640641796076 0.0003184640641796076 1.5318243588980778e-05" mass="0.028377842565597663" pos="0 0 0" quat="0 0.01 0 0"/>
    <freejoint name="cylinder_12_fillet_5_upright_7"/>
    <geom mesh="cylinder_12_fillet_5_upright_7" name="cylinder_12_fillet_5_upright_7_geom" type="mesh"/>
  </body>
  <body name="cylinder_12_fillet_5_sideways_15" pos="0 0 0">
    <inertial diaginertia="0.00022085999999999997 0.00022085999999999997 9.719999999999998e-06" mass="0.021599999999999998" pos="0 0 0" quat="0.683 0.683 0.183 0.183"/>
    <freejoint name="cylinder_12_fillet_5_sideways_15"/>
    <geom mesh="cylinder_12_fillet_5_sideways_15" name="cylinder_12_fillet_5_sideways_15_geom" type="mesh"/>
  </body>
  <body name="cuboid_211_fillet_5_upright_1" pos="0 0 0">
    <inertial diaginertia="2.8011666666666658e-05 7.002916666666664e-05 7.002916666666664e-05" mass="0.0343" pos="0 0 0" quat="0.707 0 0.707 0"/>
    <freejoint name="cuboid_211_fillet_5_upright_1"/>
    <geom mesh="cuboid_211_fillet_5_upright_1" name="cuboid_211_fillet_5_upright_1_geom" type="mesh"/>
  </body>
  <body name="cube_fillet_45_normal_6" pos="0 0 0">
    <inertial diaginertia="0.00028630673409888737 0.00028630673409888737 0.00028630673409888737" mass="0.1383533527696793" pos="0 0 0" quat="1 0 0 0"/>
    <freejoint name="cube_fillet_45_normal_6"/>
    <geom mesh="cube_fillet_45_normal_6" name="cube_fillet_45_normal_6_geom" type="mesh"/>
  </body>
  <body name="sphere_normal_41" pos="0 0 0">
    <inertial diaginertia="0.00021432920073500352 0.00021432920073500352 0.00021432920073500352" mass="0.15799698758396089" pos="0 0 0" quat="1 0 0 0"/>
    <freejoint name="sphere_normal_41"/>
    <geom mesh="sphere_normal_41" name="sphere_normal_41_geom" type="mesh"/>
  </body>
  <body name="cuboid_321_fillet_15_normal_1" pos="0 0 0">
    <inertial diaginertia="1.3020833333333336e-05 3.3854166666666665e-05 2.604166666666667e-05" mass="0.0125" pos="0 0 0" quat="0.7071 0.7071 0 0"/>
    <freejoint name="cuboid_321_fillet_15_normal_1"/>
    <geom mesh="cuboid_321_fillet_15_normal_1" name="cuboid_321_fillet_15_normal_1_geom" type="mesh"/>
  </body>
  <body name="cuboid_211_fillet_45_upright_9" pos="0 0 0">
    <inertial diaginertia="5.208333333333334e-06 1.3020833333333336e-05 1.3020833333333336e-05" mass="0.0125" pos="0 0 0" quat="0.707 0 0.707 0"/>
    <freejoint name="cuboid_211_fillet_45_upright_9"/>
    <geom mesh="cuboid_211_fillet_45_upright_9" name="cuboid_211_fillet_45_upright_9_geom" type="mesh"/>
  </body>
  <body name="cylinder_14_fillet_5_normal_15" pos="0 0 0">
    <inertial diaginertia="0.0004368599999999999 0.0004368599999999999 9.719999999999998e-06" mass="0.021599999999999998" pos="0 0 0" quat="0.683 0.683 0.183 0.183"/>
    <freejoint name="cylinder_14_fillet_5_normal_15"/>
    <geom mesh="cylinder_14_fillet_5_normal_15" name="cylinder_14_fillet_5_normal_15_geom" type="mesh"/>
  </body>
  <body name="sphere_normal_82" pos="0 0 0">
    <inertial diaginertia="6.718211239371288e-05 6.718211239371288e-05 6.718211239371288e-05" mass="0.07876843069407692" pos="0 0 0" quat="1 0 0 0"/>
    <freejoint name="sphere_normal_82"/>
    <geom mesh="sphere_normal_82" name="sphere_normal_82_geom" type="mesh"/>
  </body>
  <body name="cylinder_13_fillet_25_sideways_12" pos="0 0 0">
    <inertial diaginertia="0.0004948947161304161 0.0004948947161304161 1.6169052731469775e-05" mass="0.029313301749271135" pos="0 0 0" quat="0.683 0.683 0.183 0.183"/>
    <freejoint name="cylinder_13_fillet_25_sideways_12"/>
    <geom mesh="cylinder_13_fillet_25_sideways_12" name="cylinder_13_fillet_25_sideways_12_geom" type="mesh"/>
  </body>
  <body name="cylinder_21_fillet_25_normal_4" pos="0 0 0">
    <inertial diaginertia="0.00040763273557427716 0.00040763273557427716 0.00015665516554672166" mass="0.04984077988338193" pos="0 0 0" quat="1 0 0 0"/>
    <freejoint name="cylinder_21_fillet_25_normal_4"/>
    <geom mesh="cylinder_21_fillet_25_normal_4" name="cylinder_21_fillet_25_normal_4_geom" type="mesh"/>
  </body>
  <body name="cuboid_211_fillet_45_upright_2" pos="0 0 0">
    <inertial diaginertia="2.3354340820312487e-05 5.838585205078121e-05 5.838585205078121e-05" mass="0.030754687499999992" pos="0 0 0" quat="0.707 0 0.707 0"/>
    <freejoint name="cuboid_211_fillet_45_upright_2"/>
    <geom mesh="cuboid_211_fillet_45_upright_2" name="cuboid_211_fillet_45_upright_2_geom" type="mesh"/>
  </body>
  <body name="sphere_normal_42" pos="0 0 0">
    <inertial diaginertia="0.00020897124200324393 0.00020897124200324393 0.00020897124200324393" mass="0.1556151638510075" pos="0 0 0" quat="1 0 0 0"/>
    <freejoint name="sphere_normal_42"/>
    <geom mesh="sphere_normal_42" name="sphere_normal_42_geom" type="mesh"/>
  </body>
  <body name="cylinder_14_fillet_15_normal_5" pos="0 0 0">
    <inertial diaginertia="0.0014878756789209855 0.0014878756789209855 4.475010836258703e-05" mass="0.05399212827988339" pos="0 0 0" quat="0.683 0.683 0.183 0.183"/>
    <freejoint name="cylinder_14_fillet_15_normal_5"/>
    <geom mesh="cylinder_14_fillet_15_normal_5" name="cylinder_14_fillet_15_normal_5_geom" type="mesh"/>
  </body>
  <body name="ground" pos="0 0 0">
    <geom name="ground_geom" size="1 1 1" type="plane"/>
  </body>
</mujoco>