<mujoco><body name="cylinder_21_fillet_5_normal_1" pos="0 0 0">
    <inertial diaginertia="0.0006943725000000002 0.0006943725000000002 0.00029524500000000013" mass="0.07290000000000002" pos="0 0 0" quat="1 0 0 0"/>
    <freejoint name="cylinder_21_fillet_5_normal_1"/>
    <geom mesh="cylinder_21_fillet_5_normal_1" name="cylinder_21_fillet_5_normal_1_geom" type="mesh"/>
  </body>
  <body name="cuboid_221_fillet_35_normal_3" pos="0 0 0">
    <inertial diaginertia="3.973642985026041e-05 6.357828776041666e-05 3.973642985026041e-05" mass="0.0244140625" pos="0 0 0" quat="0.7071 0.7071 0 0"/>
    <freejoint name="cuboid_221_fillet_35_normal_3"/>
    <geom mesh="cuboid_221_fillet_35_normal_3" name="cuboid_221_fillet_35_normal_3_geom" type="mesh"/>
  </body>
  <body name="cube_fillet_45_normal_15" pos="0 0 0">
    <inertial diaginertia="1.2959999999999998e-05 1.2959999999999998e-05 1.2959999999999998e-05" mass="0.021599999999999998" pos="0 0 0" quat="1 0 0 0"/>
    <freejoint name="cube_fillet_45_normal_15"/>
    <geom mesh="cube_fillet_45_normal_15" name="cube_fillet_45_normal_15_geom" type="mesh"/>
  </body>
  <body name="cuboid_211_fillet_15_normal_3" pos="0 0 0">
    <inertial diaginertia="6.36969287109375e-05 0.00015924232177734373 0.00015924232177734373" mass="0.056151562499999995" pos="0 0 0" quat="1 0 0 0"/>
    <freejoint name="cuboid_211_fillet_15_normal_3"/>
    <geom mesh="cuboid_211_fillet_15_normal_3" name="cuboid_211_fillet_15_normal_3_geom" type="mesh"/>
  </body>
  <body name="cuboid_211_fillet_5_upright_4" pos="0 0 0">
    <inertial diaginertia="1.5894571940104164e-05 3.973642985026041e-05 3.973642985026041e-05" mass="0.0244140625" pos="0 0 0" quat="0.707 0 0.707 0"/>
    <freejoint name="cuboid_211_fillet_5_upright_4"/>
    <geom mesh="cuboid_211_fillet_5_upright_4" name="cuboid_211_fillet_5_upright_4_geom" type="mesh"/>
  </body>
  <body name="cuboid_311_fillet_15_thinner_9" pos="0 0 0">
    <inertial diaginertia="2.5919999999999996e-05 0.0004795199999999999 0.0004795199999999999" mass="0.043199999999999995" pos="0 0 0" quat="1 0 0 0"/>
    <freejoint name="cuboid_311_fillet_15_thinner_9"/>
    <geom mesh="cuboid_311_fillet_15_thinner_9" name="cuboid_311_fillet_15_thinner_9_geom" type="mesh"/>
  </body>
  <body name="sphere_normal_51" pos="0 0 0">
    <inertial diaginertia="0.00016540347877849661 0.00016540347877849661 0.00016540347877849661" mass="0.13524673315693053" pos="0 0 0" quat="1 0 0 0"/>
    <freejoint name="sphere_normal_51"/>
    <geom mesh="sphere_normal_51" name="sphere_normal_51_geom" type="mesh"/>
  </body>
  <body name="cuboid_321_fillet_25_normal_4" pos="0 0 0">
    <inertial diaginertia="8.817540105183924e-06 2.29256042734782e-05 1.7635080210367844e-05" mass="0.009893164062500003" pos="0 0 0" quat="0.7071 0.7071 0 0"/>
    <freejoint name="cuboid_321_fillet_25_normal_4"/>
    <geom mesh="cuboid_321_fillet_25_normal_4" name="cuboid_321_fillet_25_normal_4_geom" type="mesh"/>
  </body>
  <body name="cylinder_21_fillet_25_normal_9" pos="0 0 0">
    <inertial diaginertia="0.00014052607192439662 0.00014052607192439662 4.3734290176712105e-05" mass="0.023179883381924202" pos="0 0 0" quat="1 0 0 0"/>
    <freejoint name="cylinder_21_fillet_25_normal_9"/>
    <geom mesh="cylinder_21_fillet_25_normal_9" name="cylinder_21_fillet_25_normal_9_geom" type="mesh"/>
  </body>
  <body name="cuboid_221_fillet_45_normal_9" pos="0 0 0">
    <inertial diaginertia="4.266666666666669e-06 6.826666666666672e-06 4.266666666666669e-06" mass="0.006400000000000002" pos="0 0 0" quat="0.7071 0.7071 0 0"/>
    <freejoint name="cuboid_221_fillet_45_normal_9"/>
    <geom mesh="cuboid_221_fillet_45_normal_9" name="cuboid_221_fillet_45_normal_9_geom" type="mesh"/>
  </body>
  <body name="cylinder_12_fillet_5_upright_8" pos="0 0 0">
    <inertial diaginertia="0.00030476223307291647 0.00030476223307291647 1.450363281249999e-05" mass="0.02746249999999999" pos="0 0 0" quat="0 0.01 0 0"/>
    <freejoint name="cylinder_12_fillet_5_upright_8"/>
    <geom mesh="cylinder_12_fillet_5_upright_8" name="cylinder_12_fillet_5_upright_8_geom" type="mesh"/>
  </body>
  <body name="cube_fillet_15_normal_8" pos="0 0 0">
    <inertial diaginertia="0.0001666666666666667 0.0001666666666666667 0.0001666666666666667" mass="0.1" pos="0 0 0" quat="1 0 0 0"/>
    <freejoint name="cube_fillet_15_normal_8"/>
    <geom mesh="cube_fillet_15_normal_8" name="cube_fillet_15_normal_8_geom" type="mesh"/>
  </body>
  <body name="cuboid_311_fillet_45_thinner_3" pos="0 0 0">
    <inertial diaginertia="6.328125000000001e-05 0.0007606406249999999 0.0007606406249999999" mass="0.0675" pos="0 0 0" quat="1 0 0 0"/>
    <freejoint name="cuboid_311_fillet_45_thinner_3"/>
    <geom mesh="cuboid_311_fillet_45_thinner_3" name="cuboid_311_fillet_45_thinner_3_geom" type="mesh"/>
  </body>
  <body name="cylinder_11_fillet_25_normal_4" pos="0 0 0">
    <inertial diaginertia="0.002225240071614583 0.002225240071614583 0.0003814697265625" mass="0.1953125" pos="0 0 0" quat="1 0 0 0"/>
    <freejoint name="cylinder_11_fillet_25_normal_4"/>
    <geom mesh="cylinder_11_fillet_25_normal_4" name="cylinder_11_fillet_25_normal_4_geom" type="mesh"/>
  </body>
  <body name="cylinder_11_fillet_5_normal_1" pos="0 0 0">
    <inertial diaginertia="0.0035374733333333325 0.0035374733333333325 0.0006722799999999998" mass="0.2744" pos="0 0 0" quat="1 0 0 0"/>
    <freejoint name="cylinder_11_fillet_5_normal_1"/>
    <geom mesh="cylinder_11_fillet_5_normal_1" name="cylinder_11_fillet_5_normal_1_geom" type="mesh"/>
  </body>
  <body name="sphere_normal_111" pos="0 0 0">
    <inertial diaginertia="2.419943583614405e-05 2.419943583614405e-05 2.419943583614405e-05" mass="0.04268577244046406" pos="0 0 0" quat="1 0 0 0"/>
    <freejoint name="sphere_normal_111"/>
    <geom mesh="sphere_normal_111" name="sphere_normal_111_geom" type="mesh"/>
  </body>
  <body name="cylinder_12_fillet_25_sideways_9" pos="0 0 0">
    <inertial diaginertia="0.0009285416790622954 0.0009285416790622954 5.7833045754745045e-05" mass="0.0629737609329446" pos="0 0 0" quat="0.683 0.683 0.183 0.183"/>
    <freejoint name="cylinder_12_fillet_25_sideways_9"/>
    <geom mesh="cylinder_12_fillet_25_sideways_9" name="cylinder_12_fillet_25_sideways_9_geom" type="mesh"/>
  </body>
  <body name="cylinder_13_fillet_15_sideways_5" pos="0 0 0">
    <inertial diaginertia="0.0011215005227360624 0.0011215005227360624 4.475010836258703e-05" mass="0.05399212827988339" pos="0 0 0" quat="0.683 0.683 0.183 0.183"/>
    <freejoint name="cylinder_13_fillet_15_sideways_5"/>
    <geom mesh="cylinder_13_fillet_15_sideways_5" name="cylinder_13_fillet_15_sideways_5_geom" type="mesh"/>
  </body>
  <body name="cylinder_12_fillet_15_upright_10" pos="0 0 0">
    <inertial diaginertia="0.00027869451621526434 0.00027869451621526434 1.297836152951523e-05" mass="0.025691290087463552" pos="0 0 0" quat="0 0.01 0 0"/>
    <freejoint name="cylinder_12_fillet_15_upright_10"/>
    <geom mesh="cylinder_12_fillet_15_upright_10" name="cylinder_12_fillet_15_upright_10_geom" type="mesh"/>
  </body>
  <body name="cuboid_311_fillet_45_normal_6" pos="0 0 0">
    <inertial diaginertia="2.3354340820312507e-05 0.00011677170410156253 0.00011677170410156253" mass="0.030754687500000006" pos="0 0 0" quat="1 0 0 0"/>
    <freejoint name="cuboid_311_fillet_45_normal_6"/>
    <geom mesh="cuboid_311_fillet_45_normal_6" name="cuboid_311_fillet_45_normal_6_geom" type="mesh"/>
  </body>
  <body name="ground" pos="0 0 0">
    <geom name="ground_geom" size="1 1 1" type="plane"/>
  </body>
</mujoco>