<mujoco><body name="cuboid_311_fillet_45_thinner_7" pos="0 0 0">
    <inertial diaginertia="3.570125e-05 0.0005654106249999999 0.0005654106249999999" mass="0.0507" pos="0 0 0" quat="1 0 0 0"/>
    <freejoint name="cuboid_311_fillet_45_thinner_7"/>
    <geom mesh="cuboid_311_fillet_45_thinner_7" name="cuboid_311_fillet_45_thinner_7_geom" type="mesh"/>
  </body>
  <body name="sphere_normal_21" pos="0 0 0">
    <inertial diaginertia="0.0003467670797608492 0.0003467670797608492 0.0003467670797608492" mass="0.21087384490128228" pos="0 0 0" quat="1 0 0 0"/>
    <freejoint name="sphere_normal_21"/>
    <geom mesh="sphere_normal_21" name="sphere_normal_21_geom" type="mesh"/>
  </body>
  <body name="sphere_normal_22" pos="0 0 0">
    <inertial diaginertia="0.000338886339157394 0.000338886339157394 0.000338886339157394" mass="0.2079852025239161" pos="0 0 0" quat="1 0 0 0"/>
    <freejoint name="sphere_normal_22"/>
    <geom mesh="sphere_normal_22" name="sphere_normal_22_geom" type="mesh"/>
  </body>
  <body name="cylinder_12_fillet_25_sideways_1" pos="0 0 0">
    <inertial diaginertia="0.0036115199999999996 0.0036115199999999996 0.00031103999999999995" mass="0.17279999999999998" pos="0 0 0" quat="0.683 0.683 0.183 0.183"/>
    <freejoint name="cylinder_12_fillet_25_sideways_1"/>
    <geom mesh="cylinder_12_fillet_25_sideways_1" name="cylinder_12_fillet_25_sideways_1_geom" type="mesh"/>
  </body>
  <body name="sphere_normal_109" pos="0 0 0">
    <inertial diaginertia="2.6150027784488162e-05 2.6150027784488162e-05 2.6150027784488162e-05" mass="0.044718094850396906" pos="0 0 0" quat="1 0 0 0"/>
    <freejoint name="sphere_normal_109"/>
    <geom mesh="sphere_normal_109" name="sphere_normal_109_geom" type="mesh"/>
  </body>
  <body name="cuboid_211_fillet_5_normal_3" pos="0 0 0">
    <inertial diaginertia="6.36969287109375e-05 0.00015924232177734373 0.00015924232177734373" mass="0.056151562499999995" pos="0 0 0" quat="1 0 0 0"/>
    <freejoint name="cuboid_211_fillet_5_normal_3"/>
    <geom mesh="cuboid_211_fillet_5_normal_3" name="cuboid_211_fillet_5_normal_3_geom" type="mesh"/>
  </body>
  <body name="cuboid_311_fillet_25_normal_4" pos="0 0 0">
    <inertial diaginertia="3.338403157552083e-05 0.00016692015787760415 0.00016692015787760415" mass="0.0381078125" pos="0 0 0" quat="1 0 0 0"/>
    <freejoint name="cuboid_311_fillet_25_normal_4"/>
    <geom mesh="cuboid_311_fillet_25_normal_4" name="cuboid_311_fillet_25_normal_4_geom" type="mesh"/>
  </body>
  <body name="sphere_normal_75" pos="0 0 0">
    <inertial diaginertia="8.355542130228605e-05 8.355542130228605e-05 8.355542130228605e-05" mass="0.0897810706289436" pos="0 0 0" quat="1 0 0 0"/>
    <freejoint name="sphere_normal_75"/>
    <geom mesh="sphere_normal_75" name="sphere_normal_75_geom" type="mesh"/>
  </body>
  <body name="cuboid_221_fillet_25_normal_1" pos="0 0 0">
    <inertial diaginertia="7.002916666666664e-05 0.00011204666666666663 7.002916666666664e-05" mass="0.0343" pos="0 0 0" quat="0.7071 0.7071 0 0"/>
    <freejoint name="cuboid_221_fillet_25_normal_1"/>
    <geom mesh="cuboid_221_fillet_25_normal_1" name="cuboid_221_fillet_25_normal_1_geom" type="mesh"/>
  </body>
  <body name="cuboid_211_fillet_35_normal_6" pos="0 0 0">
    <inertial diaginertia="3.060364059448244e-05 7.650910148620609e-05 7.650910148620609e-05" mass="0.03617050781250001" pos="0 0 0" quat="1 0 0 0"/>
    <freejoint name="cuboid_211_fillet_35_normal_6"/>
    <geom mesh="cuboid_211_fillet_35_normal_6" name="cuboid_211_fillet_35_normal_6_geom" type="mesh"/>
  </body>
  <body name="cylinder_21_fillet_45_normal_3" pos="0 0 0">
    <inertial diaginertia="0.0004904016929453999 0.0004904016929453999 0.0001952629166418755" mass="0.05688396501457727" pos="0 0 0" quat="1 0 0 0"/>
    <freejoint name="cylinder_21_fillet_45_normal_3"/>
    <geom mesh="cylinder_21_fillet_45_normal_3" name="cylinder_21_fillet_45_normal_3_geom" type="mesh"/>
  </body>
  <body name="cuboid_311_fillet_45_normal_4" pos="0 0 0">
    <inertial diaginertia="3.338403157552083e-05 0.00016692015787760415 0.00016692015787760415" mass="0.0381078125" pos="0 0 0" quat="1 0 0 0"/>
    <freejoint name="cuboid_311_fillet_45_normal_4"/>
    <geom mesh="cuboid_311_fillet_45_normal_4" name="cuboid_311_fillet_45_normal_4_geom" type="mesh"/>
  </body>
  <body name="cuboid_311_fillet_25_normal_6" pos="0 0 0">
    <inertial diaginertia="2.3354340820312507e-05 0.00011677170410156253 0.00011677170410156253" mass="0.030754687500000006" pos="0 0 0" quat="1 0 0 0"/>
    <freejoint name="cuboid_311_fillet_25_normal_6"/>
    <geom mesh="cuboid_311_fillet_25_normal_6" name="cuboid_311_fillet_25_normal_6_geom" type="mesh"/>
  </body>
  <body name="cuboid_221_fillet_45_normal_4" pos="0 0 0">
    <inertial diaginertia="2.9162725702921556e-05 4.6660361124674486e-05 2.9162725702921556e-05" mass="0.0202779296875" pos="0 0 0" quat="0.7071 0.7071 0 0"/>
    <freejoint name="cuboid_221_fillet_45_normal_4"/>
    <geom mesh="cuboid_221_fillet_45_normal_4" name="cuboid_221_fillet_45_normal_4_geom" type="mesh"/>
  </body>
  <body name="cuboid_221_fillet_35_normal_9" pos="0 0 0">
    <inertial diaginertia="4.266666666666669e-06 6.826666666666672e-06 4.266666666666669e-06" mass="0.006400000000000002" pos="0 0 0" quat="0.7071 0.7071 0 0"/>
    <freejoint name="cuboid_221_fillet_35_normal_9"/>
    <geom mesh="cuboid_221_fillet_35_normal_9" name="cuboid_221_fillet_35_normal_9_geom" type="mesh"/>
  </body>
  <body name="cylinder_12_fillet_15_upright_8" pos="0 0 0">
    <inertial diaginertia="0.00030476223307291647 0.00030476223307291647 1.450363281249999e-05" mass="0.02746249999999999" pos="0 0 0" quat="0 0.01 0 0"/>
    <freejoint name="cylinder_12_fillet_15_upright_8"/>
    <geom mesh="cylinder_12_fillet_15_upright_8" name="cylinder_12_fillet_15_upright_8_geom" type="mesh"/>
  </body>
  <body name="sphere_normal_15" pos="0 0 0">
    <inertial diaginertia="0.0003971874200176497 0.0003971874200176497 0.0003971874200176497" mass="0.22876906167311215" pos="0 0 0" quat="1 0 0 0"/>
    <freejoint name="sphere_normal_15"/>
    <geom mesh="sphere_normal_15" name="sphere_normal_15_geom" type="mesh"/>
  </body>
  <body name="cylinder_11_fillet_15_normal_2" pos="0 0 0">
    <inertial diaginertia="0.0030481739648437487 0.0030481739648437487 0.0005605041796874997" mass="0.24603749999999994" pos="0 0 0" quat="1 0 0 0"/>
    <freejoint name="cylinder_11_fillet_15_normal_2"/>
    <geom mesh="cylinder_11_fillet_15_normal_2" name="cylinder_11_fillet_15_normal_2_geom" type="mesh"/>
  </body>
  <body name="sphere_normal_112" pos="0 0 0">
    <inertial diaginertia="2.326880059541206e-05 2.326880059541206e-05 2.326880059541206e-05" mass="0.04169312029309992" pos="0 0 0" quat="1 0 0 0"/>
    <freejoint name="sphere_normal_112"/>
    <geom mesh="sphere_normal_112" name="sphere_normal_112_geom" type="mesh"/>
  </body>
  <body name="cuboid_311_fillet_45_normal_8" pos="0 0 0">
    <inertial diaginertia="1.5894571940104164e-05 7.947285970052082e-05 7.947285970052082e-05" mass="0.0244140625" pos="0 0 0" quat="1 0 0 0"/>
    <freejoint name="cuboid_311_fillet_45_normal_8"/>
    <geom mesh="cuboid_311_fillet_45_normal_8" name="cuboid_311_fillet_45_normal_8_geom" type="mesh"/>
  </body>
  <body name="ground" pos="0 0 0">
    <geom name="ground_geom" size="1 1 1" type="plane"/>
  </body>
</mujoco>