<mujoco><body name="sphere_normal_17" pos="0 0 0">
    <inertial diaginertia="0.00037976965964318926 0.00037976965964318926 0.00037976965964318926" mass="0.2226958681050274" pos="0 0 0" quat="1 0 0 0"/>
    <freejoint name="sphere_normal_17"/>
    <geom mesh="sphere_normal_17" name="sphere_normal_17_geom" type="mesh"/>
  </body>
  <body name="cylinder_21_fillet_15_normal_8" pos="0 0 0">
    <inertial diaginertia="0.00017776247395833336 0.00017776247395833336 5.8014531250000016e-05" mass="0.027462500000000004" pos="0 0 0" quat="1 0 0 0"/>
    <freejoint name="cylinder_21_fillet_15_normal_8"/>
    <geom mesh="cylinder_21_fillet_15_normal_8" name="cylinder_21_fillet_15_normal_8_geom" type="mesh"/>
  </body>
  <body name="cuboid_321_fillet_5_normal_4" pos="0 0 0">
    <inertial diaginertia="8.817540105183924e-06 2.29256042734782e-05 1.7635080210367844e-05" mass="0.009893164062500003" pos="0 0 0" quat="0.7071 0.7071 0 0"/>
    <freejoint name="cuboid_321_fillet_5_normal_4"/>
    <geom mesh="cuboid_321_fillet_5_normal_4" name="cuboid_321_fillet_5_normal_4_geom" type="mesh"/>
  </body>
  <body name="cylinder_12_fillet_25_upright_5" pos="0 0 0">
    <inertial diaginertia="0.00034725422716973075 0.00034725422716973075 1.7057253450943056e-05" mass="0.03026909620991253" pos="0 0 0" quat="0 0.01 0 0"/>
    <freejoint name="cylinder_12_fillet_25_upright_5"/>
    <geom mesh="cylinder_12_fillet_25_upright_5" name="cylinder_12_fillet_25_upright_5_geom" type="mesh"/>
  </body>
  <body name="sphere_normal_103" pos="0 0 0">
    <inertial diaginertia="3.2768e-05 3.2768e-05 3.2768e-05" mass="0.051199999999999996" pos="0 0 0" quat="1 0 0 0"/>
    <freejoint name="sphere_normal_103"/>
    <geom mesh="sphere_normal_103" name="sphere_normal_103_geom" type="mesh"/>
  </body>
  <body name="cylinder_13_fillet_15_sideways_10" pos="0 0 0">
    <inertial diaginertia="0.000636178919705842 0.000636178919705842 2.2102724355458288e-05" mass="0.035360750728862966" pos="0 0 0" quat="0.683 0.683 0.183 0.183"/>
    <freejoint name="cylinder_13_fillet_15_sideways_10"/>
    <geom mesh="cylinder_13_fillet_15_sideways_10" name="cylinder_13_fillet_15_sideways_10_geom" type="mesh"/>
  </body>
  <body name="cylinder_21_fillet_25_normal_2" pos="0 0 0">
    <inertial diaginertia="0.0005855613038264688 0.0005855613038264688 0.00024113301564266388" mass="0.06456126093294462" pos="0 0 0" quat="1 0 0 0"/>
    <freejoint name="cylinder_21_fillet_25_normal_2"/>
    <geom mesh="cylinder_21_fillet_25_normal_2" name="cylinder_21_fillet_25_normal_2_geom" type="mesh"/>
  </body>
  <body name="cylinder_21_fillet_5_normal_2" pos="0 0 0">
    <inertial diaginertia="0.0005855613038264688 0.0005855613038264688 0.00024113301564266388" mass="0.06456126093294462" pos="0 0 0" quat="1 0 0 0"/>
    <freejoint name="cylinder_21_fillet_5_normal_2"/>
    <geom mesh="cylinder_21_fillet_5_normal_2" name="cylinder_21_fillet_5_normal_2_geom" type="mesh"/>
  </body>
  <body name="cylinder_14_fillet_15_normal_1" pos="0 0 0">
    <inertial diaginertia="0.0022239056250000005 0.0022239056250000005 7.381125000000003e-05" mass="0.07290000000000002" pos="0 0 0" quat="0.683 0.683 0.183 0.183"/>
    <freejoint name="cylinder_14_fillet_15_normal_1"/>
    <geom mesh="cylinder_14_fillet_15_normal_1" name="cylinder_14_fillet_15_normal_1_geom" type="mesh"/>
  </body>
  <body name="cuboid_211_fillet_15_normal_5" pos="0 0 0">
    <inertial diaginertia="3.9550781250000015e-05 9.887695312500003e-05 9.887695312500003e-05" mass="0.0421875" pos="0 0 0" quat="1 0 0 0"/>
    <freejoint name="cuboid_211_fillet_15_normal_5"/>
    <geom mesh="cuboid_211_fillet_15_normal_5" name="cuboid_211_fillet_15_normal_5_geom" type="mesh"/>
  </body>
  <body name="cuboid_211_fillet_35_normal_9" pos="0 0 0">
    <inertial diaginertia="1.2959999999999998e-05 3.2399999999999995e-05 3.2399999999999995e-05" mass="0.021599999999999998" pos="0 0 0" quat="1 0 0 0"/>
    <freejoint name="cuboid_211_fillet_35_normal_9"/>
    <geom mesh="cuboid_211_fillet_35_normal_9" name="cuboid_211_fillet_35_normal_9_geom" type="mesh"/>
  </body>
  <body name="cuboid_311_fillet_5_thinner_6" pos="0 0 0">
    <inertial diaginertia="4.151882812500001e-05 0.0006112494140625001 0.0006112494140625001" mass="0.05467500000000001" pos="0 0 0" quat="1 0 0 0"/>
    <freejoint name="cuboid_311_fillet_5_thinner_6"/>
    <geom mesh="cuboid_311_fillet_5_thinner_6" name="cuboid_311_fillet_5_thinner_6_geom" type="mesh"/>
  </body>
  <body name="cylinder_12_fillet_25_sideways_2" pos="0 0 0">
    <inertial diaginertia="0.0031177732344038187 0.0031177732344038187 0.0002593253109567441" mass="0.15493906705539354" pos="0 0 0" quat="0.683 0.683 0.183 0.183"/>
    <freejoint name="cylinder_12_fillet_25_sideways_2"/>
    <geom mesh="cylinder_12_fillet_25_sideways_2" name="cylinder_12_fillet_25_sideways_2_geom" type="mesh"/>
  </body>
  <body name="cube_fillet_45_normal_5" pos="0 0 0">
    <inertial diaginertia="0.00036764427837607326 0.00036764427837607326 0.00036764427837607326" mass="0.16074868804664716" pos="0 0 0" quat="1 0 0 0"/>
    <freejoint name="cube_fillet_45_normal_5"/>
    <geom mesh="cube_fillet_45_normal_5" name="cube_fillet_45_normal_5_geom" type="mesh"/>
  </body>
  <body name="cuboid_211_fillet_45_upright_6" pos="0 0 0">
    <inertial diaginertia="1.0475818684895828e-05 2.618954671223957e-05 2.618954671223957e-05" mass="0.019010937499999995" pos="0 0 0" quat="0.707 0 0.707 0"/>
    <freejoint name="cuboid_211_fillet_45_upright_6"/>
    <geom mesh="cuboid_211_fillet_45_upright_6" name="cuboid_211_fillet_45_upright_6_geom" type="mesh"/>
  </body>
  <body name="cylinder_12_fillet_15_upright_3" pos="0 0 0">
    <inertial diaginertia="0.00037796183018980195 0.00037796183018980195 1.8950732432914862e-05" mass="0.032242565597667645" pos="0 0 0" quat="0 0.01 0 0"/>
    <freejoint name="cylinder_12_fillet_15_upright_3"/>
    <geom mesh="cylinder_12_fillet_15_upright_3" name="cylinder_12_fillet_15_upright_3_geom" type="mesh"/>
  </body>
  <body name="sphere_normal_86" pos="0 0 0">
    <inertial diaginertia="5.9048999999999976e-05 5.9048999999999976e-05 5.9048999999999976e-05" mass="0.07289999999999998" pos="0 0 0" quat="1 0 0 0"/>
    <freejoint name="sphere_normal_86"/>
    <geom mesh="sphere_normal_86" name="sphere_normal_86_geom" type="mesh"/>
  </body>
  <body name="sphere_normal_30" pos="0 0 0">
    <inertial diaginertia="0.00028085801601781006 0.00028085801601781006 0.00028085801601781006" mass="0.18581984530836548" pos="0 0 0" quat="1 0 0 0"/>
    <freejoint name="sphere_normal_30"/>
    <geom mesh="sphere_normal_30" name="sphere_normal_30_geom" type="mesh"/>
  </body>
  <body name="cylinder_12_fillet_5_sideways_3" pos="0 0 0">
    <inertial diaginertia="0.002676784433866841 0.002676784433866841 0.00021473005057416554" mass="0.1383533527696793" pos="0 0 0" quat="0.683 0.683 0.183 0.183"/>
    <freejoint name="cylinder_12_fillet_5_sideways_3"/>
    <geom mesh="cylinder_12_fillet_5_sideways_3" name="cylinder_12_fillet_5_sideways_3_geom" type="mesh"/>
  </body>
  <body name="cube_fillet_25_normal_12" pos="0 0 0">
    <inertial diaginertia="4.5533113583625855e-05 4.5533113583625855e-05 4.5533113583625855e-05" mass="0.04590787172011661" pos="0 0 0" quat="1 0 0 0"/>
    <freejoint name="cube_fillet_25_normal_12"/>
    <geom mesh="cube_fillet_25_normal_12" name="cube_fillet_25_normal_12_geom" type="mesh"/>
  </body>
  <body name="ground" pos="0 0 0">
    <geom name="ground_geom" size="1 1 1" type="plane"/>
  </body>
</mujoco>