<?xml version="1.0" ?>
<!-- =================================================================================== -->
<!-- |    This document was autogenerated by xacro from mjcf/mjcf_include/assets.xacro | -->
<!-- |    EDITING THIS FILE BY HAND IS NOT RECOMMENDED                                 | -->
<!-- =================================================================================== -->
<mujoco>
  <!-- 2. Key base macros which build up the xml code snippets -->
  <!-- 3. Looping macros to repeatedly make xml snippets -->
  <!-- 4. Main macro, create code for all objects in yaml file -->
  <mesh file="models/sphere/sphere.STL" name="sphere_normal_120" refquat="1 0 0 0" scale="0.7 0.7 0.7"/>
  <mesh file="models/sphere/sphere.STL" name="sphere_normal_119" refquat="1 0 0 0" scale="0.7058823529411764 0.7058823529411764 0.7058823529411764"/>
  <mesh file="models/sphere/sphere.STL" name="sphere_normal_118" refquat="1 0 0 0" scale="0.7117647058823529 0.7117647058823529 0.7117647058823529"/>
  <mesh file="models/sphere/sphere.STL" name="sphere_normal_117" refquat="1 0 0 0" scale="0.7176470588235293 0.7176470588235293 0.7176470588235293"/>
  <mesh file="models/sphere/sphere.STL" name="sphere_normal_116" refquat="1 0 0 0" scale="0.7235294117647058 0.7235294117647058 0.7235294117647058"/>
  <mesh file="models/sphere/sphere.STL" name="sphere_normal_115" refquat="1 0 0 0" scale="0.7294117647058823 0.7294117647058823 0.7294117647058823"/>
  <mesh file="models/sphere/sphere.STL" name="sphere_normal_114" refquat="1 0 0 0" scale="0.7352941176470588 0.7352941176470588 0.7352941176470588"/>
  <mesh file="models/sphere/sphere.STL" name="sphere_normal_113" refquat="1 0 0 0" scale="0.7411764705882352 0.7411764705882352 0.7411764705882352"/>
  <mesh file="models/sphere/sphere.STL" name="sphere_normal_112" refquat="1 0 0 0" scale="0.7470588235294117 0.7470588235294117 0.7470588235294117"/>
  <mesh file="models/sphere/sphere.STL" name="sphere_normal_111" refquat="1 0 0 0" scale="0.7529411764705881 0.7529411764705881 0.7529411764705881"/>
  <mesh file="models/sphere/sphere.STL" name="sphere_normal_110" refquat="1 0 0 0" scale="0.7588235294117647 0.7588235294117647 0.7588235294117647"/>
  <mesh file="models/sphere/sphere.STL" name="sphere_normal_109" refquat="1 0 0 0" scale="0.7647058823529411 0.7647058823529411 0.7647058823529411"/>
  <mesh file="models/sphere/sphere.STL" name="sphere_normal_108" refquat="1 0 0 0" scale="0.7705882352941176 0.7705882352941176 0.7705882352941176"/>
  <mesh file="models/sphere/sphere.STL" name="sphere_normal_107" refquat="1 0 0 0" scale="0.776470588235294 0.776470588235294 0.776470588235294"/>
  <mesh file="models/sphere/sphere.STL" name="sphere_normal_106" refquat="1 0 0 0" scale="0.7823529411764705 0.7823529411764705 0.7823529411764705"/>
  <mesh file="models/sphere/sphere.STL" name="sphere_normal_105" refquat="1 0 0 0" scale="0.7882352941176469 0.7882352941176469 0.7882352941176469"/>
  <mesh file="models/sphere/sphere.STL" name="sphere_normal_104" refquat="1 0 0 0" scale="0.7941176470588235 0.7941176470588235 0.7941176470588235"/>
  <mesh file="models/sphere/sphere.STL" name="sphere_normal_103" refquat="1 0 0 0" scale="0.7999999999999999 0.7999999999999999 0.7999999999999999"/>
  <mesh file="models/sphere/sphere.STL" name="sphere_normal_102" refquat="1 0 0 0" scale="0.8058823529411764 0.8058823529411764 0.8058823529411764"/>
  <mesh file="models/sphere/sphere.STL" name="sphere_normal_101" refquat="1 0 0 0" scale="0.8117647058823528 0.8117647058823528 0.8117647058823528"/>
  <mesh file="models/sphere/sphere.STL" name="sphere_normal_100" refquat="1 0 0 0" scale="0.8176470588235293 0.8176470588235293 0.8176470588235293"/>
  <mesh file="models/sphere/sphere.STL" name="sphere_normal_99" refquat="1 0 0 0" scale="0.8235294117647058 0.8235294117647058 0.8235294117647058"/>
  <mesh file="models/sphere/sphere.STL" name="sphere_normal_98" refquat="1 0 0 0" scale="0.8294117647058823 0.8294117647058823 0.8294117647058823"/>
  <mesh file="models/sphere/sphere.STL" name="sphere_normal_97" refquat="1 0 0 0" scale="0.8352941176470587 0.8352941176470587 0.8352941176470587"/>
  <mesh file="models/sphere/sphere.STL" name="sphere_normal_96" refquat="1 0 0 0" scale="0.8411764705882352 0.8411764705882352 0.8411764705882352"/>
  <mesh file="models/sphere/sphere.STL" name="sphere_normal_95" refquat="1 0 0 0" scale="0.8470588235294116 0.8470588235294116 0.8470588235294116"/>
  <mesh file="models/sphere/sphere.STL" name="sphere_normal_94" refquat="1 0 0 0" scale="0.8529411764705882 0.8529411764705882 0.8529411764705882"/>
  <mesh file="models/sphere/sphere.STL" name="sphere_normal_93" refquat="1 0 0 0" scale="0.8588235294117647 0.8588235294117647 0.8588235294117647"/>
  <mesh file="models/sphere/sphere.STL" name="sphere_normal_92" refquat="1 0 0 0" scale="0.8647058823529411 0.8647058823529411 0.8647058823529411"/>
  <mesh file="models/sphere/sphere.STL" name="sphere_normal_91" refquat="1 0 0 0" scale="0.8705882352941176 0.8705882352941176 0.8705882352941176"/>
  <mesh file="models/sphere/sphere.STL" name="sphere_normal_90" refquat="1 0 0 0" scale="0.876470588235294 0.876470588235294 0.876470588235294"/>
  <mesh file="models/sphere/sphere.STL" name="sphere_normal_89" refquat="1 0 0 0" scale="0.8823529411764706 0.8823529411764706 0.8823529411764706"/>
  <mesh file="models/sphere/sphere.STL" name="sphere_normal_88" refquat="1 0 0 0" scale="0.888235294117647 0.888235294117647 0.888235294117647"/>
  <mesh file="models/sphere/sphere.STL" name="sphere_normal_87" refquat="1 0 0 0" scale="0.8941176470588235 0.8941176470588235 0.8941176470588235"/>
  <mesh file="models/sphere/sphere.STL" name="sphere_normal_86" refquat="1 0 0 0" scale="0.8999999999999999 0.8999999999999999 0.8999999999999999"/>
  <mesh file="models/sphere/sphere.STL" name="sphere_normal_85" refquat="1 0 0 0" scale="0.9058823529411764 0.9058823529411764 0.9058823529411764"/>
  <mesh file="models/sphere/sphere.STL" name="sphere_normal_84" refquat="1 0 0 0" scale="0.9117647058823528 0.9117647058823528 0.9117647058823528"/>
  <mesh file="models/sphere/sphere.STL" name="sphere_normal_83" refquat="1 0 0 0" scale="0.9176470588235293 0.9176470588235293 0.9176470588235293"/>
  <mesh file="models/sphere/sphere.STL" name="sphere_normal_82" refquat="1 0 0 0" scale="0.9235294117647058 0.9235294117647058 0.9235294117647058"/>
  <mesh file="models/sphere/sphere.STL" name="sphere_normal_81" refquat="1 0 0 0" scale="0.9294117647058823 0.9294117647058823 0.9294117647058823"/>
  <mesh file="models/sphere/sphere.STL" name="sphere_normal_80" refquat="1 0 0 0" scale="0.9352941176470587 0.9352941176470587 0.9352941176470587"/>
  <mesh file="models/sphere/sphere.STL" name="sphere_normal_79" refquat="1 0 0 0" scale="0.9411764705882353 0.9411764705882353 0.9411764705882353"/>
  <mesh file="models/sphere/sphere.STL" name="sphere_normal_78" refquat="1 0 0 0" scale="0.9470588235294117 0.9470588235294117 0.9470588235294117"/>
  <mesh file="models/sphere/sphere.STL" name="sphere_normal_77" refquat="1 0 0 0" scale="0.9529411764705882 0.9529411764705882 0.9529411764705882"/>
  <mesh file="models/sphere/sphere.STL" name="sphere_normal_76" refquat="1 0 0 0" scale="0.9588235294117646 0.9588235294117646 0.9588235294117646"/>
  <mesh file="models/sphere/sphere.STL" name="sphere_normal_75" refquat="1 0 0 0" scale="0.9647058823529411 0.9647058823529411 0.9647058823529411"/>
  <mesh file="models/sphere/sphere.STL" name="sphere_normal_74" refquat="1 0 0 0" scale="0.9705882352941175 0.9705882352941175 0.9705882352941175"/>
  <mesh file="models/sphere/sphere.STL" name="sphere_normal_73" refquat="1 0 0 0" scale="0.976470588235294 0.976470588235294 0.976470588235294"/>
  <mesh file="models/sphere/sphere.STL" name="sphere_normal_72" refquat="1 0 0 0" scale="0.9823529411764704 0.9823529411764704 0.9823529411764704"/>
  <mesh file="models/sphere/sphere.STL" name="sphere_normal_71" refquat="1 0 0 0" scale="0.988235294117647 0.988235294117647 0.988235294117647"/>
  <mesh file="models/sphere/sphere.STL" name="sphere_normal_70" refquat="1 0 0 0" scale="0.9941176470588234 0.9941176470588234 0.9941176470588234"/>
  <mesh file="models/sphere/sphere.STL" name="sphere_normal_69" refquat="1 0 0 0" scale="0.9999999999999999 0.9999999999999999 0.9999999999999999"/>
  <mesh file="models/sphere/sphere.STL" name="sphere_normal_68" refquat="1 0 0 0" scale="1.0058823529411764 1.0058823529411764 1.0058823529411764"/>
  <mesh file="models/sphere/sphere.STL" name="sphere_normal_67" refquat="1 0 0 0" scale="1.011764705882353 1.011764705882353 1.011764705882353"/>
  <mesh file="models/sphere/sphere.STL" name="sphere_normal_66" refquat="1 0 0 0" scale="1.0176470588235293 1.0176470588235293 1.0176470588235293"/>
  <mesh file="models/sphere/sphere.STL" name="sphere_normal_65" refquat="1 0 0 0" scale="1.0235294117647058 1.0235294117647058 1.0235294117647058"/>
  <mesh file="models/sphere/sphere.STL" name="sphere_normal_64" refquat="1 0 0 0" scale="1.0294117647058822 1.0294117647058822 1.0294117647058822"/>
  <mesh file="models/sphere/sphere.STL" name="sphere_normal_63" refquat="1 0 0 0" scale="1.0352941176470587 1.0352941176470587 1.0352941176470587"/>
  <mesh file="models/sphere/sphere.STL" name="sphere_normal_62" refquat="1 0 0 0" scale="1.0411764705882351 1.0411764705882351 1.0411764705882351"/>
  <mesh file="models/sphere/sphere.STL" name="sphere_normal_61" refquat="1 0 0 0" scale="1.0470588235294116 1.0470588235294116 1.0470588235294116"/>
  <mesh file="models/sphere/sphere.STL" name="sphere_normal_60" refquat="1 0 0 0" scale="1.052941176470588 1.052941176470588 1.052941176470588"/>
  <mesh file="models/sphere/sphere.STL" name="sphere_normal_59" refquat="1 0 0 0" scale="1.0588235294117645 1.0588235294117645 1.0588235294117645"/>
  <mesh file="models/sphere/sphere.STL" name="sphere_normal_58" refquat="1 0 0 0" scale="1.0647058823529412 1.0647058823529412 1.0647058823529412"/>
  <mesh file="models/sphere/sphere.STL" name="sphere_normal_57" refquat="1 0 0 0" scale="1.0705882352941176 1.0705882352941176 1.0705882352941176"/>
  <mesh file="models/sphere/sphere.STL" name="sphere_normal_56" refquat="1 0 0 0" scale="1.076470588235294 1.076470588235294 1.076470588235294"/>
  <mesh file="models/sphere/sphere.STL" name="sphere_normal_55" refquat="1 0 0 0" scale="1.0823529411764705 1.0823529411764705 1.0823529411764705"/>
  <mesh file="models/sphere/sphere.STL" name="sphere_normal_54" refquat="1 0 0 0" scale="1.088235294117647 1.088235294117647 1.088235294117647"/>
  <mesh file="models/sphere/sphere.STL" name="sphere_normal_53" refquat="1 0 0 0" scale="1.0941176470588234 1.0941176470588234 1.0941176470588234"/>
  <mesh file="models/sphere/sphere.STL" name="sphere_normal_52" refquat="1 0 0 0" scale="1.0999999999999999 1.0999999999999999 1.0999999999999999"/>
  <mesh file="models/sphere/sphere.STL" name="sphere_normal_51" refquat="1 0 0 0" scale="1.1058823529411763 1.1058823529411763 1.1058823529411763"/>
  <mesh file="models/sphere/sphere.STL" name="sphere_normal_50" refquat="1 0 0 0" scale="1.111764705882353 1.111764705882353 1.111764705882353"/>
  <mesh file="models/sphere/sphere.STL" name="sphere_normal_49" refquat="1 0 0 0" scale="1.1176470588235294 1.1176470588235294 1.1176470588235294"/>
  <mesh file="models/sphere/sphere.STL" name="sphere_normal_48" refquat="1 0 0 0" scale="1.1235294117647059 1.1235294117647059 1.1235294117647059"/>
  <mesh file="models/sphere/sphere.STL" name="sphere_normal_47" refquat="1 0 0 0" scale="1.1294117647058823 1.1294117647058823 1.1294117647058823"/>
  <mesh file="models/sphere/sphere.STL" name="sphere_normal_46" refquat="1 0 0 0" scale="1.1352941176470588 1.1352941176470588 1.1352941176470588"/>
  <mesh file="models/sphere/sphere.STL" name="sphere_normal_45" refquat="1 0 0 0" scale="1.1411764705882352 1.1411764705882352 1.1411764705882352"/>
  <mesh file="models/sphere/sphere.STL" name="sphere_normal_44" refquat="1 0 0 0" scale="1.1470588235294117 1.1470588235294117 1.1470588235294117"/>
  <mesh file="models/sphere/sphere.STL" name="sphere_normal_43" refquat="1 0 0 0" scale="1.1529411764705881 1.1529411764705881 1.1529411764705881"/>
  <mesh file="models/sphere/sphere.STL" name="sphere_normal_42" refquat="1 0 0 0" scale="1.1588235294117646 1.1588235294117646 1.1588235294117646"/>
  <mesh file="models/sphere/sphere.STL" name="sphere_normal_41" refquat="1 0 0 0" scale="1.164705882352941 1.164705882352941 1.164705882352941"/>
  <mesh file="models/sphere/sphere.STL" name="sphere_normal_40" refquat="1 0 0 0" scale="1.1705882352941175 1.1705882352941175 1.1705882352941175"/>
  <mesh file="models/sphere/sphere.STL" name="sphere_normal_39" refquat="1 0 0 0" scale="1.176470588235294 1.176470588235294 1.176470588235294"/>
  <mesh file="models/sphere/sphere.STL" name="sphere_normal_38" refquat="1 0 0 0" scale="1.1823529411764704 1.1823529411764704 1.1823529411764704"/>
  <mesh file="models/sphere/sphere.STL" name="sphere_normal_37" refquat="1 0 0 0" scale="1.188235294117647 1.188235294117647 1.188235294117647"/>
  <mesh file="models/sphere/sphere.STL" name="sphere_normal_36" refquat="1 0 0 0" scale="1.1941176470588235 1.1941176470588235 1.1941176470588235"/>
  <mesh file="models/sphere/sphere.STL" name="sphere_normal_35" refquat="1 0 0 0" scale="1.2 1.2 1.2"/>
  <mesh file="models/sphere/sphere.STL" name="sphere_normal_34" refquat="1 0 0 0" scale="1.2058823529411764 1.2058823529411764 1.2058823529411764"/>
  <mesh file="models/sphere/sphere.STL" name="sphere_normal_33" refquat="1 0 0 0" scale="1.2117647058823529 1.2117647058823529 1.2117647058823529"/>
  <mesh file="models/sphere/sphere.STL" name="sphere_normal_32" refquat="1 0 0 0" scale="1.2176470588235293 1.2176470588235293 1.2176470588235293"/>
  <mesh file="models/sphere/sphere.STL" name="sphere_normal_31" refquat="1 0 0 0" scale="1.2235294117647058 1.2235294117647058 1.2235294117647058"/>
  <mesh file="models/sphere/sphere.STL" name="sphere_normal_30" refquat="1 0 0 0" scale="1.2294117647058822 1.2294117647058822 1.2294117647058822"/>
  <mesh file="models/sphere/sphere.STL" name="sphere_normal_29" refquat="1 0 0 0" scale="1.2352941176470587 1.2352941176470587 1.2352941176470587"/>
  <mesh file="models/sphere/sphere.STL" name="sphere_normal_28" refquat="1 0 0 0" scale="1.2411764705882353 1.2411764705882353 1.2411764705882353"/>
  <mesh file="models/sphere/sphere.STL" name="sphere_normal_27" refquat="1 0 0 0" scale="1.2470588235294118 1.2470588235294118 1.2470588235294118"/>
  <mesh file="models/sphere/sphere.STL" name="sphere_normal_26" refquat="1 0 0 0" scale="1.2529411764705882 1.2529411764705882 1.2529411764705882"/>
  <mesh file="models/sphere/sphere.STL" name="sphere_normal_25" refquat="1 0 0 0" scale="1.2588235294117647 1.2588235294117647 1.2588235294117647"/>
  <mesh file="models/sphere/sphere.STL" name="sphere_normal_24" refquat="1 0 0 0" scale="1.2647058823529411 1.2647058823529411 1.2647058823529411"/>
  <mesh file="models/sphere/sphere.STL" name="sphere_normal_23" refquat="1 0 0 0" scale="1.2705882352941176 1.2705882352941176 1.2705882352941176"/>
  <mesh file="models/sphere/sphere.STL" name="sphere_normal_22" refquat="1 0 0 0" scale="1.276470588235294 1.276470588235294 1.276470588235294"/>
  <mesh file="models/sphere/sphere.STL" name="sphere_normal_21" refquat="1 0 0 0" scale="1.2823529411764705 1.2823529411764705 1.2823529411764705"/>
  <mesh file="models/sphere/sphere.STL" name="sphere_normal_20" refquat="1 0 0 0" scale="1.288235294117647 1.288235294117647 1.288235294117647"/>
  <mesh file="models/sphere/sphere.STL" name="sphere_normal_19" refquat="1 0 0 0" scale="1.2941176470588234 1.2941176470588234 1.2941176470588234"/>
  <mesh file="models/sphere/sphere.STL" name="sphere_normal_18" refquat="1 0 0 0" scale="1.2999999999999998 1.2999999999999998 1.2999999999999998"/>
  <mesh file="models/sphere/sphere.STL" name="sphere_normal_17" refquat="1 0 0 0" scale="1.3058823529411763 1.3058823529411763 1.3058823529411763"/>
  <mesh file="models/sphere/sphere.STL" name="sphere_normal_16" refquat="1 0 0 0" scale="1.311764705882353 1.311764705882353 1.311764705882353"/>
  <mesh file="models/sphere/sphere.STL" name="sphere_normal_15" refquat="1 0 0 0" scale="1.3176470588235294 1.3176470588235294 1.3176470588235294"/>
  <mesh file="models/sphere/sphere.STL" name="sphere_normal_14" refquat="1 0 0 0" scale="1.3235294117647058 1.3235294117647058 1.3235294117647058"/>
  <mesh file="models/sphere/sphere.STL" name="sphere_normal_13" refquat="1 0 0 0" scale="1.3294117647058823 1.3294117647058823 1.3294117647058823"/>
  <mesh file="models/sphere/sphere.STL" name="sphere_normal_12" refquat="1 0 0 0" scale="1.3352941176470587 1.3352941176470587 1.3352941176470587"/>
  <mesh file="models/sphere/sphere.STL" name="sphere_normal_11" refquat="1 0 0 0" scale="1.3411764705882352 1.3411764705882352 1.3411764705882352"/>
  <mesh file="models/sphere/sphere.STL" name="sphere_normal_10" refquat="1 0 0 0" scale="1.3470588235294116 1.3470588235294116 1.3470588235294116"/>
  <mesh file="models/sphere/sphere.STL" name="sphere_normal_9" refquat="1 0 0 0" scale="1.352941176470588 1.352941176470588 1.352941176470588"/>
  <mesh file="models/sphere/sphere.STL" name="sphere_normal_8" refquat="1 0 0 0" scale="1.3588235294117645 1.3588235294117645 1.3588235294117645"/>
  <mesh file="models/sphere/sphere.STL" name="sphere_normal_7" refquat="1 0 0 0" scale="1.364705882352941 1.364705882352941 1.364705882352941"/>
  <mesh file="models/sphere/sphere.STL" name="sphere_normal_6" refquat="1 0 0 0" scale="1.3705882352941177 1.3705882352941177 1.3705882352941177"/>
  <mesh file="models/sphere/sphere.STL" name="sphere_normal_5" refquat="1 0 0 0" scale="1.3764705882352941 1.3764705882352941 1.3764705882352941"/>
  <mesh file="models/sphere/sphere.STL" name="sphere_normal_4" refquat="1 0 0 0" scale="1.3823529411764706 1.3823529411764706 1.3823529411764706"/>
  <mesh file="models/sphere/sphere.STL" name="sphere_normal_3" refquat="1 0 0 0" scale="1.388235294117647 1.388235294117647 1.388235294117647"/>
  <mesh file="models/sphere/sphere.STL" name="sphere_normal_2" refquat="1 0 0 0" scale="1.3941176470588235 1.3941176470588235 1.3941176470588235"/>
  <mesh file="models/sphere/sphere.STL" name="sphere_normal_1" refquat="1 0 0 0" scale="1.4 1.4 1.4"/>
</mujoco>

