<?xml version="1.0" ?>
<!-- =================================================================================== -->
<!-- |    This document was autogenerated by xacro from mjcf/mjcf_include/objects.xacro | -->
<!-- |    EDITING THIS FILE BY HAND IS NOT RECOMMENDED                                 | -->
<!-- =================================================================================== -->
<mujoco>
  <!-- 2. Key base macros which build up the xml code snippets -->
  <!-- 3. Looping macros to repeatedly make xml snippets -->
  <!-- 4. Main macro, create code for all objects in yaml file -->
  <body name="sphere_normal_120" pos="0 0 0">
    <inertial diaginertia="1.6806999999999997e-05 1.6806999999999997e-05 1.6806999999999997e-05" mass="0.0343" pos="0 0 0" quat="1 0 0 0"/>
    <freejoint name="sphere_normal_120"/>
    <geom mesh="sphere_normal_120" name="sphere_normal_120_geom" type="mesh"/>
  </body>
  <body name="sphere_normal_119" pos="0 0 0">
    <inertial diaginertia="1.7525145137855428e-05 1.7525145137855428e-05 1.7525145137855428e-05" mass="0.03517199267250152" pos="0 0 0" quat="1 0 0 0"/>
    <freejoint name="sphere_normal_119"/>
    <geom mesh="sphere_normal_119" name="sphere_normal_119_geom" type="mesh"/>
  </body>
  <body name="sphere_normal_118" pos="0 0 0">
    <inertial diaginertia="1.826763160022452e-05 1.826763160022452e-05 1.826763160022452e-05" mass="0.036058640341949916" pos="0 0 0" quat="1 0 0 0"/>
    <freejoint name="sphere_normal_118"/>
    <geom mesh="sphere_normal_118" name="sphere_normal_118_geom" type="mesh"/>
  </body>
  <body name="sphere_normal_117" pos="0 0 0">
    <inertial diaginertia="1.903507299115333e-05 1.903507299115333e-05 1.903507299115333e-05" mass="0.03696006513331975" pos="0 0 0" quat="1 0 0 0"/>
    <freejoint name="sphere_normal_117"/>
    <geom mesh="sphere_normal_117" name="sphere_normal_117_geom" type="mesh"/>
  </body>
  <body name="sphere_normal_116" pos="0 0 0">
    <inertial diaginertia="1.9828093141069822e-05 1.9828093141069822e-05 1.9828093141069822e-05" mass="0.03787638917158557" pos="0 0 0" quat="1 0 0 0"/>
    <freejoint name="sphere_normal_116"/>
    <geom mesh="sphere_normal_116" name="sphere_normal_116_geom" type="mesh"/>
  </body>
  <body name="sphere_normal_115" pos="0 0 0">
    <inertial diaginertia="2.0647326191299537e-05 2.0647326191299537e-05 2.0647326191299537e-05" mass="0.03880773458172195" pos="0 0 0" quat="1 0 0 0"/>
    <freejoint name="sphere_normal_115"/>
    <geom mesh="sphere_normal_115" name="sphere_normal_115_geom" type="mesh"/>
  </body>
  <body name="sphere_normal_114" pos="0 0 0">
    <inertial diaginertia="2.1493416678581012e-05 2.1493416678581012e-05 2.1493416678581012e-05" mass="0.03975422348870343" pos="0 0 0" quat="1 0 0 0"/>
    <freejoint name="sphere_normal_114"/>
    <geom mesh="sphere_normal_114" name="sphere_normal_114_geom" type="mesh"/>
  </body>
  <body name="sphere_normal_113" pos="0 0 0">
    <inertial diaginertia="2.23670196195814e-05 2.23670196195814e-05 2.23670196195814e-05" mass="0.04071597801750457" pos="0 0 0" quat="1 0 0 0"/>
    <freejoint name="sphere_normal_113"/>
    <geom mesh="sphere_normal_113" name="sphere_normal_113_geom" type="mesh"/>
  </body>
  <body name="sphere_normal_112" pos="0 0 0">
    <inertial diaginertia="2.326880059541206e-05 2.326880059541206e-05 2.326880059541206e-05" mass="0.04169312029309992" pos="0 0 0" quat="1 0 0 0"/>
    <freejoint name="sphere_normal_112"/>
    <geom mesh="sphere_normal_112" name="sphere_normal_112_geom" type="mesh"/>
  </body>
  <body name="sphere_normal_111" pos="0 0 0">
    <inertial diaginertia="2.419943583614405e-05 2.419943583614405e-05 2.419943583614405e-05" mass="0.04268577244046406" pos="0 0 0" quat="1 0 0 0"/>
    <freejoint name="sphere_normal_111"/>
    <geom mesh="sphere_normal_111" name="sphere_normal_111_geom" type="mesh"/>
  </body>
  <body name="sphere_normal_110" pos="0 0 0">
    <inertial diaginertia="2.51596123053237e-05 2.51596123053237e-05 2.51596123053237e-05" mass="0.04369405658457154" pos="0 0 0" quat="1 0 0 0"/>
    <freejoint name="sphere_normal_110"/>
    <geom mesh="sphere_normal_110" name="sphere_normal_110_geom" type="mesh"/>
  </body>
  <body name="sphere_normal_109" pos="0 0 0">
    <inertial diaginertia="2.6150027784488162e-05 2.6150027784488162e-05 2.6150027784488162e-05" mass="0.044718094850396906" pos="0 0 0" quat="1 0 0 0"/>
    <freejoint name="sphere_normal_109"/>
    <geom mesh="sphere_normal_109" name="sphere_normal_109_geom" type="mesh"/>
  </body>
  <body name="sphere_normal_108" pos="0 0 0">
    <inertial diaginertia="2.7171390957680947e-05 2.7171390957680947e-05 2.7171390957680947e-05" mass="0.04575800936291471" pos="0 0 0" quat="1 0 0 0"/>
    <freejoint name="sphere_normal_108"/>
    <geom mesh="sphere_normal_108" name="sphere_normal_108_geom" type="mesh"/>
  </body>
  <body name="sphere_normal_107" pos="0 0 0">
    <inertial diaginertia="2.8224421495967536e-05 2.8224421495967536e-05 2.8224421495967536e-05" mass="0.046813922247099515" pos="0 0 0" quat="1 0 0 0"/>
    <freejoint name="sphere_normal_107"/>
    <geom mesh="sphere_normal_107" name="sphere_normal_107_geom" type="mesh"/>
  </body>
  <body name="sphere_normal_106" pos="0 0 0">
    <inertial diaginertia="2.9309850141950906e-05 2.9309850141950906e-05 2.9309850141950906e-05" mass="0.04788595562792589" pos="0 0 0" quat="1 0 0 0"/>
    <freejoint name="sphere_normal_106"/>
    <geom mesh="sphere_normal_106" name="sphere_normal_106_geom" type="mesh"/>
  </body>
  <body name="sphere_normal_105" pos="0 0 0">
    <inertial diaginertia="3.042841879428701e-05 3.042841879428701e-05 3.042841879428701e-05" mass="0.04897423163036838" pos="0 0 0" quat="1 0 0 0"/>
    <freejoint name="sphere_normal_105"/>
    <geom mesh="sphere_normal_105" name="sphere_normal_105_geom" type="mesh"/>
  </body>
  <body name="sphere_normal_104" pos="0 0 0">
    <inertial diaginertia="3.1580880592200476e-05 3.1580880592200476e-05 3.1580880592200476e-05" mass="0.05007887237940158" pos="0 0 0" quat="1 0 0 0"/>
    <freejoint name="sphere_normal_104"/>
    <geom mesh="sphere_normal_104" name="sphere_normal_104_geom" type="mesh"/>
  </body>
  <body name="sphere_normal_103" pos="0 0 0">
    <inertial diaginertia="3.2768e-05 3.2768e-05 3.2768e-05" mass="0.051199999999999996" pos="0 0 0" quat="1 0 0 0"/>
    <freejoint name="sphere_normal_103"/>
    <geom mesh="sphere_normal_103" name="sphere_normal_103_geom" type="mesh"/>
  </body>
  <body name="sphere_normal_102" pos="0 0 0">
    <inertial diaginertia="3.3990552891594e-05 3.3990552891594e-05 3.3990552891594e-05" mass="0.052337736617138184" pos="0 0 0" quat="1 0 0 0"/>
    <freejoint name="sphere_normal_102"/>
    <geom mesh="sphere_normal_102" name="sphere_normal_102_geom" type="mesh"/>
  </body>
  <body name="sphere_normal_101" pos="0 0 0">
    <inertial diaginertia="3.5249326635006193e-05 3.5249326635006193e-05 3.5249326635006193e-05" mass="0.05349220435579074" pos="0 0 0" quat="1 0 0 0"/>
    <freejoint name="sphere_normal_101"/>
    <geom mesh="sphere_normal_101" name="sphere_normal_101_geom" type="mesh"/>
  </body>
  <body name="sphere_normal_100" pos="0 0 0">
    <inertial diaginertia="3.654512017689104e-05 3.654512017689104e-05 3.654512017689104e-05" mass="0.054663525340932204" pos="0 0 0" quat="1 0 0 0"/>
    <freejoint name="sphere_normal_100"/>
    <geom mesh="sphere_normal_100" name="sphere_normal_100_geom" type="mesh"/>
  </body>
  <body name="sphere_normal_99" pos="0 0 0">
    <inertial diaginertia="3.7878744127049413e-05 3.7878744127049413e-05 3.7878744127049413e-05" mass="0.05585182169753714" pos="0 0 0" quat="1 0 0 0"/>
    <freejoint name="sphere_normal_99"/>
    <geom mesh="sphere_normal_99" name="sphere_normal_99_geom" type="mesh"/>
  </body>
  <body name="sphere_normal_98" pos="0 0 0">
    <inertial diaginertia="3.925102084294405e-05 3.925102084294405e-05 3.925102084294405e-05" mass="0.05705721555058009" pos="0 0 0" quat="1 0 0 0"/>
    <freejoint name="sphere_normal_98"/>
    <geom mesh="sphere_normal_98" name="sphere_normal_98_geom" type="mesh"/>
  </body>
  <body name="sphere_normal_97" pos="0 0 0">
    <inertial diaginertia="4.066278451421515e-05 4.066278451421515e-05 4.066278451421515e-05" mass="0.058279829025035604" pos="0 0 0" quat="1 0 0 0"/>
    <freejoint name="sphere_normal_97"/>
    <geom mesh="sphere_normal_97" name="sphere_normal_97_geom" type="mesh"/>
  </body>
  <body name="sphere_normal_96" pos="0 0 0">
    <inertial diaginertia="4.2114881247195995e-05 4.2114881247195995e-05 4.2114881247195995e-05" mass="0.059519784245878254" pos="0 0 0" quat="1 0 0 0"/>
    <freejoint name="sphere_normal_96"/>
    <geom mesh="sphere_normal_96" name="sphere_normal_96_geom" type="mesh"/>
  </body>
  <body name="sphere_normal_95" pos="0 0 0">
    <inertial diaginertia="4.360816914942841e-05 4.360816914942841e-05 4.360816914942841e-05" mass="0.06077720333808262" pos="0 0 0" quat="1 0 0 0"/>
    <freejoint name="sphere_normal_95"/>
    <geom mesh="sphere_normal_95" name="sphere_normal_95_geom" type="mesh"/>
  </body>
  <body name="sphere_normal_94" pos="0 0 0">
    <inertial diaginertia="4.514351841417834e-05 4.514351841417834e-05 4.514351841417834e-05" mass="0.06205220842662325" pos="0 0 0" quat="1 0 0 0"/>
    <freejoint name="sphere_normal_94"/>
    <geom mesh="sphere_normal_94" name="sphere_normal_94_geom" type="mesh"/>
  </body>
  <body name="sphere_normal_93" pos="0 0 0">
    <inertial diaginertia="4.6721811404951335e-05 4.6721811404951335e-05 4.6721811404951335e-05" mass="0.06334492163647465" pos="0 0 0" quat="1 0 0 0"/>
    <freejoint name="sphere_normal_93"/>
    <geom mesh="sphere_normal_93" name="sphere_normal_93_geom" type="mesh"/>
  </body>
  <body name="sphere_normal_92" pos="0 0 0">
    <inertial diaginertia="4.834394274000832e-05 4.834394274000832e-05 4.834394274000832e-05" mass="0.06465546509261143" pos="0 0 0" quat="1 0 0 0"/>
    <freejoint name="sphere_normal_92"/>
    <geom mesh="sphere_normal_92" name="sphere_normal_92_geom" type="mesh"/>
  </body>
  <body name="sphere_normal_91" pos="0 0 0">
    <inertial diaginertia="5.001081937688089e-05 5.001081937688089e-05 5.001081937688089e-05" mass="0.06598396092000812" pos="0 0 0" quat="1 0 0 0"/>
    <freejoint name="sphere_normal_91"/>
    <geom mesh="sphere_normal_91" name="sphere_normal_91_geom" type="mesh"/>
  </body>
  <body name="sphere_normal_90" pos="0 0 0">
    <inertial diaginertia="5.1723360696887064e-05 5.1723360696887064e-05 5.1723360696887064e-05" mass="0.0673305312436393" pos="0 0 0" quat="1 0 0 0"/>
    <freejoint name="sphere_normal_90"/>
    <geom mesh="sphere_normal_90" name="sphere_normal_90_geom" type="mesh"/>
  </body>
  <body name="sphere_normal_89" pos="0 0 0">
    <inertial diaginertia="5.348249858964671e-05 5.348249858964671e-05 5.348249858964671e-05" mass="0.06869529818847954" pos="0 0 0" quat="1 0 0 0"/>
    <freejoint name="sphere_normal_89"/>
    <geom mesh="sphere_normal_89" name="sphere_normal_89_geom" type="mesh"/>
  </body>
  <body name="sphere_normal_88" pos="0 0 0">
    <inertial diaginertia="5.5289177537597097e-05 5.5289177537597097e-05 5.5289177537597097e-05" mass="0.07007838387950335" pos="0 0 0" quat="1 0 0 0"/>
    <freejoint name="sphere_normal_88"/>
    <geom mesh="sphere_normal_88" name="sphere_normal_88_geom" type="mesh"/>
  </body>
  <body name="sphere_normal_87" pos="0 0 0">
    <inertial diaginertia="5.714435470050858e-05 5.714435470050858e-05 5.714435470050858e-05" mass="0.07147991044168532" pos="0 0 0" quat="1 0 0 0"/>
    <freejoint name="sphere_normal_87"/>
    <geom mesh="sphere_normal_87" name="sphere_normal_87_geom" type="mesh"/>
  </body>
  <body name="sphere_normal_86" pos="0 0 0">
    <inertial diaginertia="5.9048999999999976e-05 5.9048999999999976e-05 5.9048999999999976e-05" mass="0.07289999999999998" pos="0 0 0" quat="1 0 0 0"/>
    <freejoint name="sphere_normal_86"/>
    <geom mesh="sphere_normal_86" name="sphere_normal_86_geom" type="mesh"/>
  </body>
  <body name="sphere_normal_85" pos="0 0 0">
    <inertial diaginertia="6.1004096204054326e-05 6.1004096204054326e-05 6.1004096204054326e-05" mass="0.07433877467942192" pos="0 0 0" quat="1 0 0 0"/>
    <freejoint name="sphere_normal_85"/>
    <geom mesh="sphere_normal_85" name="sphere_normal_85_geom" type="mesh"/>
  </body>
  <body name="sphere_normal_84" pos="0 0 0">
    <inertial diaginertia="6.301063901153423e-05 6.301063901153423e-05 6.301063901153423e-05" mass="0.07579635660492567" pos="0 0 0" quat="1 0 0 0"/>
    <freejoint name="sphere_normal_84"/>
    <geom mesh="sphere_normal_84" name="sphere_normal_84_geom" type="mesh"/>
  </body>
  <body name="sphere_normal_83" pos="0 0 0">
    <inertial diaginertia="6.506963713669752e-05 6.506963713669752e-05 6.506963713669752e-05" mass="0.07727286790148581" pos="0 0 0" quat="1 0 0 0"/>
    <freejoint name="sphere_normal_83"/>
    <geom mesh="sphere_normal_83" name="sphere_normal_83_geom" type="mesh"/>
  </body>
  <body name="sphere_normal_82" pos="0 0 0">
    <inertial diaginertia="6.718211239371288e-05 6.718211239371288e-05 6.718211239371288e-05" mass="0.07876843069407692" pos="0 0 0" quat="1 0 0 0"/>
    <freejoint name="sphere_normal_82"/>
    <geom mesh="sphere_normal_82" name="sphere_normal_82_geom" type="mesh"/>
  </body>
  <body name="sphere_normal_81" pos="0 0 0">
    <inertial diaginertia="6.934909978117512e-05 6.934909978117512e-05 6.934909978117512e-05" mass="0.0802831671076735" pos="0 0 0" quat="1 0 0 0"/>
    <freejoint name="sphere_normal_81"/>
    <geom mesh="sphere_normal_81" name="sphere_normal_81_geom" type="mesh"/>
  </body>
  <body name="sphere_normal_80" pos="0 0 0">
    <inertial diaginertia="7.15716475666211e-05 7.15716475666211e-05 7.15716475666211e-05" mass="0.08181719926725012" pos="0 0 0" quat="1 0 0 0"/>
    <freejoint name="sphere_normal_80"/>
    <geom mesh="sphere_normal_80" name="sphere_normal_80_geom" type="mesh"/>
  </body>
  <body name="sphere_normal_79" pos="0 0 0">
    <inertial diaginertia="7.385081737104511e-05 7.385081737104511e-05 7.385081737104511e-05" mass="0.08337064929778139" pos="0 0 0" quat="1 0 0 0"/>
    <freejoint name="sphere_normal_79"/>
    <geom mesh="sphere_normal_79" name="sphere_normal_79_geom" type="mesh"/>
  </body>
  <body name="sphere_normal_78" pos="0 0 0">
    <inertial diaginertia="7.618768425341429e-05 7.618768425341429e-05 7.618768425341429e-05" mass="0.08494363932424182" pos="0 0 0" quat="1 0 0 0"/>
    <freejoint name="sphere_normal_78"/>
    <geom mesh="sphere_normal_78" name="sphere_normal_78_geom" type="mesh"/>
  </body>
  <body name="sphere_normal_77" pos="0 0 0">
    <inertial diaginertia="7.85833367951843e-05 7.85833367951843e-05 7.85833367951843e-05" mass="0.08653629147160594" pos="0 0 0" quat="1 0 0 0"/>
    <freejoint name="sphere_normal_77"/>
    <geom mesh="sphere_normal_77" name="sphere_normal_77_geom" type="mesh"/>
  </body>
  <body name="sphere_normal_76" pos="0 0 0">
    <inertial diaginertia="8.103887718481509e-05 8.103887718481509e-05 8.103887718481509e-05" mass="0.08814872786484836" pos="0 0 0" quat="1 0 0 0"/>
    <freejoint name="sphere_normal_76"/>
    <geom mesh="sphere_normal_76" name="sphere_normal_76_geom" type="mesh"/>
  </body>
  <body name="sphere_normal_75" pos="0 0 0">
    <inertial diaginertia="8.355542130228605e-05 8.355542130228605e-05 8.355542130228605e-05" mass="0.0897810706289436" pos="0 0 0" quat="1 0 0 0"/>
    <freejoint name="sphere_normal_75"/>
    <geom mesh="sphere_normal_75" name="sphere_normal_75_geom" type="mesh"/>
  </body>
  <body name="sphere_normal_74" pos="0 0 0">
    <inertial diaginertia="8.613409880361186e-05 8.613409880361186e-05 8.613409880361186e-05" mass="0.09143344188886623" pos="0 0 0" quat="1 0 0 0"/>
    <freejoint name="sphere_normal_74"/>
    <geom mesh="sphere_normal_74" name="sphere_normal_74_geom" type="mesh"/>
  </body>
  <body name="sphere_normal_73" pos="0 0 0">
    <inertial diaginertia="8.877605320535796e-05 8.877605320535796e-05 8.877605320535796e-05" mass="0.09310596376959085" pos="0 0 0" quat="1 0 0 0"/>
    <freejoint name="sphere_normal_73"/>
    <geom mesh="sphere_normal_73" name="sphere_normal_73_geom" type="mesh"/>
  </body>
  <body name="sphere_normal_72" pos="0 0 0">
    <inertial diaginertia="9.148244196915598e-05 9.148244196915598e-05 9.148244196915598e-05" mass="0.09479875839609195" pos="0 0 0" quat="1 0 0 0"/>
    <freejoint name="sphere_normal_72"/>
    <geom mesh="sphere_normal_72" name="sphere_normal_72_geom" type="mesh"/>
  </body>
  <body name="sphere_normal_71" pos="0 0 0">
    <inertial diaginertia="9.425443658621958e-05 9.425443658621958e-05 9.425443658621958e-05" mass="0.09651194789334418" pos="0 0 0" quat="1 0 0 0"/>
    <freejoint name="sphere_normal_71"/>
    <geom mesh="sphere_normal_71" name="sphere_normal_71_geom" type="mesh"/>
  </body>
  <body name="sphere_normal_70" pos="0 0 0">
    <inertial diaginertia="9.709322266185959e-05 9.709322266185959e-05 9.709322266185959e-05" mass="0.09824565438632198" pos="0 0 0" quat="1 0 0 0"/>
    <freejoint name="sphere_normal_70"/>
    <geom mesh="sphere_normal_70" name="sphere_normal_70_geom" type="mesh"/>
  </body>
  <body name="sphere_normal_69" pos="0 0 0">
    <inertial diaginertia="9.999999999999995e-05 9.999999999999995e-05 9.999999999999995e-05" mass="0.09999999999999996" pos="0 0 0" quat="1 0 0 0"/>
    <freejoint name="sphere_normal_69"/>
    <geom mesh="sphere_normal_69" name="sphere_normal_69_geom" type="mesh"/>
  </body>
  <body name="sphere_normal_68" pos="0 0 0">
    <inertial diaginertia="0.0001029759826876932 0.0001029759826876932 0.0001029759826876932" mass="0.10177510685935273" pos="0 0 0" quat="1 0 0 0"/>
    <freejoint name="sphere_normal_68"/>
    <geom mesh="sphere_normal_68" name="sphere_normal_68_geom" type="mesh"/>
  </body>
  <body name="sphere_normal_67" pos="0 0 0">
    <inertial diaginertia="0.00010602239917963569 0.00010602239917963569 0.00010602239917963569" mass="0.10357109708935476" pos="0 0 0" quat="1 0 0 0"/>
    <freejoint name="sphere_normal_67"/>
    <geom mesh="sphere_normal_67" name="sphere_normal_67_geom" type="mesh"/>
  </body>
  <body name="sphere_normal_66" pos="0 0 0">
    <inertial diaginertia="0.00010914049238268358 0.00010914049238268358 0.00010914049238268358" mass="0.10538809281498064" pos="0 0 0" quat="1 0 0 0"/>
    <freejoint name="sphere_normal_66"/>
    <geom mesh="sphere_normal_66" name="sphere_normal_66_geom" type="mesh"/>
  </body>
  <body name="sphere_normal_65" pos="0 0 0">
    <inertial diaginertia="0.00011233151974036822 0.00011233151974036822 0.00011233151974036822" mass="0.10722621616120495" pos="0 0 0" quat="1 0 0 0"/>
    <freejoint name="sphere_normal_65"/>
    <geom mesh="sphere_normal_65" name="sphere_normal_65_geom" type="mesh"/>
  </body>
  <body name="sphere_normal_64" pos="0 0 0">
    <inertial diaginertia="0.00011559675331741151 0.00011559675331741151 0.00011559675331741151" mass="0.10908558925300221" pos="0 0 0" quat="1 0 0 0"/>
    <freejoint name="sphere_normal_64"/>
    <geom mesh="sphere_normal_64" name="sphere_normal_64_geom" type="mesh"/>
  </body>
  <body name="sphere_normal_63" pos="0 0 0">
    <inertial diaginertia="0.00011893747988424179 0.00011893747988424179 0.00011893747988424179" mass="0.11096633421534699" pos="0 0 0" quat="1 0 0 0"/>
    <freejoint name="sphere_normal_63"/>
    <geom mesh="sphere_normal_63" name="sphere_normal_63_geom" type="mesh"/>
  </body>
  <body name="sphere_normal_62" pos="0 0 0">
    <inertial diaginertia="0.00012235500100150925 0.00012235500100150925 0.00012235500100150925" mass="0.11286857317321389" pos="0 0 0" quat="1 0 0 0"/>
    <freejoint name="sphere_normal_62"/>
    <geom mesh="sphere_normal_62" name="sphere_normal_62_geom" type="mesh"/>
  </body>
  <body name="sphere_normal_61" pos="0 0 0">
    <inertial diaginertia="0.0001258506331046013 0.0001258506331046013 0.0001258506331046013" mass="0.1147924282515774" pos="0 0 0" quat="1 0 0 0"/>
    <freejoint name="sphere_normal_61"/>
    <geom mesh="sphere_normal_61" name="sphere_normal_61_geom" type="mesh"/>
  </body>
  <body name="sphere_normal_60" pos="0 0 0">
    <inertial diaginertia="0.00012942570758815846 0.00012942570758815846 0.00012942570758815846" mass="0.11673802157541212" pos="0 0 0" quat="1 0 0 0"/>
    <freejoint name="sphere_normal_60"/>
    <geom mesh="sphere_normal_60" name="sphere_normal_60_geom" type="mesh"/>
  </body>
  <body name="sphere_normal_59" pos="0 0 0">
    <inertial diaginertia="0.00013308157089058956 0.00013308157089058956 0.00013308157089058956" mass="0.11870547526969258" pos="0 0 0" quat="1 0 0 0"/>
    <freejoint name="sphere_normal_59"/>
    <geom mesh="sphere_normal_59" name="sphere_normal_59_geom" type="mesh"/>
  </body>
  <body name="sphere_normal_58" pos="0 0 0">
    <inertial diaginertia="0.00013681958457858787 0.00013681958457858787 0.00013681958457858787" mass="0.12069491145939344" pos="0 0 0" quat="1 0 0 0"/>
    <freejoint name="sphere_normal_58"/>
    <geom mesh="sphere_normal_58" name="sphere_normal_58_geom" type="mesh"/>
  </body>
  <body name="sphere_normal_57" pos="0 0 0">
    <inertial diaginertia="0.00014064112543164556 0.00014064112543164556 0.00014064112543164556" mass="0.1227064522694891" pos="0 0 0" quat="1 0 0 0"/>
    <freejoint name="sphere_normal_57"/>
    <geom mesh="sphere_normal_57" name="sphere_normal_57_geom" type="mesh"/>
  </body>
  <body name="sphere_normal_56" pos="0 0 0">
    <inertial diaginertia="0.00014454758552657064 0.00014454758552657064 0.00014454758552657064" mass="0.1247402198249542" pos="0 0 0" quat="1 0 0 0"/>
    <freejoint name="sphere_normal_56"/>
    <geom mesh="sphere_normal_56" name="sphere_normal_56_geom" type="mesh"/>
  </body>
  <body name="sphere_normal_55" pos="0 0 0">
    <inertial diaginertia="0.00014854037232200142 0.00014854037232200142 0.00014854037232200142" mass="0.12679633625076325" pos="0 0 0" quat="1 0 0 0"/>
    <freejoint name="sphere_normal_55"/>
    <geom mesh="sphere_normal_55" name="sphere_normal_55_geom" type="mesh"/>
  </body>
  <body name="sphere_normal_54" pos="0 0 0">
    <inertial diaginertia="0.00015262090874292267 0.00015262090874292267 0.00015262090874292267" mass="0.12887492367189088" pos="0 0 0" quat="1 0 0 0"/>
    <freejoint name="sphere_normal_54"/>
    <geom mesh="sphere_normal_54" name="sphere_normal_54_geom" type="mesh"/>
  </body>
  <body name="sphere_normal_53" pos="0 0 0">
    <inertial diaginertia="0.00015679063326518088 0.00015679063326518088 0.00015679063326518088" mass="0.1309761042133116" pos="0 0 0" quat="1 0 0 0"/>
    <freejoint name="sphere_normal_53"/>
    <geom mesh="sphere_normal_53" name="sphere_normal_53_geom" type="mesh"/>
  </body>
  <body name="sphere_normal_52" pos="0 0 0">
    <inertial diaginertia="0.00016105099999999992 0.00016105099999999992 0.00016105099999999992" mass="0.13309999999999994" pos="0 0 0" quat="1 0 0 0"/>
    <freejoint name="sphere_normal_52"/>
    <geom mesh="sphere_normal_52" name="sphere_normal_52_geom" type="mesh"/>
  </body>
  <body name="sphere_normal_51" pos="0 0 0">
    <inertial diaginertia="0.00016540347877849661 0.00016540347877849661 0.00016540347877849661" mass="0.13524673315693053" pos="0 0 0" quat="1 0 0 0"/>
    <freejoint name="sphere_normal_51"/>
    <geom mesh="sphere_normal_51" name="sphere_normal_51_geom" type="mesh"/>
  </body>
  <body name="sphere_normal_50" pos="0 0 0">
    <inertial diaginertia="0.0001698495552361964 0.0001698495552361964 0.0001698495552361964" mass="0.13741642580907798" pos="0 0 0" quat="1 0 0 0"/>
    <freejoint name="sphere_normal_50"/>
    <geom mesh="sphere_normal_50" name="sphere_normal_50_geom" type="mesh"/>
  </body>
  <body name="sphere_normal_49" pos="0 0 0">
    <inertial diaginertia="0.00017439073089754818 0.00017439073089754818 0.00017439073089754818" mass="0.13960920008141667" pos="0 0 0" quat="1 0 0 0"/>
    <freejoint name="sphere_normal_49"/>
    <geom mesh="sphere_normal_49" name="sphere_normal_49_geom" type="mesh"/>
  </body>
  <body name="sphere_normal_48" pos="0 0 0">
    <inertial diaginertia="0.0001790285232604411 0.0001790285232604411 0.0001790285232604411" mass="0.14182517809892126" pos="0 0 0" quat="1 0 0 0"/>
    <freejoint name="sphere_normal_48"/>
    <geom mesh="sphere_normal_48" name="sphere_normal_48_geom" type="mesh"/>
  </body>
  <body name="sphere_normal_47" pos="0 0 0">
    <inertial diaginertia="0.00018376446588071898 0.00018376446588071898 0.00018376446588071898" mass="0.14406448198656624" pos="0 0 0" quat="1 0 0 0"/>
    <freejoint name="sphere_normal_47"/>
    <geom mesh="sphere_normal_47" name="sphere_normal_47_geom" type="mesh"/>
  </body>
  <body name="sphere_normal_46" pos="0 0 0">
    <inertial diaginertia="0.00018860010845669667 0.00018860010845669667 0.00018860010845669667" mass="0.14632723386932628" pos="0 0 0" quat="1 0 0 0"/>
    <freejoint name="sphere_normal_46"/>
    <geom mesh="sphere_normal_46" name="sphere_normal_46_geom" type="mesh"/>
  </body>
  <body name="sphere_normal_45" pos="0 0 0">
    <inertial diaginertia="0.0001935370169136751 0.0001935370169136751 0.0001935370169136751" mass="0.14861355587217584" pos="0 0 0" quat="1 0 0 0"/>
    <freejoint name="sphere_normal_45"/>
    <geom mesh="sphere_normal_45" name="sphere_normal_45_geom" type="mesh"/>
  </body>
  <body name="sphere_normal_44" pos="0 0 0">
    <inertial diaginertia="0.00019857677348845688 0.00019857677348845688 0.00019857677348845688" mass="0.15092357012008953" pos="0 0 0" quat="1 0 0 0"/>
    <freejoint name="sphere_normal_44"/>
    <geom mesh="sphere_normal_44" name="sphere_normal_44_geom" type="mesh"/>
  </body>
  <body name="sphere_normal_43" pos="0 0 0">
    <inertial diaginertia="0.00020372097681386223 0.00020372097681386223 0.00020372097681386223" mass="0.1532573987380419" pos="0 0 0" quat="1 0 0 0"/>
    <freejoint name="sphere_normal_43"/>
    <geom mesh="sphere_normal_43" name="sphere_normal_43_geom" type="mesh"/>
  </body>
  <body name="sphere_normal_42" pos="0 0 0">
    <inertial diaginertia="0.00020897124200324393 0.00020897124200324393 0.00020897124200324393" mass="0.1556151638510075" pos="0 0 0" quat="1 0 0 0"/>
    <freejoint name="sphere_normal_42"/>
    <geom mesh="sphere_normal_42" name="sphere_normal_42_geom" type="mesh"/>
  </body>
  <body name="sphere_normal_41" pos="0 0 0">
    <inertial diaginertia="0.00021432920073500352 0.00021432920073500352 0.00021432920073500352" mass="0.15799698758396089" pos="0 0 0" quat="1 0 0 0"/>
    <freejoint name="sphere_normal_41"/>
    <geom mesh="sphere_normal_41" name="sphere_normal_41_geom" type="mesh"/>
  </body>
  <body name="sphere_normal_40" pos="0 0 0">
    <inertial diaginertia="0.0002197965013371064 0.0002197965013371064 0.0002197965013371064" mass="0.1604029920618766" pos="0 0 0" quat="1 0 0 0"/>
    <freejoint name="sphere_normal_40"/>
    <geom mesh="sphere_normal_40" name="sphere_normal_40_geom" type="mesh"/>
  </body>
  <body name="sphere_normal_39" pos="0 0 0">
    <inertial diaginertia="0.00022537480887159747 0.00022537480887159747 0.00022537480887159747" mass="0.1628332994097292" pos="0 0 0" quat="1 0 0 0"/>
    <freejoint name="sphere_normal_39"/>
    <geom mesh="sphere_normal_39" name="sphere_normal_39_geom" type="mesh"/>
  </body>
  <body name="sphere_normal_38" pos="0 0 0">
    <inertial diaginertia="0.00023106580521911705 0.00023106580521911705 0.00023106580521911705" mass="0.16528803175249332" pos="0 0 0" quat="1 0 0 0"/>
    <freejoint name="sphere_normal_38"/>
    <geom mesh="sphere_normal_38" name="sphere_normal_38_geom" type="mesh"/>
  </body>
  <body name="sphere_normal_37" pos="0 0 0">
    <inertial diaginertia="0.00023687118916341585 0.00023687118916341585 0.00023687118916341585" mass="0.16776731121514352" pos="0 0 0" quat="1 0 0 0"/>
    <freejoint name="sphere_normal_37"/>
    <geom mesh="sphere_normal_37" name="sphere_normal_37_geom" type="mesh"/>
  </body>
  <body name="sphere_normal_36" pos="0 0 0">
    <inertial diaginertia="0.00024279267647587044 0.00024279267647587044 0.00024279267647587044" mass="0.17027125992265416" pos="0 0 0" quat="1 0 0 0"/>
    <freejoint name="sphere_normal_36"/>
    <geom mesh="sphere_normal_36" name="sphere_normal_36_geom" type="mesh"/>
  </body>
  <body name="sphere_normal_35" pos="0 0 0">
    <inertial diaginertia="0.000248832 0.000248832 0.000248832" mass="0.17279999999999998" pos="0 0 0" quat="1 0 0 0"/>
    <freejoint name="sphere_normal_35"/>
    <geom mesh="sphere_normal_35" name="sphere_normal_35_geom" type="mesh"/>
  </body>
  <body name="sphere_normal_34" pos="0 0 0">
    <inertial diaginertia="0.0002549909097359805 0.0002549909097359805 0.0002549909097359805" mass="0.17535365357215552" pos="0 0 0" quat="1 0 0 0"/>
    <freejoint name="sphere_normal_34"/>
    <geom mesh="sphere_normal_34" name="sphere_normal_34_geom" type="mesh"/>
  </body>
  <body name="sphere_normal_33" pos="0 0 0">
    <inertial diaginertia="0.00026127117292516067 0.00026127117292516067 0.00026127117292516067" mass="0.17793234276409522" pos="0 0 0" quat="1 0 0 0"/>
    <freejoint name="sphere_normal_33"/>
    <geom mesh="sphere_normal_33" name="sphere_normal_33_geom" type="mesh"/>
  </body>
  <body name="sphere_normal_32" pos="0 0 0">
    <inertial diaginertia="0.00026767457413457834 0.00026767457413457834 0.00026767457413457834" mass="0.18053618970079377" pos="0 0 0" quat="1 0 0 0"/>
    <freejoint name="sphere_normal_32"/>
    <geom mesh="sphere_normal_32" name="sphere_normal_32_geom" type="mesh"/>
  </body>
  <body name="sphere_normal_31" pos="0 0 0">
    <inertial diaginertia="0.0002742029153414744 0.0002742029153414744 0.0002742029153414744" mass="0.18316531650722567" pos="0 0 0" quat="1 0 0 0"/>
    <freejoint name="sphere_normal_31"/>
    <geom mesh="sphere_normal_31" name="sphere_normal_31_geom" type="mesh"/>
  </body>
  <body name="sphere_normal_30" pos="0 0 0">
    <inertial diaginertia="0.00028085801601781006 0.00028085801601781006 0.00028085801601781006" mass="0.18581984530836548" pos="0 0 0" quat="1 0 0 0"/>
    <freejoint name="sphere_normal_30"/>
    <geom mesh="sphere_normal_30" name="sphere_normal_30_geom" type="mesh"/>
  </body>
  <body name="sphere_normal_29" pos="0 0 0">
    <inertial diaginertia="0.0002876417132147814 0.0002876417132147814 0.0002876417132147814" mass="0.1884998982291878" pos="0 0 0" quat="1 0 0 0"/>
    <freejoint name="sphere_normal_29"/>
    <geom mesh="sphere_normal_29" name="sphere_normal_29_geom" type="mesh"/>
  </body>
  <body name="sphere_normal_28" pos="0 0 0">
    <inertial diaginertia="0.0002945558616473351 0.0002945558616473351 0.0002945558616473351" mass="0.19120559739466725" pos="0 0 0" quat="1 0 0 0"/>
    <freejoint name="sphere_normal_28"/>
    <geom mesh="sphere_normal_28" name="sphere_normal_28_geom" type="mesh"/>
  </body>
  <body name="sphere_normal_27" pos="0 0 0">
    <inertial diaginertia="0.0003016023337786834 0.0003016023337786834 0.0003016023337786834" mass="0.19393706492977814" pos="0 0 0" quat="1 0 0 0"/>
    <freejoint name="sphere_normal_27"/>
    <geom mesh="sphere_normal_27" name="sphere_normal_27_geom" type="mesh"/>
  </body>
  <body name="sphere_normal_26" pos="0 0 0">
    <inertial diaginertia="0.0003087830199048215 0.0003087830199048215 0.0003087830199048215" mass="0.19669442295949524" pos="0 0 0" quat="1 0 0 0"/>
    <freejoint name="sphere_normal_26"/>
    <geom mesh="sphere_normal_26" name="sphere_normal_26_geom" type="mesh"/>
  </body>
  <body name="sphere_normal_25" pos="0 0 0">
    <inertial diaginertia="0.000316099828239041 0.000316099828239041 0.000316099828239041" mass="0.199477793608793" pos="0 0 0" quat="1 0 0 0"/>
    <freejoint name="sphere_normal_25"/>
    <geom mesh="sphere_normal_25" name="sphere_normal_25_geom" type="mesh"/>
  </body>
  <body name="sphere_normal_24" pos="0 0 0">
    <inertial diaginertia="0.0003235546849964467 0.0003235546849964467 0.0003235546849964467" mass="0.202287299002646" pos="0 0 0" quat="1 0 0 0"/>
    <freejoint name="sphere_normal_24"/>
    <geom mesh="sphere_normal_24" name="sphere_normal_24_geom" type="mesh"/>
  </body>
  <body name="sphere_normal_23" pos="0 0 0">
    <inertial diaginertia="0.00033114953447847204 0.00033114953447847204 0.00033114953447847204" mass="0.20512306126602886" pos="0 0 0" quat="1 0 0 0"/>
    <freejoint name="sphere_normal_23"/>
    <geom mesh="sphere_normal_23" name="sphere_normal_23_geom" type="mesh"/>
  </body>
  <body name="sphere_normal_22" pos="0 0 0">
    <inertial diaginertia="0.000338886339157394 0.000338886339157394 0.000338886339157394" mass="0.2079852025239161" pos="0 0 0" quat="1 0 0 0"/>
    <freejoint name="sphere_normal_22"/>
    <geom mesh="sphere_normal_22" name="sphere_normal_22_geom" type="mesh"/>
  </body>
  <body name="sphere_normal_21" pos="0 0 0">
    <inertial diaginertia="0.0003467670797608492 0.0003467670797608492 0.0003467670797608492" mass="0.21087384490128228" pos="0 0 0" quat="1 0 0 0"/>
    <freejoint name="sphere_normal_21"/>
    <geom mesh="sphere_normal_21" name="sphere_normal_21_geom" type="mesh"/>
  </body>
  <body name="sphere_normal_20" pos="0 0 0">
    <inertial diaginertia="0.0003547937553563492 0.0003547937553563492 0.0003547937553563492" mass="0.21378911052310193" pos="0 0 0" quat="1 0 0 0"/>
    <freejoint name="sphere_normal_20"/>
    <geom mesh="sphere_normal_20" name="sphere_normal_20_geom" type="mesh"/>
  </body>
  <body name="sphere_normal_19" pos="0 0 0">
    <inertial diaginertia="0.00036296838343579643 0.00036296838343579643 0.00036296838343579643" mass="0.2167311215143496" pos="0 0 0" quat="1 0 0 0"/>
    <freejoint name="sphere_normal_19"/>
    <geom mesh="sphere_normal_19" name="sphere_normal_19_geom" type="mesh"/>
  </body>
  <body name="sphere_normal_18" pos="0 0 0">
    <inertial diaginertia="0.00037129299999999975 0.00037129299999999975 0.00037129299999999975" mass="0.21969999999999992" pos="0 0 0" quat="1 0 0 0"/>
    <freejoint name="sphere_normal_18"/>
    <geom mesh="sphere_normal_18" name="sphere_normal_18_geom" type="mesh"/>
  </body>
  <body name="sphere_normal_17" pos="0 0 0">
    <inertial diaginertia="0.00037976965964318926 0.00037976965964318926 0.00037976965964318926" mass="0.2226958681050274" pos="0 0 0" quat="1 0 0 0"/>
    <freejoint name="sphere_normal_17"/>
    <geom mesh="sphere_normal_17" name="sphere_normal_17_geom" type="mesh"/>
  </body>
  <body name="sphere_normal_16" pos="0 0 0">
    <inertial diaginertia="0.0003884004356375327 0.0003884004356375327 0.0003884004356375327" mass="0.22571884795440672" pos="0 0 0" quat="1 0 0 0"/>
    <freejoint name="sphere_normal_16"/>
    <geom mesh="sphere_normal_16" name="sphere_normal_16_geom" type="mesh"/>
  </body>
  <body name="sphere_normal_15" pos="0 0 0">
    <inertial diaginertia="0.0003971874200176497 0.0003971874200176497 0.0003971874200176497" mass="0.22876906167311215" pos="0 0 0" quat="1 0 0 0"/>
    <freejoint name="sphere_normal_15"/>
    <geom mesh="sphere_normal_15" name="sphere_normal_15_geom" type="mesh"/>
  </body>
  <body name="sphere_normal_14" pos="0 0 0">
    <inertial diaginertia="0.0004061327236651297 0.0004061327236651297 0.0004061327236651297" mass="0.23184663138611844" pos="0 0 0" quat="1 0 0 0"/>
    <freejoint name="sphere_normal_14"/>
    <geom mesh="sphere_normal_14" name="sphere_normal_14_geom" type="mesh"/>
  </body>
  <body name="sphere_normal_13" pos="0 0 0">
    <inertial diaginertia="0.0004152384763930452 0.0004152384763930452 0.0004152384763930452" mass="0.23495167921840016" pos="0 0 0" quat="1 0 0 0"/>
    <freejoint name="sphere_normal_13"/>
    <geom mesh="sphere_normal_13" name="sphere_normal_13_geom" type="mesh"/>
  </body>
  <body name="sphere_normal_12" pos="0 0 0">
    <inertial diaginertia="0.0004245068270304684 0.0004245068270304684 0.0004245068270304684" mass="0.23808432729493176" pos="0 0 0" quat="1 0 0 0"/>
    <freejoint name="sphere_normal_12"/>
    <geom mesh="sphere_normal_12" name="sphere_normal_12_geom" type="mesh"/>
  </body>
  <body name="sphere_normal_11" pos="0 0 0">
    <inertial diaginertia="0.00043393994350698705 0.00043393994350698705 0.00043393994350698705" mass="0.24124469774068796" pos="0 0 0" quat="1 0 0 0"/>
    <freejoint name="sphere_normal_11"/>
    <geom mesh="sphere_normal_11" name="sphere_normal_11_geom" type="mesh"/>
  </body>
  <body name="sphere_normal_10" pos="0 0 0">
    <inertial diaginertia="0.0004435400129372182 0.0004435400129372182 0.0004435400129372182" mass="0.24443291268064316" pos="0 0 0" quat="1 0 0 0"/>
    <freejoint name="sphere_normal_10"/>
    <geom mesh="sphere_normal_10" name="sphere_normal_10_geom" type="mesh"/>
  </body>
  <body name="sphere_normal_9" pos="0 0 0">
    <inertial diaginertia="0.00045330924170532654 0.00045330924170532654 0.00045330924170532654" mass="0.24764909423977197" pos="0 0 0" quat="1 0 0 0"/>
    <freejoint name="sphere_normal_9"/>
    <geom mesh="sphere_normal_9" name="sphere_normal_9_geom" type="mesh"/>
  </body>
  <body name="sphere_normal_8" pos="0 0 0">
    <inertial diaginertia="0.00046324985554953746 0.00046324985554953746 0.00046324985554953746" mass="0.25089336454304895" pos="0 0 0" quat="1 0 0 0"/>
    <freejoint name="sphere_normal_8"/>
    <geom mesh="sphere_normal_8" name="sphere_normal_8_geom" type="mesh"/>
  </body>
  <body name="sphere_normal_7" pos="0 0 0">
    <inertial diaginertia="0.0004733640996466543 0.0004733640996466543 0.0004733640996466543" mass="0.2541658457154487" pos="0 0 0" quat="1 0 0 0"/>
    <freejoint name="sphere_normal_7"/>
    <geom mesh="sphere_normal_7" name="sphere_normal_7_geom" type="mesh"/>
  </body>
  <body name="sphere_normal_6" pos="0 0 0">
    <inertial diaginertia="0.000483654238696573 0.000483654238696573 0.000483654238696573" mass="0.2574666598819459" pos="0 0 0" quat="1 0 0 0"/>
    <freejoint name="sphere_normal_6"/>
    <geom mesh="sphere_normal_6" name="sphere_normal_6_geom" type="mesh"/>
  </body>
  <body name="sphere_normal_5" pos="0 0 0">
    <inertial diaginertia="0.0004941225570067973 0.0004941225570067973 0.0004941225570067973" mass="0.26079592916751476" pos="0 0 0" quat="1 0 0 0"/>
    <freejoint name="sphere_normal_5"/>
    <geom mesh="sphere_normal_5" name="sphere_normal_5_geom" type="mesh"/>
  </body>
  <body name="sphere_normal_4" pos="0 0 0">
    <inertial diaginertia="0.0005047713585769553 0.0005047713585769553 0.0005047713585769553" mass="0.26415377569713006" pos="0 0 0" quat="1 0 0 0"/>
    <freejoint name="sphere_normal_4"/>
    <geom mesh="sphere_normal_4" name="sphere_normal_4_geom" type="mesh"/>
  </body>
  <body name="sphere_normal_3" pos="0 0 0">
    <inertial diaginertia="0.000515602967183315 0.000515602967183315 0.000515602967183315" mass="0.26754032159576635" pos="0 0 0" quat="1 0 0 0"/>
    <freejoint name="sphere_normal_3"/>
    <geom mesh="sphere_normal_3" name="sphere_normal_3_geom" type="mesh"/>
  </body>
  <body name="sphere_normal_2" pos="0 0 0">
    <inertial diaginertia="0.0005266197264632987 0.0005266197264632987 0.0005266197264632987" mass="0.2709556889883981" pos="0 0 0" quat="1 0 0 0"/>
    <freejoint name="sphere_normal_2"/>
    <geom mesh="sphere_normal_2" name="sphere_normal_2_geom" type="mesh"/>
  </body>
  <body name="sphere_normal_1" pos="0 0 0">
    <inertial diaginertia="0.0005378239999999999 0.0005378239999999999 0.0005378239999999999" mass="0.2744" pos="0 0 0" quat="1 0 0 0"/>
    <freejoint name="sphere_normal_1"/>
    <geom mesh="sphere_normal_1" name="sphere_normal_1_geom" type="mesh"/>
  </body>
  <!-- define the ground (it's important to do this after 'create_all') -->
  <body name="ground" pos="0 0 0">
    <geom name="ground_geom" size="1 1 1" type="plane"/>
  </body>
</mujoco>

